url_length,hostname_length,path_length,num_dots,num_hyphens,num_underscores,num_slashes,num_digits,num_special_chars,num_subdomains,num_query_params,is_ip,has_at_symbol,has_https,num_suspicious_keywords,entropy,has_double_slash_redirect,has_encoding,digit_ratio,is_shortened,domain_has_hyphen,tld_suspicious,path_depth,label,url
40.0,11.0,21.0,1.0,1.0,0.0,4.0,0.0,0.0,0.0,0.0,0.0,0.0,1.0,0.0,4.0464,0.0,0.0,0.0,0.0,0.0,0.0,2.0,0,https://dropbox.com/docs/getting-started
48.0,32.0,8.0,2.0,2.0,0.0,3.0,0.0,0.0,1.0,0.0,0.0,0.0,1.0,1.0,4.3895,0.0,0.0,0.0,0.0,1.0,1.0,1.0,1,https://amazon-banking.service-byle.work/banking
33.0,14.0,11.0,2.0,1.0,0.0,3.0,0.0,0.0,1.0,0.0,0.0,0.0,1.0,0.0,3.9832,0.0,0.0,0.0,0.0,0.0,0.0,1.0,0,https://www.medium.com/contact-us
26.0,11.0,8.0,1.0,0.0,0.0,3.0,0.0,0.0,0.0,0.0,0.0,0.0,0.0,0.0,4.1039,0.0,0.0,0.0,1.0,0.0,0.0,1.0,1,http://tinyurl.com/bmnqsxb
21.0,13.0,0.0,2.0,0.0,0.0,2.0,0.0,0.0,1.0,0.0,0.0,0.0,1.0,0.0,3.7849,0.0,0.0,0.0,0.0,0.0,0.0,0.0,0,https://www.quora.com
27.0,7.0,12.0,1.0,0.0,0.0,4.0,0.0,0.0,0.0,0.0,0.0,0.0,1.0,0.0,3.7179,0.0,0.0,0.0,0.0,0.0,0.0,2.0,0,https://usa.gov/news/latest
23.0,9.0,6.0,2.0,0.0,0.0,3.0,0.0,0.0,1.0,0.0,0.0,0.0,1.0,0.0,3.5555,0.0,0.0,0.0,0.0,0.0,0.0,1.0,0,https://bbc.co.uk/about
50.0,34.0,9.0,2.0,2.0,0.0,3.0,5.0,0.0,1.0,0.0,0.0,0.0,0.0,1.0,4.3966,0.0,0.0,0.1,0.0,1.0,1.0,1.0,1,http://office365-password.online-tu16.top/password
30.0,14.0,8.0,2.0,0.0,0.0,3.0,0.0,0.0,1.0,0.0,0.0,0.0,1.0,0.0,3.9396,0.0,0.0,0.0,0.0,0.0,0.0,1.0,0,https://www.reddit.com/pricing
56.0,21.0,13.0,1.0,1.0,0.0,4.0,7.0,2.0,0.0,1.0,0.0,0.0,1.0,1.0,4.5396,0.0,0.0,0.125,0.0,1.0,1.0,2.0,1,https://sksyr67t-wallet.click/chase/wallet?id=3x2k9x5vw7
43.0,24.0,12.0,2.0,2.0,0.0,3.0,1.0,0.0,0.0,0.0,0.0,0.0,0.0,1.0,4.2284,0.0,0.0,0.0233,0.0,1.0,0.0,1.0,1,http://google-banking-fq8pc.com/banking.php
17.0,9.0,0.0,1.0,0.0,0.0,2.0,0.0,0.0,0.0,0.0,0.0,0.0,1.0,0.0,3.7345,0.0,0.0,0.0,0.0,0.0,0.0,0.0,0,https://quora.com
31.0,12.0,11.0,2.0,1.0,0.0,3.0,0.0,0.0,1.0,0.0,0.0,0.0,1.0,0.0,3.8371,0.0,0.0,0.0,0.0,0.0,0.0,1.0,0,https://www.etsy.com/contact-us
46.0,17.0,21.0,2.0,1.0,0.0,4.0,0.0,0.0,1.0,0.0,0.0,0.0,1.0,0.0,4.0338,0.0,0.0,0.0,0.0,0.0,0.0,2.0,0,https://www.wikipedia.org/docs/getting-started
34.0,14.0,12.0,2.0,0.0,0.0,4.0,0.0,0.0,1.0,0.0,0.0,0.0,1.0,0.0,3.8781,0.0,0.0,0.0,0.0,0.0,0.0,2.0,0,https://www.reddit.com/news/latest
59.0,22.0,16.0,1.0,1.0,0.0,4.0,5.0,2.0,0.0,1.0,0.0,0.0,0.0,1.0,4.5627,0.0,0.0,0.0847,0.0,1.0,1.0,2.0,1,http://idql7ylk-password.info/amazon/password?id=0iay0ze30l
28.0,14.0,6.0,2.0,0.0,0.0,3.0,0.0,0.0,1.0,0.0,0.0,0.0,1.0,0.0,3.8154,0.0,0.0,0.0,0.0,0.0,0.0,1.0,0,https://www.amazon.com/about
23.0,14.0,1.0,2.0,0.0,0.0,3.0,0.0,0.0,1.0,0.0,0.0,0.0,1.0,0.0,3.6753,0.0,0.0,0.0,0.0,0.0,0.0,0.0,0,https://www.office.com/
34.0,18.0,8.0,2.0,0.0,0.0,3.0,0.0,0.0,1.0,0.0,0.0,0.0,1.0,0.0,4.0353,0.0,0.0,0.0,0.0,0.0,0.0,1.0,0,https://www.cloudflare.com/careers
50.0,35.0,7.0,2.0,2.0,0.0,3.0,0.0,0.0,1.0,0.0,0.0,0.0,1.0,1.0,4.3133,0.0,0.0,0.0,0.0,1.0,1.0,1.0,1,https://wellsfargo-unlock.portal-bjwu.click/unlock
28.0,11.0,9.0,1.0,0.0,0.0,3.0,0.0,0.0,0.0,0.0,0.0,0.0,1.0,0.0,3.6515,0.0,0.0,0.0,0.0,0.0,0.0,1.0,0,https://outlook.com/products
56.0,20.0,14.0,1.0,1.0,0.0,4.0,4.0,2.0,0.0,1.0,0.0,0.0,1.0,1.0,4.6773,0.0,0.0,0.0714,0.0,1.0,1.0,2.0,1,https://fbyj3eun-banking.top/apple/banking?id=glnqvwd169
19.0,11.0,0.0,2.0,0.0,0.0,2.0,0.0,0.0,1.0,0.0,0.0,0.0,1.0,0.0,3.4714,0.0,0.0,0.0,0.0,0.0,0.0,0.0,0,https://www.npr.org
38.0,9.0,21.0,1.0,1.0,0.0,4.0,0.0,0.0,0.0,0.0,0.0,0.0,1.0,0.0,3.9053,0.0,0.0,0.0,0.0,0.0,0.0,2.0,0,https://chase.com/docs/getting-started
35.0,13.0,14.0,1.0,0.0,0.0,5.0,1.0,0.0,0.0,0.0,0.0,0.0,1.0,0.0,3.8186,0.0,0.0,0.0286,0.0,0.0,0.0,3.0,0,https://pinterest.com/api/v1/status
20.0,5.0,8.0,1.0,0.0,0.0,3.0,2.0,0.0,0.0,0.0,0.0,0.0,0.0,0.0,3.8842,0.0,0.0,0.1,1.0,0.0,0.0,1.0,1,http://is.gd/90cgyjw
42.0,13.0,21.0,2.0,1.0,0.0,4.0,0.0,0.0,1.0,0.0,0.0,0.0,1.0,0.0,4.112,0.0,0.0,0.0,0.0,0.0,0.0,2.0,0,https://www.figma.com/docs/getting-started
41.0,12.0,22.0,3.0,0.0,0.0,5.0,9.0,0.0,0.0,0.0,1.0,0.0,0.0,1.0,4.4034,0.0,0.0,0.2195,0.0,0.0,0.0,3.0,1,http://24.166.102.4/secure/microsoft/jvln
46.0,27.0,12.0,2.0,2.0,0.0,3.0,4.0,0.0,0.0,0.0,0.0,0.0,0.0,1.0,4.2077,0.0,0.0,0.087,0.0,1.0,0.0,1.0,1,http://office365-account-2njas.com/account.php
32.0,7.0,17.0,1.0,0.0,0.0,4.0,0.0,0.0,0.0,0.0,0.0,0.0,1.0,1.0,3.8011,0.0,0.0,0.0,0.0,0.0,0.0,2.0,0,https://zoom.us/account/settings
34.0,9.0,17.0,1.0,0.0,0.0,4.0,0.0,0.0,0.0,0.0,0.0,0.0,1.0,1.0,3.8636,0.0,0.0,0.0,0.0,0.0,0.0,2.0,0,https://slack.com/account/settings
44.0,26.0,11.0,2.0,2.0,0.0,3.0,2.0,0.0,0.0,0.0,0.0,0.0,0.0,1.0,4.2201,0.0,0.0,0.0455,0.0,1.0,0.0,1.0,1,http://instagram-secure-8r4uj.com/secure.php
43.0,14.0,22.0,3.0,0.0,0.0,5.0,11.0,0.0,0.0,0.0,1.0,0.0,0.0,1.0,4.499,0.0,0.0,0.2558,0.0,0.0,0.0,3.0,1,http://165.110.225.73/banking/facebook/jbux
45.0,25.0,12.0,2.0,2.0,0.0,3.0,0.0,0.0,0.0,0.0,0.0,0.0,1.0,1.0,4.1088,0.0,0.0,0.0,0.0,1.0,0.0,1.0,1,https://netflix-billing-zszth.com/billing.php
38.0,13.0,17.0,2.0,0.0,0.0,4.0,0.0,0.0,1.0,0.0,0.0,0.0,1.0,1.0,3.9682,0.0,0.0,0.0,0.0,0.0,0.0,2.0,0,https://www.apple.com/account/settings
47.0,26.0,13.0,2.0,2.0,0.0,3.0,1.0,0.0,0.0,0.0,0.0,0.0,1.0,1.0,4.2304,0.0,0.0,0.0213,0.0,1.0,0.0,1.0,1,https://netflix-password-5fdad.com/password.php
57.0,18.0,17.0,1.0,1.0,0.0,4.0,5.0,2.0,0.0,1.0,0.0,0.0,1.0,1.0,4.7209,0.0,0.0,0.0877,0.0,1.0,1.0,2.0,1,https://1atqnjsb-update.cf/instagram/update?id=b0fx3j2y9k
26.0,10.0,8.0,1.0,0.0,0.0,3.0,0.0,0.0,0.0,0.0,0.0,0.0,1.0,0.0,3.9022,0.0,0.0,0.0,0.0,0.0,0.0,1.0,0,https://paypal.com/pricing
34.0,14.0,12.0,2.0,0.0,0.0,4.0,0.0,0.0,1.0,0.0,0.0,0.0,1.0,0.0,3.7826,0.0,0.0,0.0,0.0,0.0,0.0,2.0,0,https://www.python.org/news/latest
25.0,17.0,0.0,1.0,0.0,0.0,2.0,0.0,0.0,0.0,0.0,0.0,0.0,1.0,0.0,4.0235,0.0,0.0,0.0,0.0,0.0,0.0,0.0,0,https://stackoverflow.com
40.0,15.0,18.0,3.0,0.0,0.0,5.0,13.0,0.0,0.0,0.0,1.0,0.0,0.0,1.0,4.1128,0.0,0.0,0.325,0.0,0.0,0.0,3.0,1,http://253.131.250.252/unlock/chase/au5o
43.0,23.0,12.0,2.0,2.0,0.0,3.0,2.0,0.0,0.0,0.0,0.0,0.0,1.0,1.0,3.8683,0.0,0.0,0.0465,0.0,1.0,0.0,1.0,1,https://apple-recover-r3p3l.com/recover.php
50.0,34.0,8.0,2.0,2.0,0.0,3.0,0.0,0.0,1.0,0.0,0.0,0.0,1.0,1.0,4.3382,0.0,0.0,0.0,0.0,1.0,1.0,1.0,1,https://microsoft-suspend.center-gyjl.work/suspend
25.0,9.0,8.0,1.0,0.0,0.0,3.0,0.0,0.0,0.0,0.0,0.0,0.0,1.0,0.0,3.5893,0.0,0.0,0.0,0.0,0.0,0.0,1.0,0,https://twitch.tv/careers
34.0,9.0,17.0,1.0,0.0,0.0,4.0,0.0,0.0,0.0,0.0,0.0,0.0,1.0,1.0,3.8192,0.0,0.0,0.0,0.0,0.0,0.0,2.0,0,https://npmjs.com/account/settings
21.0,6.0,8.0,1.0,0.0,0.0,3.0,4.0,0.0,0.0,0.0,0.0,0.0,0.0,0.0,3.8442,0.0,0.0,0.1905,1.0,0.0,0.0,1.0,1,http://bit.ly/75i90za
25.0,11.0,6.0,2.0,0.0,0.0,3.0,0.0,0.0,1.0,0.0,0.0,0.0,1.0,0.0,3.7533,0.0,0.0,0.0,0.0,0.0,0.0,1.0,0,https://www.npr.org/about
56.0,19.0,15.0,1.0,1.0,0.0,4.0,6.0,2.0,0.0,1.0,0.0,0.0,1.0,1.0,4.7025,0.0,0.0,0.1071,0.0,1.0,1.0,2.0,1,https://plf8gij5-banking.tk/google/banking?id=1rw3p73ceu
29.0,13.0,8.0,1.0,0.0,0.0,3.0,0.0,0.0,0.0,0.0,0.0,0.0,1.0,0.0,3.9228,0.0,0.0,0.0,0.0,0.0,0.0,1.0,0,https://wikipedia.org/pricing
36.0,11.0,17.0,1.0,0.0,0.0,4.0,0.0,0.0,0.0,0.0,0.0,0.0,1.0,1.0,3.8083,0.0,0.0,0.0,0.0,0.0,0.0,2.0,0,https://nytimes.com/account/settings
39.0,25.0,6.0,2.0,2.0,0.0,3.0,0.0,0.0,1.0,0.0,0.0,0.0,1.0,1.0,4.2336,0.0,0.0,0.0,0.0,1.0,1.0,1.0,1,https://amazon-login.auth-yoxz.cf/login
45.0,26.0,12.0,2.0,2.0,0.0,3.0,1.0,0.0,0.0,0.0,0.0,0.0,0.0,1.0,4.17,0.0,0.0,0.0222,0.0,1.0,0.0,1.0,1,http://facebook-suspend-ys1nn.com/suspend.php
44.0,29.0,8.0,2.0,2.0,0.0,3.0,0.0,0.0,1.0,0.0,0.0,0.0,0.0,1.0,4.1896,0.0,0.0,0.0,0.0,1.0,1.0,1.0,1,http://coinbase-billing.team-ypcq.tk/billing
42.0,23.0,12.0,2.0,2.0,0.0,3.0,2.0,0.0,0.0,0.0,0.0,0.0,0.0,1.0,4.1096,0.0,0.0,0.0476,0.0,1.0,0.0,1.0,1,http://apple-invoice-g86ow.com/invoice.php
18.0,9.0,1.0,1.0,0.0,0.0,3.0,0.0,0.0,0.0,0.0,0.0,0.0,1.0,0.0,3.4613,0.0,0.0,0.0,0.0,0.0,0.0,0.0,0,https://chase.com/
42.0,14.0,21.0,3.0,0.0,0.0,5.0,13.0,0.0,0.0,0.0,1.0,0.0,0.0,1.0,4.4609,0.0,0.0,0.3095,0.0,0.0,0.0,3.0,1,http://243.68.140.109/secure/facebook/8pz9
33.0,8.0,17.0,1.0,0.0,0.0,4.0,0.0,0.0,0.0,0.0,0.0,0.0,1.0,1.0,3.7636,0.0,0.0,0.0,0.0,0.0,0.0,2.0,0,https://etsy.com/account/settings
34.0,14.0,12.0,1.0,0.0,0.0,4.0,0.0,0.0,0.0,0.0,0.0,0.0,1.0,0.0,3.9254,0.0,0.0,0.0,0.0,0.0,0.0,2.0,0,https://wellsfargo.com/news/latest
41.0,12.0,22.0,3.0,0.0,0.0,5.0,10.0,0.0,0.0,0.0,1.0,0.0,0.0,1.0,4.4154,0.0,0.0,0.2439,0.0,0.0,0.0,3.0,1,http://161.4.238.50/billing/coinbase/rs1t
40.0,26.0,7.0,2.0,2.0,0.0,3.0,0.0,0.0,1.0,0.0,0.0,0.0,0.0,1.0,3.9776,0.0,0.0,0.0,0.0,1.0,1.0,1.0,1,http://paypal-signin.auth-sxwf.ga/signin
37.0,17.0,12.0,2.0,0.0,0.0,4.0,0.0,0.0,1.0,0.0,0.0,0.0,1.0,0.0,3.9156,0.0,0.0,0.0,0.0,0.0,0.0,2.0,0,https://www.wikipedia.org/news/latest
43.0,29.0,7.0,2.0,2.0,0.0,3.0,1.0,0.0,1.0,0.0,0.0,0.0,0.0,1.0,3.9431,0.0,0.0,0.0233,0.0,1.0,1.0,1.0,1,http://apple-wallet.online-ma6g.info/wallet
18.0,9.0,1.0,1.0,0.0,0.0,3.0,0.0,0.0,0.0,0.0,0.0,0.0,1.0,0.0,3.5724,0.0,0.0,0.0,0.0,0.0,0.0,0.0,0,https://slack.com/
56.0,19.0,16.0,1.0,1.0,0.0,4.0,10.0,2.0,0.0,1.0,0.0,0.0,0.0,1.0,4.7739,0.0,0.0,0.1786,0.0,1.0,1.0,2.0,1,http://v910du60-confirm.ga/netflix/confirm?id=282rtki5v6
44.0,26.0,11.0,2.0,2.0,0.0,3.0,4.0,0.0,0.0,0.0,0.0,0.0,0.0,1.0,4.2439,0.0,0.0,0.0909,0.0,1.0,0.0,1.0,1,http://office365-signin-nsx0k.com/signin.php
25.0,9.0,8.0,1.0,0.0,0.0,4.0,0.0,0.0,0.0,0.0,0.0,0.0,1.0,0.0,3.5737,0.0,0.0,0.0,0.0,0.0,0.0,2.0,0,https://apple.com/en/help
23.0,7.0,8.0,1.0,0.0,0.0,3.0,0.0,0.0,0.0,0.0,0.0,0.0,1.0,0.0,3.882,0.0,0.0,0.0,0.0,0.0,0.0,1.0,0,https://zoom.us/pricing
21.0,7.0,6.0,1.0,0.0,0.0,3.0,0.0,0.0,0.0,0.0,0.0,0.0,1.0,0.0,3.5226,0.0,0.0,0.0,0.0,0.0,0.0,1.0,0,https://zoom.us/about
35.0,14.0,13.0,1.0,0.0,0.0,4.0,0.0,0.0,0.0,0.0,0.0,0.0,1.0,0.0,3.8861,0.0,0.0,0.0,0.0,0.0,0.0,2.0,0,https://salesforce.com/user/profile
25.0,8.0,9.0,1.0,0.0,0.0,3.0,0.0,0.0,0.0,0.0,0.0,0.0,1.0,0.0,3.9435,0.0,0.0,0.0,0.0,0.0,0.0,1.0,0,https://ebay.com/products
26.0,10.0,8.0,1.0,0.0,0.0,4.0,0.0,0.0,0.0,0.0,0.0,0.0,1.0,0.0,3.7962,0.0,0.0,0.0,0.0,0.0,0.0,2.0,0,https://reddit.com/en/help
46.0,26.0,12.0,2.0,2.0,0.0,3.0,3.0,0.0,0.0,0.0,0.0,0.0,1.0,1.0,4.0991,0.0,0.0,0.0652,0.0,1.0,0.0,1.0,1,https://facebook-account-383zc.com/account.php
22.0,14.0,0.0,2.0,0.0,0.0,2.0,0.0,0.0,1.0,0.0,0.0,0.0,1.0,0.0,3.6978,0.0,0.0,0.0,0.0,0.0,0.0,0.0,0,https://www.amazon.com
26.0,10.0,8.0,1.0,0.0,0.0,4.0,0.0,0.0,0.0,0.0,0.0,0.0,1.0,0.0,3.7004,0.0,0.0,0.0,0.0,0.0,0.0,2.0,0,https://paypal.com/en/help
40.0,11.0,21.0,2.0,1.0,0.0,4.0,0.0,0.0,1.0,0.0,0.0,0.0,1.0,0.0,3.9964,0.0,0.0,0.0,0.0,0.0,0.0,2.0,0,https://www.irs.gov/docs/getting-started
44.0,24.0,12.0,2.0,2.0,0.0,3.0,2.0,0.0,0.0,0.0,0.0,0.0,1.0,1.0,4.2544,0.0,0.0,0.0455,0.0,1.0,0.0,1.0,1,https://amazon-billing-w36ca.com/billing.php
23.0,14.0,1.0,1.0,0.0,0.0,3.0,0.0,0.0,0.0,0.0,0.0,0.0,1.0,0.0,3.7623,0.0,0.0,0.0,0.0,0.0,0.0,0.0,0,https://salesforce.com/
37.0,17.0,12.0,2.0,0.0,0.0,4.0,0.0,0.0,1.0,0.0,0.0,0.0,1.0,0.0,3.9023,0.0,0.0,0.0,0.0,0.0,0.0,2.0,0,https://www.microsoft.com/news/latest
45.0,29.0,8.0,2.0,2.0,0.0,3.0,2.0,0.0,1.0,0.0,0.0,0.0,1.0,1.0,4.2356,0.0,0.0,0.0444,0.0,1.0,1.0,1.0,1,https://amazon-confirm.portal-0i0u.ga/confirm
26.0,10.0,8.0,1.0,0.0,0.0,3.0,0.0,0.0,0.0,0.0,0.0,0.0,1.0,0.0,3.7962,0.0,0.0,0.0,0.0,0.0,0.0,1.0,0,https://amazon.com/careers
41.0,14.0,20.0,3.0,0.0,0.0,5.0,11.0,0.0,0.0,0.0,1.0,0.0,0.0,1.0,4.4826,0.0,0.0,0.2683,0.0,0.0,0.0,3.0,1,http://134.83.158.228/confirm/google/xkjs
58.0,20.0,16.0,1.0,1.0,0.0,4.0,6.0,2.0,0.0,1.0,0.0,0.0,1.0,1.0,4.565,0.0,0.0,0.1034,0.0,1.0,1.0,2.0,1,https://941kpbme-password.ga/paypal/password?id=egrl8h39xl
32.0,10.0,14.0,1.0,0.0,0.0,5.0,1.0,0.0,0.0,0.0,0.0,0.0,1.0,0.0,3.84,0.0,0.0,0.0312,0.0,0.0,0.0,3.0,0,https://medium.com/api/v1/status
27.0,11.0,8.0,1.0,0.0,0.0,4.0,0.0,0.0,0.0,0.0,0.0,0.0,1.0,0.0,3.6899,0.0,0.0,0.0,0.0,0.0,0.0,2.0,0,https://outlook.com/en/help
25.0,11.0,6.0,2.0,0.0,0.0,3.0,0.0,0.0,1.0,0.0,0.0,0.0,1.0,0.0,3.6431,0.0,0.0,0.0,0.0,0.0,0.0,1.0,0,https://www.zoom.us/about
41.0,23.0,11.0,2.0,2.0,0.0,3.0,0.0,0.0,0.0,0.0,0.0,0.0,0.0,1.0,4.1291,0.0,0.0,0.0,0.0,1.0,0.0,1.0,1,http://paypal-verify-hhyzg.com/verify.php
32.0,15.0,9.0,2.0,0.0,0.0,3.0,0.0,0.0,1.0,0.0,0.0,0.0,1.0,0.0,3.8431,0.0,0.0,0.0,0.0,0.0,0.0,1.0,0,https://www.dropbox.com/products
42.0,9.0,7.0,1.0,0.0,0.0,3.0,0.0,3.0,0.0,1.0,0.0,0.0,1.0,0.0,4.2345,0.0,0.0,0.0,0.0,0.0,0.0,1.0,0,https://quora.com/search?q=python+tutorial
41.0,9.0,24.0,2.0,1.0,0.0,5.0,4.0,0.0,1.0,0.0,0.0,0.0,1.0,0.0,4.2874,0.0,0.0,0.0976,0.0,0.0,0.0,3.0,0,https://bbc.co.uk/blog/2024/annual-report
33.0,11.0,14.0,1.0,0.0,0.0,5.0,1.0,0.0,0.0,0.0,0.0,0.0,1.0,0.0,4.0149,0.0,0.0,0.0303,0.0,0.0,0.0,3.0,0,https://netflix.com/api/v1/status
26.0,11.0,8.0,1.0,0.0,0.0,3.0,4.0,0.0,0.0,0.0,0.0,0.0,0.0,0.0,4.1808,0.0,0.0,0.1538,1.0,0.0,0.0,1.0,1,http://tinyurl.com/8qg59m5
43.0,25.0,11.0,2.0,2.0,0.0,3.0,1.0,0.0,0.0,0.0,0.0,0.0,0.0,1.0,4.3442,0.0,0.0,0.0233,0.0,1.0,0.0,1.0,1,http://facebook-verify-wdt1d.com/verify.php
43.0,11.0,24.0,2.0,1.0,0.0,5.0,4.0,0.0,1.0,0.0,0.0,0.0,1.0,0.0,4.3419,0.0,0.0,0.093,0.0,0.0,0.0,3.0,0,https://www.irs.gov/blog/2024/annual-report
57.0,19.0,16.0,1.0,1.0,0.0,4.0,3.0,2.0,0.0,1.0,0.0,0.0,1.0,1.0,4.7123,0.0,0.0,0.0526,0.0,1.0,1.0,2.0,1,https://wznmg3it-secure.top/coinbase/secure?id=anzq6fhl0y
23.0,15.0,0.0,2.0,0.0,0.0,2.0,0.0,0.0,1.0,0.0,0.0,0.0,1.0,0.0,3.9362,0.0,0.0,0.0,0.0,0.0,0.0,0.0,0,https://www.netflix.com
32.0,7.0,17.0,1.0,0.0,0.0,4.0,0.0,0.0,0.0,0.0,0.0,0.0,1.0,1.0,3.8042,0.0,0.0,0.0,0.0,0.0,0.0,2.0,0,https://mit.edu/account/settings
21.0,6.0,8.0,1.0,0.0,0.0,3.0,2.0,0.0,0.0,0.0,0.0,0.0,0.0,0.0,3.6178,0.0,0.0,0.0952,1.0,0.0,0.0,1.0,1,http://bit.ly/9irbi8f
30.0,21.0,1.0,2.0,0.0,0.0,3.0,0.0,0.0,1.0,0.0,0.0,0.0,1.0,0.0,3.9647,0.0,0.0,0.0,0.0,0.0,0.0,0.0,0,https://www.stackoverflow.com/
23.0,7.0,8.0,1.0,0.0,0.0,4.0,0.0,0.0,0.0,0.0,0.0,0.0,1.0,0.0,3.741,0.0,0.0,0.0,0.0,0.0,0.0,2.0,0,https://wsj.com/en/help
21.0,6.0,8.0,1.0,0.0,0.0,3.0,2.0,0.0,0.0,0.0,0.0,0.0,0.0,0.0,3.749,0.0,0.0,0.0952,1.0,0.0,0.0,1.0,1,http://bit.ly/19begio
44.0,14.0,23.0,3.0,0.0,0.0,5.0,13.0,0.0,0.0,0.0,1.0,0.0,0.0,1.0,4.3997,0.0,0.0,0.2955,0.0,0.0,0.0,3.0,1,http://174.144.129.80/account/instagram/2hl5
20.0,12.0,0.0,1.0,0.0,0.0,2.0,0.0,0.0,0.0,0.0,0.0,0.0,1.0,0.0,3.9219,0.0,0.0,0.0,0.0,0.0,0.0,0.0,0,https://linkedin.com
47.0,27.0,12.0,2.0,2.0,0.0,3.0,1.0,0.0,0.0,0.0,0.0,0.0,1.0,1.0,4.1292,0.0,0.0,0.0213,0.0,1.0,0.0,1.0,1,https://microsoft-account-dv8se.com/account.php
43.0,28.0,7.0,2.0,2.0,0.0,3.0,2.0,0.0,1.0,0.0,0.0,0.0,1.0,1.0,4.2374,0.0,0.0,0.0465,0.0,1.0,1.0,1.0,1,https://amazon-update.center-5j5o.gq/update
47.0,28.0,12.0,2.0,2.0,0.0,3.0,2.0,0.0,0.0,0.0,0.0,0.0,0.0,1.0,4.3518,0.0,0.0,0.0426,0.0,1.0,0.0,1.0,1,http://wellsfargo-confirm-xc8l0.com/confirm.php
31.0,15.0,8.0,2.0,0.0,0.0,3.0,0.0,0.0,1.0,0.0,0.0,0.0,1.0,0.0,3.9536,0.0,0.0,0.0,0.0,0.0,0.0,1.0,0,https://www.spotify.com/careers
21.0,6.0,8.0,1.0,0.0,0.0,3.0,1.0,0.0,0.0,0.0,0.0,0.0,0.0,0.0,3.713,0.0,0.0,0.0476,1.0,0.0,0.0,1.0,1,http://bit.ly/ll2ekdv
44.0,30.0,7.0,2.0,2.0,0.0,3.0,1.0,0.0,1.0,0.0,0.0,0.0,0.0,1.0,4.0157,0.0,0.0,0.0227,0.0,1.0,1.0,1.0,1,http://apple-update.portal-7qpg.click/update
16.0,7.0,1.0,1.0,0.0,0.0,3.0,0.0,0.0,0.0,0.0,0.0,0.0,1.0,0.0,3.4528,0.0,0.0,0.0,0.0,0.0,0.0,0.0,0,https://usa.gov/
41.0,14.0,20.0,3.0,0.0,0.0,5.0,13.0,0.0,0.0,0.0,1.0,0.0,0.0,1.0,4.2874,0.0,0.0,0.3171,0.0,0.0,0.0,3.0,1,http://168.45.175.233/billing/paypal/gy00
46.0,26.0,12.0,2.0,2.0,0.0,3.0,1.0,0.0,0.0,0.0,0.0,0.0,1.0,1.0,4.2925,0.0,0.0,0.0217,0.0,1.0,0.0,1.0,1,https://facebook-billing-xlam2.com/billing.php
42.0,17.0,17.0,2.0,0.0,0.0,4.0,0.0,0.0,1.0,0.0,0.0,0.0,1.0,1.0,3.8832,0.0,0.0,0.0,0.0,0.0,0.0,2.0,0,https://www.atlassian.com/account/settings
47.0,27.0,12.0,2.0,2.0,0.0,3.0,2.0,0.0,0.0,0.0,0.0,0.0,1.0,1.0,4.206,0.0,0.0,0.0426,0.0,1.0,0.0,1.0,1,https://microsoft-suspend-04rfb.com/suspend.php
27.0,13.0,6.0,1.0,0.0,0.0,3.0,0.0,0.0,0.0,0.0,0.0,0.0,1.0,0.0,3.8525,0.0,0.0,0.0,0.0,0.0,0.0,1.0,0,https://pinterest.com/about
55.0,19.0,14.0,1.0,1.0,0.0,4.0,7.0,2.0,0.0,1.0,0.0,0.0,1.0,1.0,4.7339,0.0,0.0,0.1273,0.0,1.0,1.0,2.0,1,https://nz00322y-confirm.ga/apple/confirm?id=3xvuzi7npn
43.0,14.0,22.0,3.0,0.0,0.0,5.0,16.0,0.0,0.0,0.0,1.0,0.0,0.0,1.0,4.1269,0.0,0.0,0.3721,0.0,0.0,0.0,3.0,1,http://120.235.252.43/signin/office365/5hf3
39.0,19.0,12.0,2.0,0.0,0.0,4.0,0.0,0.0,1.0,0.0,0.0,0.0,1.0,0.0,4.0672,0.0,0.0,0.0,0.0,0.0,0.0,2.0,0,https://www.khanacademy.org/news/latest
33.0,13.0,12.0,2.0,0.0,0.0,4.0,0.0,0.0,1.0,0.0,0.0,0.0,1.0,0.0,3.5559,0.0,0.0,0.0,0.0,0.0,0.0,2.0,0,https://www.notion.so/news/latest
56.0,18.0,17.0,1.0,1.0,0.0,4.0,3.0,2.0,0.0,1.0,0.0,0.0,0.0,1.0,4.5596,0.0,0.0,0.0536,0.0,1.0,1.0,2.0,1,http://jdqfrr5r-wallet.cf/microsoft/wallet?id=ni7he0xmai
39.0,13.0,19.0,3.0,0.0,0.0,5.0,11.0,0.0,0.0,0.0,1.0,0.0,0.0,1.0,4.263,0.0,0.0,0.2821,0.0,0.0,0.0,3.0,1,http://211.106.97.72/suspend/chase/m5qa
46.0,31.0,7.0,2.0,2.0,0.0,3.0,1.0,0.0,1.0,0.0,0.0,0.0,1.0,1.0,4.0644,0.0,0.0,0.0217,0.0,1.0,1.0,1.0,1,https://netflix-verify.session-evv1.top/verify
37.0,12.0,18.0,3.0,0.0,0.0,5.0,12.0,0.0,0.0,0.0,1.0,0.0,0.0,1.0,4.0981,0.0,0.0,0.3243,0.0,0.0,0.0,3.0,1,http://75.72.223.98/wallet/chase/5f42
20.0,5.0,8.0,1.0,0.0,0.0,3.0,3.0,0.0,0.0,0.0,0.0,0.0,0.0,0.0,3.8464,0.0,0.0,0.15,1.0,0.0,0.0,1.0,1,http://is.gd/b1tjc30
46.0,13.0,7.0,2.0,0.0,0.0,3.0,0.0,3.0,1.0,1.0,0.0,0.0,1.0,0.0,4.4229,0.0,0.0,0.0,0.0,0.0,0.0,1.0,0,https://www.adobe.com/search?q=python+tutorial
44.0,27.0,9.0,2.0,2.0,0.0,3.0,2.0,0.0,1.0,0.0,0.0,0.0,1.0,1.0,4.0726,0.0,0.0,0.0455,0.0,1.0,1.0,1.0,1,https://chase-password.auth-zh30.tk/password
44.0,29.0,7.0,2.0,2.0,0.0,3.0,2.0,0.0,1.0,0.0,0.0,0.0,1.0,1.0,4.3997,0.0,0.0,0.0455,0.0,1.0,1.0,1.0,1,https://google-verify.center-h4w7.xyz/verify
48.0,33.0,8.0,2.0,2.0,0.0,3.0,3.0,0.0,1.0,0.0,0.0,0.0,0.0,1.0,4.3971,0.0,0.0,0.0625,0.0,1.0,1.0,1.0,1,http://wellsfargo-invoice.portal-68c7.tk/invoice
46.0,30.0,8.0,2.0,2.0,0.0,3.0,2.0,0.0,1.0,0.0,0.0,0.0,1.0,1.0,4.363,0.0,0.0,0.0435,0.0,1.0,1.0,1.0,1,https://coinbase-banking.user-ag46.xyz/banking
44.0,30.0,6.0,2.0,2.0,0.0,3.0,2.0,0.0,1.0,0.0,0.0,0.0,1.0,1.0,4.4019,0.0,0.0,0.0455,0.0,1.0,1.0,1.0,1,https://coinbase-login.gateway-6vu4.tk/login
48.0,16.0,24.0,1.0,1.0,0.0,5.0,4.0,0.0,0.0,0.0,0.0,0.0,1.0,0.0,4.3533,0.0,0.0,0.0833,0.0,0.0,0.0,3.0,0,https://digitalocean.com/blog/2024/annual-report
23.0,7.0,8.0,1.0,0.0,0.0,3.0,0.0,0.0,0.0,0.0,0.0,0.0,1.0,0.0,3.882,0.0,0.0,0.0,0.0,0.0,0.0,1.0,0,https://wsj.com/pricing
26.0,10.0,8.0,1.0,0.0,0.0,4.0,0.0,0.0,0.0,0.0,0.0,0.0,1.0,0.0,3.8731,0.0,0.0,0.0,0.0,0.0,0.0,2.0,0,https://github.com/en/help
57.0,18.0,18.0,1.0,1.0,0.0,4.0,5.0,2.0,0.0,1.0,0.0,0.0,0.0,1.0,4.6289,0.0,0.0,0.0877,0.0,1.0,1.0,2.0,1,http://d2f11b0o-update.tk/wellsfargo/update?id=iis7gvuqka
38.0,12.0,19.0,3.0,0.0,0.0,5.0,10.0,0.0,0.0,0.0,1.0,0.0,0.0,1.0,4.3565,0.0,0.0,0.2632,0.0,0.0,0.0,3.0,1,http://34.2.208.138/confirm/apple/bw8o
40.0,15.0,17.0,2.0,0.0,0.0,4.0,0.0,0.0,1.0,0.0,0.0,0.0,1.0,1.0,3.8964,0.0,0.0,0.0,0.0,0.0,0.0,2.0,0,https://docs.python.org/account/settings
41.0,25.0,8.0,2.0,2.0,0.0,3.0,1.0,0.0,1.0,0.0,0.0,0.0,1.0,1.0,4.3059,0.0,0.0,0.0244,0.0,1.0,1.0,1.0,1,https://paypal-invoice.id-d3zj.ml/invoice
16.0,7.0,1.0,1.0,0.0,0.0,3.0,0.0,0.0,0.0,0.0,0.0,0.0,1.0,0.0,3.3278,0.0,0.0,0.0,0.0,0.0,0.0,0.0,0,https://zoom.us/
20.0,11.0,1.0,1.0,0.0,0.0,3.0,0.0,0.0,0.0,0.0,0.0,0.0,1.0,0.0,3.4464,0.0,0.0,0.0,0.0,0.0,0.0,0.0,0,https://outlook.com/
59.0,20.0,17.0,1.0,1.0,0.0,4.0,7.0,2.0,0.0,1.0,0.0,0.0,1.0,1.0,4.7277,0.0,0.0,0.1186,0.0,1.0,1.0,2.0,1,https://gwdkv38s-billing.top/facebook/billing?id=1rd7v6w77m
26.0,11.0,8.0,1.0,0.0,0.0,3.0,2.0,0.0,0.0,0.0,0.0,0.0,0.0,0.0,4.1808,0.0,0.0,0.0769,1.0,0.0,0.0,1.0,1,http://tinyurl.com/l12oxej
26.0,11.0,8.0,1.0,0.0,0.0,3.0,3.0,0.0,0.0,0.0,0.0,0.0,0.0,0.0,4.1039,0.0,0.0,0.1154,1.0,0.0,0.0,1.0,1,http://tinyurl.com/1lx3e3y
42.0,17.0,17.0,2.0,0.0,0.0,4.0,0.0,0.0,1.0,0.0,0.0,0.0,1.0,1.0,3.9001,0.0,0.0,0.0,0.0,0.0,0.0,2.0,0,https://www.pinterest.com/account/settings
39.0,21.0,10.0,2.0,2.0,0.0,3.0,2.0,0.0,0.0,0.0,0.0,0.0,1.0,1.0,4.1411,0.0,0.0,0.0513,0.0,1.0,0.0,1.0,1,https://apple-login-u7m4m.com/login.php
39.0,18.0,13.0,2.0,0.0,0.0,4.0,0.0,0.0,1.0,0.0,0.0,0.0,1.0,0.0,3.9966,0.0,0.0,0.0,0.0,0.0,0.0,2.0,0,https://www.salesforce.com/user/profile
43.0,24.0,11.0,2.0,2.0,0.0,3.0,0.0,0.0,0.0,0.0,0.0,0.0,1.0,1.0,4.2488,0.0,0.0,0.0,0.0,1.0,0.0,1.0,1,https://netflix-secure-mzcwd.com/secure.php
23.0,9.0,6.0,1.0,0.0,0.0,3.0,0.0,0.0,0.0,0.0,0.0,0.0,1.0,0.0,3.7294,0.0,0.0,0.0,0.0,0.0,0.0,1.0,0,https://adobe.com/about
28.0,14.0,6.0,1.0,0.0,0.0,3.0,0.0,0.0,0.0,0.0,0.0,0.0,1.0,0.0,3.8518,0.0,0.0,0.0,0.0,0.0,0.0,1.0,0,https://protonmail.com/about
52.0,36.0,8.0,2.0,2.0,0.0,3.0,1.0,0.0,1.0,0.0,0.0,0.0,1.0,1.0,4.2362,0.0,0.0,0.0192,0.0,1.0,1.0,1.0,1,https://wellsfargo-suspend.support-3csv.work/suspend
46.0,14.0,24.0,2.0,1.0,0.0,5.0,4.0,0.0,1.0,0.0,0.0,0.0,1.0,0.0,4.301,0.0,0.0,0.087,0.0,0.0,0.0,3.0,0,https://www.google.com/blog/2024/annual-report
44.0,30.0,7.0,2.0,2.0,0.0,3.0,2.0,0.0,1.0,0.0,0.0,0.0,0.0,1.0,4.4191,0.0,0.0,0.0455,0.0,1.0,1.0,1.0,1,http://paypal-unlock.service-y7h7.xyz/unlock
37.0,15.0,14.0,2.0,0.0,0.0,5.0,1.0,0.0,1.0,0.0,0.0,0.0,1.0,0.0,3.8925,0.0,0.0,0.027,0.0,0.0,0.0,3.0,0,https://www.outlook.com/api/v1/status
45.0,26.0,12.0,2.0,2.0,0.0,3.0,1.0,0.0,0.0,0.0,0.0,0.0,0.0,1.0,4.1255,0.0,0.0,0.0222,0.0,1.0,0.0,1.0,1,http://facebook-recover-iu2nt.com/recover.php
42.0,23.0,12.0,2.0,2.0,0.0,3.0,2.0,0.0,0.0,0.0,0.0,0.0,0.0,1.0,4.1236,0.0,0.0,0.0476,0.0,1.0,0.0,1.0,1,http://apple-confirm-p2fg7.com/confirm.php
45.0,26.0,12.0,2.0,2.0,0.0,3.0,1.0,0.0,0.0,0.0,0.0,0.0,0.0,1.0,4.028,0.0,0.0,0.0222,0.0,1.0,0.0,1.0,1,http://coinbase-invoice-tpt5q.com/invoice.php
40.0,26.0,7.0,2.0,2.0,0.0,3.0,1.0,0.0,1.0,0.0,0.0,0.0,0.0,1.0,4.2342,0.0,0.0,0.025,0.0,1.0,1.0,1.0,1,http://facebook-wallet.id-eud3.gq/wallet
21.0,6.0,8.0,1.0,0.0,0.0,3.0,0.0,0.0,0.0,0.0,0.0,0.0,0.0,0.0,3.8442,0.0,0.0,0.0,1.0,0.0,0.0,1.0,1,http://bit.ly/jqxfnxd
53.0,18.0,14.0,1.0,1.0,0.0,4.0,4.0,2.0,0.0,1.0,0.0,0.0,0.0,1.0,4.4565,0.0,0.0,0.0755,0.0,1.0,1.0,2.0,1,http://0h9comjt-signin.ml/amazon/signin?id=izaxd6ah7r
60.0,19.0,19.0,1.0,1.0,0.0,4.0,6.0,2.0,0.0,1.0,0.0,0.0,1.0,1.0,4.7172,0.0,0.0,0.1,0.0,1.0,1.0,2.0,1,https://zje7leiu-invoice.ml/wellsfargo/invoice?id=z3c98rp18s
44.0,26.0,11.0,2.0,2.0,0.0,3.0,2.0,0.0,0.0,0.0,0.0,0.0,0.0,1.0,4.1575,0.0,0.0,0.0455,0.0,1.0,0.0,1.0,1,http://microsoft-secure-0kg1u.com/secure.php
19.0,10.0,1.0,1.0,0.0,0.0,3.0,0.0,0.0,0.0,0.0,0.0,0.0,1.0,0.0,3.6421,0.0,0.0,0.0,0.0,0.0,0.0,0.0,0,https://reddit.com/
44.0,29.0,8.0,2.0,2.0,0.0,3.0,1.0,0.0,1.0,0.0,0.0,0.0,0.0,1.0,4.0643,0.0,0.0,0.0227,0.0,1.0,1.0,1.0,1,http://microsoft-confirm.id-vdx1.top/confirm
26.0,10.0,8.0,1.0,0.0,0.0,3.0,0.0,0.0,0.0,0.0,0.0,0.0,1.0,0.0,3.8441,0.0,0.0,0.0,0.0,0.0,0.0,1.0,0,https://reddit.com/pricing
49.0,17.0,24.0,2.0,1.0,0.0,5.0,4.0,0.0,1.0,0.0,0.0,0.0,1.0,0.0,4.3874,0.0,0.0,0.0816,0.0,0.0,0.0,3.0,0,https://www.wikipedia.org/blog/2024/annual-report
25.0,9.0,8.0,1.0,0.0,0.0,4.0,0.0,0.0,0.0,0.0,0.0,0.0,1.0,0.0,3.9239,0.0,0.0,0.0,0.0,0.0,0.0,2.0,0,https://quora.com/en/help
52.0,36.0,8.0,2.0,2.0,0.0,3.0,3.0,0.0,1.0,0.0,0.0,0.0,1.0,1.0,4.4191,0.0,0.0,0.0577,0.0,1.0,1.0,1.0,1,https://office365-suspend.gateway-ftnf.click/suspend
30.0,11.0,11.0,1.0,1.0,0.0,3.0,0.0,0.0,0.0,0.0,0.0,0.0,1.0,0.0,3.6826,0.0,0.0,0.0,0.0,0.0,0.0,1.0,0,https://outlook.com/contact-us
25.0,16.0,1.0,2.0,0.0,0.0,3.0,0.0,0.0,1.0,0.0,0.0,0.0,1.0,0.0,3.9435,0.0,0.0,0.0,0.0,0.0,0.0,0.0,0,https://www.linkedin.com/
20.0,5.0,8.0,1.0,0.0,0.0,3.0,2.0,0.0,0.0,0.0,0.0,0.0,0.0,0.0,3.9842,0.0,0.0,0.1,1.0,0.0,0.0,1.0,1,http://is.gd/kb70vjo
44.0,29.0,7.0,2.0,2.0,0.0,3.0,2.0,0.0,1.0,0.0,0.0,0.0,1.0,1.0,4.2805,0.0,0.0,0.0455,0.0,1.0,1.0,1.0,1,https://chase-signin.support-07om.xyz/signin
33.0,13.0,12.0,2.0,0.0,0.0,4.0,0.0,0.0,1.0,0.0,0.0,0.0,1.0,0.0,3.9306,0.0,0.0,0.0,0.0,0.0,0.0,2.0,0,https://www.quora.com/news/latest
34.0,9.0,17.0,1.0,0.0,0.0,4.0,0.0,0.0,0.0,0.0,0.0,0.0,1.0,1.0,3.746,0.0,0.0,0.0,0.0,0.0,0.0,2.0,0,https://chase.com/account/settings
21.0,6.0,8.0,1.0,0.0,0.0,3.0,1.0,0.0,0.0,0.0,0.0,0.0,0.0,0.0,3.749,0.0,0.0,0.0476,1.0,0.0,0.0,1.0,1,http://bit.ly/sjsrl1a
40.0,8.0,24.0,1.0,1.0,0.0,5.0,4.0,0.0,0.0,0.0,0.0,0.0,1.0,0.0,4.3251,0.0,0.0,0.1,0.0,0.0,0.0,3.0,0,https://ebay.com/blog/2024/annual-report
45.0,15.0,23.0,3.0,0.0,0.0,5.0,13.0,0.0,0.0,0.0,1.0,0.0,0.0,1.0,4.3835,0.0,0.0,0.2889,0.0,0.0,0.0,3.0,1,http://141.240.102.134/verify/wellsfargo/zow0
43.0,12.0,24.0,3.0,0.0,0.0,5.0,13.0,0.0,0.0,0.0,1.0,0.0,0.0,1.0,4.2465,0.0,0.0,0.3023,0.0,0.0,0.0,3.0,1,http://5.25.252.221/password/office365/z1pn
40.0,15.0,17.0,2.0,0.0,0.0,4.0,0.0,0.0,1.0,0.0,0.0,0.0,1.0,1.0,3.9373,0.0,0.0,0.0,0.0,0.0,0.0,2.0,0,https://www.outlook.com/account/settings
26.0,7.0,11.0,1.0,1.0,0.0,3.0,0.0,0.0,0.0,0.0,0.0,0.0,1.0,0.0,3.7483,0.0,0.0,0.0,0.0,0.0,0.0,1.0,0,https://npr.org/contact-us
18.0,10.0,0.0,1.0,0.0,0.0,2.0,0.0,0.0,0.0,0.0,0.0,0.0,1.0,0.0,3.7947,0.0,0.0,0.0,0.0,0.0,0.0,0.0,0,https://gitlab.com
30.0,14.0,8.0,1.0,0.0,0.0,4.0,0.0,0.0,0.0,0.0,0.0,0.0,1.0,0.0,3.9899,0.0,0.0,0.0,0.0,0.0,0.0,2.0,0,https://cloudflare.com/en/help
58.0,19.0,18.0,1.0,1.0,0.0,4.0,3.0,2.0,0.0,1.0,0.0,0.0,0.0,1.0,4.573,0.0,0.0,0.0517,0.0,1.0,1.0,2.0,1,http://kjhchalo-invoice.tk/instagram/invoice?id=labe7y31yh
41.0,14.0,20.0,3.0,0.0,0.0,5.0,12.0,0.0,0.0,0.0,1.0,0.0,0.0,1.0,4.2178,0.0,0.0,0.2927,0.0,0.0,0.0,3.0,1,http://218.20.151.181/update/netflix/bp7q
35.0,13.0,14.0,1.0,0.0,0.0,5.0,1.0,0.0,0.0,0.0,0.0,0.0,1.0,0.0,3.9329,0.0,0.0,0.0286,0.0,0.0,0.0,3.0,0,https://wikipedia.org/api/v1/status
17.0,9.0,0.0,1.0,0.0,0.0,2.0,0.0,0.0,0.0,0.0,0.0,0.0,1.0,0.0,3.6169,0.0,0.0,0.0,0.0,0.0,0.0,0.0,0,https://slack.com
32.0,13.0,11.0,2.0,1.0,0.0,3.0,0.0,0.0,1.0,0.0,0.0,0.0,1.0,0.0,3.9056,0.0,0.0,0.0,0.0,0.0,0.0,1.0,0,https://www.apple.com/contact-us
60.0,21.0,17.0,1.0,1.0,0.0,4.0,6.0,2.0,0.0,1.0,0.0,0.0,1.0,1.0,4.5607,0.0,0.0,0.1,0.0,1.0,1.0,2.0,1,https://1q5bnh9a-banking.info/coinbase/banking?id=vmmzk2q1z1
44.0,12.0,24.0,2.0,1.0,0.0,5.0,4.0,0.0,1.0,0.0,0.0,0.0,1.0,0.0,4.3997,0.0,0.0,0.0909,0.0,0.0,0.0,3.0,0,https://www.ebay.com/blog/2024/annual-report
41.0,27.0,7.0,2.0,2.0,0.0,3.0,1.0,0.0,1.0,0.0,0.0,0.0,0.0,1.0,4.1291,0.0,0.0,0.0244,0.0,1.0,1.0,1.0,1,http://chase-wallet.online-6fva.gq/wallet
27.0,18.0,1.0,2.0,0.0,0.0,3.0,0.0,0.0,1.0,0.0,0.0,0.0,1.0,0.0,4.0323,0.0,0.0,0.0,0.0,0.0,0.0,0.0,0,https://www.cloudflare.com/
38.0,13.0,18.0,3.0,0.0,0.0,5.0,10.0,0.0,0.0,0.0,1.0,0.0,0.0,1.0,4.2711,0.0,0.0,0.2632,0.0,0.0,0.0,3.0,1,http://241.219.47.32/unlock/chase/avpn
46.0,14.0,24.0,2.0,1.0,0.0,5.0,4.0,0.0,1.0,0.0,0.0,0.0,1.0,0.0,4.336,0.0,0.0,0.087,0.0,0.0,0.0,3.0,0,https://www.paypal.com/blog/2024/annual-report
48.0,28.0,12.0,2.0,2.0,0.0,3.0,0.0,0.0,0.0,0.0,0.0,0.0,1.0,1.0,4.2071,0.0,0.0,0.0,0.0,1.0,0.0,1.0,1,https://wellsfargo-suspend-drcwo.com/suspend.php
26.0,9.0,9.0,1.0,0.0,0.0,3.0,0.0,0.0,0.0,0.0,0.0,0.0,1.0,0.0,3.8151,0.0,0.0,0.0,0.0,0.0,0.0,1.0,0,https://slack.com/products
39.0,19.0,12.0,3.0,0.0,0.0,4.0,0.0,0.0,2.0,0.0,0.0,0.0,1.0,0.0,3.9234,0.0,0.0,0.0,0.0,0.0,0.0,2.0,0,https://www.docs.python.org/news/latest
34.0,18.0,8.0,2.0,0.0,0.0,3.0,0.0,0.0,1.0,0.0,0.0,0.0,1.0,0.0,3.9764,0.0,0.0,0.0,0.0,0.0,0.0,1.0,0,https://www.protonmail.com/careers
21.0,13.0,0.0,2.0,0.0,0.0,2.0,0.0,0.0,1.0,0.0,0.0,0.0,1.0,0.0,3.5945,0.0,0.0,0.0,0.0,0.0,0.0,0.0,0,https://www.npmjs.com
32.0,16.0,8.0,1.0,0.0,0.0,3.0,0.0,0.0,0.0,0.0,0.0,0.0,1.0,0.0,3.9917,0.0,0.0,0.0,0.0,0.0,0.0,1.0,0,https://digitalocean.com/pricing
26.0,17.0,1.0,2.0,0.0,0.0,3.0,0.0,0.0,1.0,0.0,0.0,0.0,1.0,0.0,3.7962,0.0,0.0,0.0,0.0,0.0,0.0,0.0,0,https://www.wikipedia.org/
39.0,12.0,20.0,3.0,0.0,0.0,5.0,11.0,0.0,0.0,0.0,1.0,0.0,0.0,1.0,4.3336,0.0,0.0,0.2821,0.0,0.0,0.0,3.0,1,http://150.51.54.48/login/coinbase/03lq
43.0,25.0,11.0,2.0,2.0,0.0,3.0,0.0,0.0,0.0,0.0,0.0,0.0,0.0,1.0,3.985,0.0,0.0,0.0,0.0,1.0,0.0,1.0,1,http://facebook-unlock-afkkp.com/unlock.php
43.0,28.0,8.0,2.0,2.0,0.0,3.0,0.0,0.0,1.0,0.0,0.0,0.0,0.0,1.0,4.2801,0.0,0.0,0.0,0.0,1.0,1.0,1.0,1,http://coinbase-confirm.web-uwbs.ml/confirm
28.0,11.0,9.0,2.0,0.0,0.0,3.0,0.0,0.0,1.0,0.0,0.0,0.0,1.0,0.0,3.7265,0.0,0.0,0.0,0.0,0.0,0.0,1.0,0,https://www.wsj.com/products
26.0,10.0,8.0,1.0,0.0,0.0,4.0,0.0,0.0,0.0,0.0,0.0,0.0,1.0,0.0,3.6424,0.0,0.0,0.0,0.0,0.0,0.0,2.0,0,https://google.com/en/help
40.0,14.0,19.0,3.0,0.0,0.0,5.0,11.0,0.0,0.0,0.0,1.0,0.0,0.0,1.0,4.3251,0.0,0.0,0.275,0.0,0.0,0.0,3.0,1,http://205.157.118.89/signin/paypal/usxd
32.0,11.0,13.0,1.0,0.0,0.0,4.0,0.0,0.0,0.0,0.0,0.0,0.0,1.0,0.0,3.8636,0.0,0.0,0.0,0.0,0.0,0.0,2.0,0,https://outlook.com/user/profile
39.0,25.0,7.0,2.0,2.0,0.0,3.0,2.0,0.0,1.0,0.0,0.0,0.0,0.0,1.0,4.1504,0.0,0.0,0.0513,0.0,1.0,1.0,1.0,1,http://apple-unlock.web-0it8.top/unlock
35.0,13.0,14.0,2.0,0.0,0.0,5.0,1.0,0.0,1.0,0.0,0.0,0.0,1.0,0.0,3.99,0.0,0.0,0.0286,0.0,0.0,0.0,3.0,0,https://www.adobe.com/api/v1/status
43.0,25.0,11.0,2.0,2.0,0.0,3.0,2.0,0.0,0.0,0.0,0.0,0.0,0.0,1.0,4.2863,0.0,0.0,0.0465,0.0,1.0,0.0,1.0,1,http://coinbase-unlock-mz82h.com/unlock.php
29.0,10.0,11.0,1.0,1.0,0.0,3.0,0.0,0.0,0.0,0.0,0.0,0.0,1.0,0.0,3.8539,0.0,0.0,0.0,0.0,0.0,0.0,1.0,0,https://github.com/contact-us
40.0,11.0,22.0,3.0,0.0,0.0,5.0,9.0,0.0,0.0,0.0,1.0,0.0,0.0,1.0,4.3628,0.0,0.0,0.225,0.0,0.0,0.0,3.0,1,http://6.1.101.126/suspend/facebook/3ykv
32.0,11.0,13.0,1.0,0.0,0.0,4.0,0.0,0.0,0.0,0.0,0.0,0.0,1.0,0.0,3.9917,0.0,0.0,0.0,0.0,0.0,0.0,2.0,0,https://mozilla.org/user/profile
53.0,18.0,14.0,1.0,1.0,0.0,4.0,5.0,2.0,0.0,1.0,0.0,0.0,0.0,1.0,4.8173,0.0,0.0,0.0943,0.0,1.0,1.0,2.0,1,http://ga2idlh4-verify.cf/amazon/verify?id=c4ut7wms0x
26.0,11.0,8.0,1.0,0.0,0.0,3.0,4.0,0.0,0.0,0.0,0.0,0.0,0.0,0.0,4.2578,0.0,0.0,0.1538,1.0,0.0,0.0,1.0,1,http://tinyurl.com/60kp7s5
45.0,25.0,13.0,2.0,2.0,0.0,3.0,1.0,0.0,0.0,0.0,0.0,0.0,0.0,1.0,4.0357,0.0,0.0,0.0222,0.0,1.0,0.0,1.0,1,http://paypal-password-nra1e.com/password.php
21.0,12.0,1.0,1.0,0.0,0.0,3.0,0.0,0.0,0.0,0.0,0.0,0.0,1.0,0.0,3.6538,0.0,0.0,0.0,0.0,0.0,0.0,0.0,0,https://coursera.org/
25.0,17.0,0.0,2.0,0.0,0.0,2.0,0.0,0.0,1.0,0.0,0.0,0.0,1.0,0.0,3.7231,0.0,0.0,0.0,0.0,0.0,0.0,0.0,0,https://www.atlassian.com
45.0,13.0,24.0,1.0,1.0,0.0,5.0,4.0,0.0,0.0,0.0,0.0,0.0,1.0,0.0,4.3777,0.0,0.0,0.0889,0.0,0.0,0.0,3.0,0,https://wikipedia.org/blog/2024/annual-report
31.0,15.0,8.0,2.0,0.0,0.0,3.0,0.0,0.0,1.0,0.0,0.0,0.0,1.0,0.0,4.0826,0.0,0.0,0.0,0.0,0.0,0.0,1.0,0,https://www.netflix.com/pricing
27.0,11.0,8.0,2.0,0.0,0.0,3.0,0.0,0.0,1.0,0.0,0.0,0.0,1.0,0.0,3.8562,0.0,0.0,0.0,0.0,0.0,0.0,1.0,0,https://www.zoom.us/careers
24.0,10.0,6.0,1.0,0.0,0.0,3.0,0.0,0.0,0.0,0.0,0.0,0.0,1.0,0.0,3.8239,0.0,0.0,0.0,0.0,0.0,0.0,1.0,0,https://office.com/about
20.0,11.0,1.0,1.0,0.0,0.0,3.0,0.0,0.0,0.0,0.0,0.0,0.0,1.0,0.0,3.6464,0.0,0.0,0.0,0.0,0.0,0.0,0.0,0,https://dropbox.com/
57.0,19.0,16.0,1.0,1.0,0.0,4.0,9.0,2.0,0.0,1.0,0.0,0.0,1.0,1.0,4.699,0.0,0.0,0.1579,0.0,1.0,1.0,2.0,1,https://n29gauph-suspend.ml/netflix/suspend?id=j8366q8y17
28.0,7.0,13.0,1.0,0.0,0.0,4.0,0.0,0.0,0.0,0.0,0.0,0.0,1.0,0.0,3.9947,0.0,0.0,0.0,0.0,0.0,0.0,2.0,0,https://wsj.com/user/profile
31.0,15.0,8.0,2.0,0.0,0.0,3.0,0.0,0.0,1.0,0.0,0.0,0.0,1.0,0.0,3.9779,0.0,0.0,0.0,0.0,0.0,0.0,1.0,0,https://www.shopify.com/careers
42.0,23.0,11.0,2.0,2.0,0.0,3.0,3.0,0.0,0.0,0.0,0.0,0.0,1.0,1.0,3.9737,0.0,0.0,0.0714,0.0,1.0,0.0,1.0,1,https://paypal-wallet-a511u.com/wallet.php
42.0,28.0,7.0,2.0,2.0,0.0,3.0,4.0,0.0,1.0,0.0,0.0,0.0,0.0,1.0,4.2728,0.0,0.0,0.0952,0.0,1.0,1.0,1.0,1,http://office365-signin.id-rrs6.xyz/signin
30.0,11.0,11.0,2.0,1.0,0.0,3.0,0.0,0.0,1.0,0.0,0.0,0.0,1.0,0.0,3.8566,0.0,0.0,0.0,0.0,0.0,0.0,1.0,0,https://www.npr.org/contact-us
60.0,21.0,18.0,1.0,1.0,0.0,4.0,6.0,2.0,0.0,1.0,0.0,0.0,0.0,1.0,4.6505,0.0,0.0,0.1,0.0,1.0,1.0,2.0,1,http://le3snx2q-password.top/coinbase/password?id=7pvj07dzr8
49.0,34.0,8.0,2.0,2.0,0.0,3.0,0.0,0.0,1.0,0.0,0.0,0.0,0.0,1.0,4.1425,0.0,0.0,0.0,0.0,1.0,1.0,1.0,1,http://microsoft-account.online-atfd.work/account
39.0,19.0,12.0,2.0,0.0,0.0,4.0,0.0,0.0,1.0,0.0,0.0,0.0,1.0,0.0,4.0579,0.0,0.0,0.0,0.0,0.0,0.0,2.0,0,https://www.theguardian.com/news/latest
47.0,14.0,7.0,1.0,0.0,0.0,3.0,0.0,3.0,0.0,1.0,0.0,0.0,1.0,0.0,4.275,0.0,0.0,0.0,0.0,0.0,0.0,1.0,0,https://salesforce.com/search?q=python+tutorial
31.0,15.0,8.0,1.0,0.0,0.0,3.0,0.0,0.0,0.0,0.0,0.0,0.0,1.0,0.0,3.9937,0.0,0.0,0.0,0.0,0.0,0.0,1.0,0,https://theguardian.com/careers
26.0,11.0,8.0,1.0,0.0,0.0,3.0,3.0,0.0,0.0,0.0,0.0,0.0,0.0,0.0,4.2578,0.0,0.0,0.1154,1.0,0.0,0.0,1.0,1,http://tinyurl.com/b9f54yd
28.0,7.0,13.0,1.0,0.0,0.0,4.0,0.0,0.0,0.0,0.0,0.0,0.0,1.0,0.0,3.8249,0.0,0.0,0.0,0.0,0.0,0.0,2.0,0,https://irs.gov/user/profile
38.0,9.0,21.0,1.0,1.0,0.0,4.0,0.0,0.0,0.0,0.0,0.0,0.0,1.0,0.0,4.0106,0.0,0.0,0.0,0.0,0.0,0.0,2.0,0,https://figma.com/docs/getting-started
25.0,11.0,6.0,1.0,0.0,0.0,3.0,0.0,0.0,0.0,0.0,0.0,0.0,1.0,0.0,3.7835,0.0,0.0,0.0,0.0,0.0,0.0,1.0,0,https://spotify.com/about
36.0,15.0,13.0,2.0,0.0,0.0,4.0,0.0,0.0,1.0,0.0,0.0,0.0,1.0,0.0,4.086,0.0,0.0,0.0,0.0,0.0,0.0,2.0,0,https://www.mozilla.org/user/profile
31.0,14.0,9.0,2.0,0.0,0.0,3.0,0.0,0.0,1.0,0.0,0.0,0.0,1.0,0.0,3.8245,0.0,0.0,0.0,0.0,0.0,0.0,1.0,0,https://www.python.org/products
42.0,15.0,20.0,3.0,0.0,0.0,5.0,14.0,0.0,0.0,0.0,1.0,0.0,0.0,1.0,4.026,0.0,0.0,0.3333,0.0,0.0,0.0,3.0,1,http://212.113.251.139/billing/google/s12d
37.0,16.0,13.0,2.0,0.0,0.0,4.0,0.0,0.0,1.0,0.0,0.0,0.0,1.0,0.0,3.9492,0.0,0.0,0.0,0.0,0.0,0.0,2.0,0,https://www.coursera.org/user/profile
30.0,14.0,8.0,2.0,0.0,0.0,4.0,0.0,0.0,1.0,0.0,0.0,0.0,1.0,0.0,3.7647,0.0,0.0,0.0,0.0,0.0,0.0,2.0,0,https://www.google.com/en/help
49.0,34.0,7.0,2.0,2.0,0.0,3.0,2.0,0.0,1.0,0.0,0.0,0.0,1.0,1.0,4.362,0.0,0.0,0.0408,0.0,1.0,1.0,1.0,1,https://microsoft-wallet.service-71bz.work/wallet
60.0,21.0,18.0,1.0,1.0,0.0,4.0,8.0,2.0,0.0,1.0,0.0,0.0,0.0,1.0,4.6066,0.0,0.0,0.1333,0.0,1.0,1.0,2.0,1,http://m74mn3cm-recover.work/office365/recover?id=tlstr2s9ar
20.0,5.0,8.0,1.0,0.0,0.0,3.0,3.0,0.0,0.0,0.0,0.0,0.0,0.0,0.0,3.8464,0.0,0.0,0.15,1.0,0.0,0.0,1.0,1,http://is.gd/52lx1at
42.0,27.0,8.0,2.0,2.0,0.0,3.0,1.0,0.0,1.0,0.0,0.0,0.0,0.0,1.0,4.4157,0.0,0.0,0.0238,0.0,1.0,1.0,1.0,1,http://amazon-invoice.user-l7kg.gq/invoice
39.0,14.0,17.0,2.0,0.0,0.0,4.0,0.0,0.0,1.0,0.0,0.0,0.0,1.0,1.0,3.9553,0.0,0.0,0.0,0.0,0.0,0.0,2.0,0,https://www.office.com/account/settings
41.0,12.0,22.0,3.0,0.0,0.0,5.0,13.0,0.0,0.0,0.0,1.0,0.0,0.0,1.0,4.269,0.0,0.0,0.3171,0.0,0.0,0.0,3.0,1,http://37.217.64.46/wallet/office365/ai7j
44.0,15.0,22.0,3.0,0.0,0.0,5.0,14.0,0.0,0.0,0.0,1.0,0.0,0.0,1.0,4.1835,0.0,0.0,0.3182,0.0,0.0,0.0,3.0,1,http://144.149.179.177/account/coinbase/0i9v
61.0,21.0,18.0,1.0,1.0,0.0,4.0,4.0,2.0,0.0,1.0,0.0,0.0,1.0,1.0,4.4808,0.0,0.0,0.0656,0.0,1.0,1.0,2.0,1,https://l6rvtdg6-billing.work/microsoft/billing?id=ik4kadl9ns
28.0,8.0,12.0,1.0,0.0,0.0,4.0,0.0,0.0,0.0,0.0,0.0,0.0,1.0,0.0,3.8249,0.0,0.0,0.0,0.0,0.0,0.0,2.0,0,https://ebay.com/news/latest
26.0,10.0,8.0,1.0,0.0,0.0,3.0,0.0,0.0,0.0,0.0,0.0,0.0,1.0,0.0,3.8441,0.0,0.0,0.0,0.0,0.0,0.0,1.0,0,https://office.com/pricing
44.0,24.0,12.0,2.0,2.0,0.0,3.0,1.0,0.0,0.0,0.0,0.0,0.0,1.0,1.0,4.0338,0.0,0.0,0.0227,0.0,1.0,0.0,1.0,1,https://google-recover-sx5cu.com/recover.php
30.0,14.0,8.0,2.0,0.0,0.0,3.0,0.0,0.0,1.0,0.0,0.0,0.0,1.0,0.0,3.8981,0.0,0.0,0.0,0.0,0.0,0.0,1.0,0,https://www.amazon.com/careers
45.0,15.0,23.0,3.0,0.0,0.0,5.0,12.0,0.0,0.0,0.0,1.0,0.0,0.0,1.0,4.6502,0.0,0.0,0.2667,0.0,0.0,0.0,3.0,1,http://184.209.171.254/banking/microsoft/llwz
21.0,7.0,6.0,1.0,0.0,0.0,3.0,0.0,0.0,0.0,0.0,0.0,0.0,1.0,0.0,3.6538,0.0,0.0,0.0,0.0,0.0,0.0,1.0,0,https://npr.org/about
33.0,12.0,13.0,1.0,0.0,0.0,4.0,0.0,0.0,0.0,0.0,0.0,0.0,1.0,0.0,3.8361,0.0,0.0,0.0,0.0,0.0,0.0,2.0,0,https://coursera.org/user/profile
32.0,10.0,14.0,1.0,0.0,0.0,5.0,1.0,0.0,0.0,0.0,0.0,0.0,1.0,0.0,3.8758,0.0,0.0,0.0312,0.0,0.0,0.0,3.0,0,https://reddit.com/api/v1/status
43.0,11.0,24.0,2.0,1.0,0.0,5.0,4.0,0.0,1.0,0.0,0.0,0.0,1.0,0.0,4.1848,0.0,0.0,0.093,0.0,0.0,0.0,3.0,0,https://www.npr.org/blog/2024/annual-report
40.0,14.0,19.0,3.0,0.0,0.0,5.0,13.0,0.0,0.0,0.0,1.0,0.0,0.0,1.0,4.2062,0.0,0.0,0.325,0.0,0.0,0.0,3.0,1,http://198.144.244.36/secure/google/9vg9
26.0,10.0,8.0,1.0,0.0,0.0,3.0,0.0,0.0,0.0,0.0,0.0,0.0,1.0,0.0,3.921,0.0,0.0,0.0,0.0,0.0,0.0,1.0,0,https://medium.com/pricing
39.0,25.0,7.0,2.0,2.0,0.0,3.0,2.0,0.0,1.0,0.0,0.0,0.0,0.0,1.0,4.1698,0.0,0.0,0.0513,0.0,1.0,1.0,1.0,1,http://chase-signin.user-z9x0.tk/signin
33.0,16.0,9.0,2.0,0.0,0.0,3.0,0.0,0.0,1.0,0.0,0.0,0.0,1.0,0.0,4.1273,0.0,0.0,0.0,0.0,0.0,0.0,1.0,0,https://www.linkedin.com/products
44.0,14.0,23.0,3.0,0.0,0.0,5.0,13.0,0.0,0.0,0.0,1.0,0.0,0.0,1.0,4.2245,0.0,0.0,0.2955,0.0,0.0,0.0,3.0,1,http://230.235.220.57/account/instagram/2tx9
44.0,14.0,23.0,3.0,0.0,0.0,5.0,12.0,0.0,0.0,0.0,1.0,0.0,0.0,1.0,4.4623,0.0,0.0,0.2727,0.0,0.0,0.0,3.0,1,http://192.250.93.144/signin/wellsfargo/r4iy
38.0,9.0,21.0,1.0,1.0,0.0,4.0,0.0,0.0,0.0,0.0,0.0,0.0,1.0,0.0,3.9977,0.0,0.0,0.0,0.0,0.0,0.0,2.0,0,https://npmjs.com/docs/getting-started
61.0,21.0,18.0,1.0,1.0,0.0,4.0,3.0,2.0,0.0,1.0,0.0,0.0,1.0,1.0,4.5802,0.0,0.0,0.0492,0.0,1.0,1.0,2.0,1,https://qg9w0paj-account.work/instagram/account?id=2xadancwyz
30.0,14.0,8.0,2.0,0.0,0.0,4.0,0.0,0.0,1.0,0.0,0.0,0.0,1.0,0.0,3.8566,0.0,0.0,0.0,0.0,0.0,0.0,2.0,0,https://www.office.com/en/help
39.0,10.0,21.0,1.0,1.0,0.0,4.0,0.0,0.0,0.0,0.0,0.0,0.0,1.0,0.0,3.9029,0.0,0.0,0.0,0.0,0.0,0.0,2.0,0,https://python.org/docs/getting-started
34.0,12.0,14.0,2.0,0.0,0.0,5.0,1.0,0.0,1.0,0.0,0.0,0.0,1.0,0.0,3.8529,0.0,0.0,0.0294,0.0,0.0,0.0,3.0,0,https://www.etsy.com/api/v1/status
26.0,10.0,8.0,1.0,0.0,0.0,3.0,0.0,0.0,0.0,0.0,0.0,0.0,1.0,0.0,3.9501,0.0,0.0,0.0,0.0,0.0,0.0,1.0,0,https://github.com/careers
31.0,10.0,13.0,1.0,0.0,0.0,4.0,0.0,0.0,0.0,0.0,0.0,0.0,1.0,0.0,4.0911,0.0,0.0,0.0,0.0,0.0,0.0,2.0,0,https://amazon.com/user/profile
59.0,19.0,18.0,1.0,1.0,0.0,4.0,5.0,2.0,0.0,1.0,0.0,0.0,1.0,1.0,4.7211,0.0,0.0,0.0847,0.0,1.0,1.0,2.0,1,https://edyv03po-confirm.tk/instagram/confirm?id=2rx2cfzuj2
19.0,11.0,0.0,1.0,0.0,0.0,2.0,0.0,0.0,0.0,0.0,0.0,0.0,1.0,0.0,3.6819,0.0,0.0,0.0,0.0,0.0,0.0,0.0,0,https://dropbox.com
29.0,13.0,8.0,2.0,0.0,0.0,3.0,0.0,0.0,1.0,0.0,0.0,0.0,1.0,0.0,3.6673,0.0,0.0,0.0,0.0,0.0,0.0,1.0,0,https://www.notion.so/pricing
42.0,9.0,7.0,1.0,0.0,0.0,3.0,0.0,3.0,0.0,1.0,0.0,0.0,1.0,0.0,4.1033,0.0,0.0,0.0,0.0,0.0,0.0,1.0,0,https://notion.so/search?q=python+tutorial
28.0,8.0,12.0,1.0,0.0,0.0,4.0,0.0,0.0,0.0,0.0,0.0,0.0,1.0,0.0,3.6515,0.0,0.0,0.0,0.0,0.0,0.0,2.0,0,https://etsy.com/news/latest
33.0,17.0,8.0,2.0,0.0,0.0,3.0,0.0,0.0,1.0,0.0,0.0,0.0,1.0,0.0,3.854,0.0,0.0,0.0,0.0,0.0,0.0,1.0,0,https://www.microsoft.com/careers
30.0,13.0,9.0,1.0,0.0,0.0,3.0,0.0,0.0,0.0,0.0,0.0,0.0,1.0,0.0,3.8566,0.0,0.0,0.0,0.0,0.0,0.0,1.0,0,https://atlassian.com/products
43.0,24.0,12.0,2.0,2.0,0.0,3.0,0.0,0.0,0.0,0.0,0.0,0.0,0.0,1.0,4.0804,0.0,0.0,0.0,0.0,1.0,0.0,1.0,1,http://paypal-banking-jhyly.com/banking.php
45.0,15.0,23.0,3.0,0.0,0.0,5.0,12.0,0.0,0.0,0.0,1.0,0.0,0.0,1.0,4.5445,0.0,0.0,0.2667,0.0,0.0,0.0,3.0,1,http://123.254.237.194/billing/microsoft/wbvy
21.0,6.0,8.0,1.0,0.0,0.0,3.0,0.0,0.0,0.0,0.0,0.0,0.0,0.0,0.0,3.6897,0.0,0.0,0.0,1.0,0.0,0.0,1.0,1,http://bit.ly/gclfkxt
57.0,18.0,17.0,1.0,1.0,0.0,4.0,5.0,2.0,0.0,1.0,0.0,0.0,1.0,1.0,4.5368,0.0,0.0,0.0877,0.0,1.0,1.0,2.0,1,https://fwlp8z2y-signin.tk/instagram/signin?id=4m8lb2ryee
40.0,11.0,21.0,1.0,1.0,0.0,4.0,0.0,0.0,0.0,0.0,0.0,0.0,1.0,0.0,4.0653,0.0,0.0,0.0,0.0,0.0,0.0,2.0,0,https://shopify.com/docs/getting-started
29.0,13.0,8.0,2.0,0.0,0.0,3.0,0.0,0.0,1.0,0.0,0.0,0.0,1.0,0.0,3.7623,0.0,0.0,0.0,0.0,0.0,0.0,1.0,0,https://www.notion.so/careers
46.0,13.0,7.0,1.0,0.0,0.0,3.0,0.0,3.0,0.0,1.0,0.0,0.0,1.0,0.0,4.1989,0.0,0.0,0.0,0.0,0.0,0.0,1.0,0,https://pinterest.com/search?q=python+tutorial
27.0,11.0,8.0,1.0,0.0,0.0,3.0,0.0,0.0,0.0,0.0,0.0,0.0,1.0,0.0,3.8842,0.0,0.0,0.0,0.0,0.0,0.0,1.0,0,https://shopify.com/careers
57.0,20.0,15.0,1.0,1.0,0.0,4.0,6.0,2.0,0.0,1.0,0.0,0.0,1.0,1.0,4.4333,0.0,0.0,0.1053,0.0,1.0,1.0,2.0,1,https://46s6e1wl-suspend.top/google/suspend?id=rqqxqq1d8n
47.0,31.0,8.0,2.0,2.0,0.0,3.0,0.0,0.0,1.0,0.0,0.0,0.0,1.0,1.0,4.2004,0.0,0.0,0.0,0.0,1.0,1.0,1.0,1,https://amazon-suspend.gateway-quzy.xyz/suspend
27.0,13.0,6.0,2.0,0.0,0.0,3.0,0.0,0.0,1.0,0.0,0.0,0.0,1.0,0.0,3.5879,0.0,0.0,0.0,0.0,0.0,0.0,1.0,0,https://www.notion.so/about
26.0,10.0,8.0,1.0,0.0,0.0,4.0,0.0,0.0,0.0,0.0,0.0,0.0,1.0,0.0,3.6133,0.0,0.0,0.0,0.0,0.0,0.0,2.0,0,https://python.org/en/help
24.0,8.0,8.0,1.0,0.0,0.0,3.0,0.0,0.0,0.0,0.0,0.0,0.0,1.0,0.0,3.8554,0.0,0.0,0.0,0.0,0.0,0.0,1.0,0,https://etsy.com/pricing
16.0,8.0,0.0,1.0,0.0,0.0,2.0,0.0,0.0,0.0,0.0,0.0,0.0,1.0,0.0,3.4528,0.0,0.0,0.0,0.0,0.0,0.0,0.0,0,https://etsy.com
30.0,14.0,8.0,1.0,0.0,0.0,4.0,0.0,0.0,0.0,0.0,0.0,0.0,1.0,0.0,3.8314,0.0,0.0,0.0,0.0,0.0,0.0,2.0,0,https://protonmail.com/en/help
39.0,17.0,14.0,2.0,0.0,0.0,5.0,1.0,0.0,1.0,0.0,0.0,0.0,1.0,0.0,3.9553,0.0,0.0,0.0256,0.0,0.0,0.0,3.0,0,https://www.wikipedia.org/api/v1/status
42.0,12.0,23.0,3.0,0.0,0.0,5.0,10.0,0.0,0.0,0.0,1.0,0.0,0.0,1.0,4.318,0.0,0.0,0.2381,0.0,0.0,0.0,3.0,1,http://85.25.234.95/account/instagram/q6ar
41.0,19.0,14.0,2.0,0.0,0.0,5.0,1.0,0.0,1.0,0.0,0.0,0.0,1.0,0.0,4.2178,0.0,0.0,0.0244,0.0,0.0,0.0,3.0,0,https://www.khanacademy.org/api/v1/status
31.0,11.0,12.0,1.0,0.0,0.0,4.0,0.0,0.0,0.0,0.0,0.0,0.0,1.0,0.0,3.9378,0.0,0.0,0.0,0.0,0.0,0.0,2.0,0,https://mozilla.org/news/latest
21.0,7.0,6.0,1.0,0.0,0.0,3.0,0.0,0.0,0.0,0.0,0.0,0.0,1.0,0.0,3.6897,0.0,0.0,0.0,0.0,0.0,0.0,1.0,0,https://mit.edu/about
26.0,11.0,8.0,1.0,0.0,0.0,3.0,3.0,0.0,0.0,0.0,0.0,0.0,0.0,0.0,4.1039,0.0,0.0,0.1154,1.0,0.0,0.0,1.0,1,http://tinyurl.com/03iyoz9
29.0,9.0,12.0,1.0,0.0,0.0,4.0,0.0,0.0,0.0,0.0,0.0,0.0,1.0,0.0,3.8404,0.0,0.0,0.0,0.0,0.0,0.0,2.0,0,https://adobe.com/news/latest
26.0,9.0,9.0,2.0,0.0,0.0,3.0,0.0,0.0,1.0,0.0,0.0,0.0,1.0,0.0,3.6903,0.0,0.0,0.0,0.0,0.0,0.0,1.0,0,https://bbc.co.uk/products
48.0,15.0,7.0,1.0,0.0,0.0,3.0,0.0,3.0,0.0,1.0,0.0,0.0,1.0,0.0,4.3397,0.0,0.0,0.0,0.0,0.0,0.0,1.0,0,https://theguardian.com/search?q=python+tutorial
46.0,32.0,7.0,2.0,2.0,0.0,3.0,1.0,0.0,1.0,0.0,0.0,0.0,0.0,1.0,4.3089,0.0,0.0,0.0217,0.0,1.0,1.0,1.0,1,http://microsoft-unlock.service-wu0m.cf/unlock
20.0,11.0,1.0,1.0,0.0,0.0,3.0,0.0,0.0,0.0,0.0,0.0,0.0,1.0,0.0,3.8464,0.0,0.0,0.0,0.0,0.0,0.0,0.0,0,https://netflix.com/
19.0,11.0,0.0,1.0,0.0,0.0,2.0,0.0,0.0,0.0,0.0,0.0,0.0,1.0,0.0,3.8269,0.0,0.0,0.0,0.0,0.0,0.0,0.0,0,https://mozilla.org
58.0,19.0,18.0,1.0,1.0,0.0,4.0,4.0,2.0,0.0,1.0,0.0,0.0,0.0,1.0,4.8257,0.0,0.0,0.069,0.0,1.0,1.0,2.0,1,http://r3rm3ski-unlock.xyz/wellsfargo/unlock?id=ubhdu94xju
46.0,32.0,7.0,2.0,2.0,0.0,3.0,0.0,0.0,1.0,0.0,0.0,0.0,0.0,1.0,4.2162,0.0,0.0,0.0,0.0,1.0,1.0,1.0,1,http://wellsfargo-update.center-djot.gq/update
44.0,11.0,7.0,2.0,0.0,0.0,3.0,0.0,3.0,1.0,1.0,0.0,0.0,1.0,0.0,4.3542,0.0,0.0,0.0,0.0,0.0,0.0,1.0,0,https://www.wsj.com/search?q=python+tutorial
39.0,26.0,6.0,2.0,2.0,0.0,3.0,0.0,0.0,1.0,0.0,0.0,0.0,0.0,1.0,3.9872,0.0,0.0,0.0,0.0,1.0,1.0,1.0,1,http://microsoft-login.id-joii.cf/login
42.0,17.0,17.0,2.0,0.0,0.0,4.0,0.0,0.0,1.0,0.0,0.0,0.0,1.0,1.0,3.9574,0.0,0.0,0.0,0.0,0.0,0.0,2.0,0,https://www.microsoft.com/account/settings
32.0,16.0,8.0,2.0,0.0,0.0,3.0,0.0,0.0,1.0,0.0,0.0,0.0,1.0,0.0,3.9528,0.0,0.0,0.0,0.0,0.0,0.0,1.0,0,https://www.coursera.org/pricing
44.0,15.0,21.0,2.0,1.0,0.0,4.0,0.0,0.0,1.0,0.0,0.0,0.0,1.0,0.0,4.1464,0.0,0.0,0.0,0.0,0.0,0.0,2.0,0,https://www.dropbox.com/docs/getting-started
27.0,13.0,6.0,1.0,0.0,0.0,3.0,0.0,0.0,0.0,0.0,0.0,0.0,1.0,0.0,3.736,0.0,0.0,0.0,0.0,0.0,0.0,1.0,0,https://atlassian.com/about
30.0,11.0,11.0,2.0,1.0,0.0,3.0,0.0,0.0,1.0,0.0,0.0,0.0,1.0,0.0,3.9647,0.0,0.0,0.0,0.0,0.0,0.0,1.0,0,https://www.irs.gov/contact-us
30.0,11.0,11.0,2.0,1.0,0.0,3.0,0.0,0.0,1.0,0.0,0.0,0.0,1.0,0.0,3.8314,0.0,0.0,0.0,0.0,0.0,0.0,1.0,0,https://www.usa.gov/contact-us
31.0,12.0,11.0,1.0,1.0,0.0,3.0,0.0,0.0,0.0,0.0,0.0,0.0,1.0,0.0,3.8002,0.0,0.0,0.0,0.0,0.0,0.0,1.0,0,https://coursera.org/contact-us
46.0,31.0,8.0,2.0,2.0,0.0,3.0,1.0,0.0,1.0,0.0,0.0,0.0,0.0,1.0,4.284,0.0,0.0,0.0217,0.0,1.0,1.0,1.0,1,http://netflix-recover.gateway-j9jl.ga/recover
44.0,14.0,23.0,3.0,0.0,0.0,5.0,13.0,0.0,0.0,0.0,1.0,0.0,0.0,1.0,4.3259,0.0,0.0,0.2955,0.0,0.0,0.0,3.0,1,http://186.17.136.133/password/coinbase/r08b
43.0,28.0,7.0,2.0,2.0,0.0,3.0,0.0,0.0,1.0,0.0,0.0,0.0,1.0,1.0,4.2778,0.0,0.0,0.0,0.0,1.0,1.0,1.0,1,https://netflix-unlock.team-wkwq.top/unlock
40.0,13.0,20.0,3.0,0.0,0.0,5.0,10.0,0.0,0.0,0.0,1.0,0.0,0.0,1.0,4.2939,0.0,0.0,0.25,0.0,0.0,0.0,3.0,1,http://27.245.100.28/password/apple/kwbh
29.0,13.0,8.0,2.0,0.0,0.0,3.0,0.0,0.0,1.0,0.0,0.0,0.0,1.0,0.0,3.604,0.0,0.0,0.0,0.0,0.0,0.0,1.0,0,https://www.twitch.tv/careers
59.0,20.0,18.0,1.0,1.0,0.0,4.0,6.0,2.0,0.0,1.0,0.0,0.0,0.0,1.0,4.7616,0.0,0.0,0.1017,0.0,1.0,1.0,2.0,1,http://gyspzci6-banking.xyz/microsoft/banking?id=p45l3bk80y
23.0,7.0,8.0,1.0,0.0,0.0,4.0,0.0,0.0,0.0,0.0,0.0,0.0,1.0,0.0,3.654,0.0,0.0,0.0,0.0,0.0,0.0,2.0,0,https://zoom.us/en/help
38.0,13.0,17.0,1.0,0.0,0.0,4.0,0.0,0.0,0.0,0.0,0.0,0.0,1.0,1.0,3.7577,0.0,0.0,0.0,0.0,0.0,0.0,2.0,0,https://atlassian.com/account/settings
20.0,5.0,8.0,1.0,0.0,0.0,3.0,0.0,0.0,0.0,0.0,0.0,0.0,0.0,0.0,3.4087,0.0,0.0,0.0,1.0,0.0,0.0,1.0,1,http://is.gd/uiksggs
41.0,13.0,21.0,3.0,0.0,0.0,5.0,11.0,0.0,0.0,0.0,1.0,0.0,0.0,1.0,4.3666,0.0,0.0,0.2683,0.0,0.0,0.0,3.0,1,http://23.167.86.221/update/coinbase/yyp5
32.0,15.0,9.0,2.0,0.0,0.0,3.0,0.0,0.0,1.0,0.0,0.0,0.0,1.0,0.0,3.7775,0.0,0.0,0.0,0.0,0.0,0.0,1.0,0,https://www.outlook.com/products
21.0,6.0,8.0,1.0,0.0,0.0,3.0,1.0,0.0,0.0,0.0,0.0,0.0,0.0,0.0,3.5945,0.0,0.0,0.0476,1.0,0.0,0.0,1.0,1,http://bit.ly/kubhmt6
20.0,5.0,8.0,1.0,0.0,0.0,3.0,2.0,0.0,0.0,0.0,0.0,0.0,0.0,0.0,3.5842,0.0,0.0,0.1,1.0,0.0,0.0,1.0,1,http://is.gd/md7x6dd
57.0,19.0,17.0,1.0,1.0,0.0,4.0,10.0,2.0,0.0,1.0,0.0,0.0,0.0,1.0,4.7842,0.0,0.0,0.1754,0.0,1.0,1.0,2.0,1,http://18zs80q4-invoice.ml/facebook/invoice?id=9160in3yda
21.0,6.0,8.0,1.0,0.0,0.0,3.0,2.0,0.0,0.0,0.0,0.0,0.0,0.0,0.0,3.8442,0.0,0.0,0.0952,1.0,0.0,0.0,1.0,1,http://bit.ly/zr68jhw
24.0,10.0,6.0,1.0,0.0,0.0,3.0,0.0,0.0,0.0,0.0,0.0,0.0,1.0,0.0,3.7091,0.0,0.0,0.0,0.0,0.0,0.0,1.0,0,https://paypal.com/about
59.0,19.0,18.0,1.0,1.0,0.0,4.0,9.0,2.0,0.0,1.0,0.0,0.0,1.0,1.0,4.471,0.0,0.0,0.1525,0.0,1.0,1.0,2.0,1,https://w53ixh7s-invoice.tk/office365/invoice?id=d3bno7ifs2
46.0,30.0,9.0,2.0,2.0,0.0,3.0,1.0,0.0,1.0,0.0,0.0,0.0,0.0,1.0,4.2676,0.0,0.0,0.0217,0.0,1.0,1.0,1.0,1,http://netflix-password.web-1rlr.info/password
30.0,10.0,12.0,1.0,0.0,0.0,4.0,0.0,0.0,0.0,0.0,0.0,0.0,1.0,0.0,3.8566,0.0,0.0,0.0,0.0,0.0,0.0,2.0,0,https://office.com/news/latest
39.0,10.0,21.0,1.0,1.0,0.0,4.0,0.0,0.0,0.0,0.0,0.0,0.0,1.0,0.0,4.0249,0.0,0.0,0.0,0.0,0.0,0.0,2.0,0,https://github.com/docs/getting-started
31.0,10.0,13.0,1.0,0.0,0.0,4.0,0.0,0.0,0.0,0.0,0.0,0.0,1.0,0.0,4.0266,0.0,0.0,0.0,0.0,0.0,0.0,2.0,0,https://github.com/user/profile
36.0,11.0,17.0,1.0,0.0,0.0,4.0,0.0,0.0,0.0,0.0,0.0,0.0,1.0,1.0,3.954,0.0,0.0,0.0,0.0,0.0,0.0,2.0,0,https://netflix.com/account/settings
31.0,15.0,8.0,2.0,0.0,0.0,3.0,0.0,0.0,1.0,0.0,0.0,0.0,1.0,0.0,3.9779,0.0,0.0,0.0,0.0,0.0,0.0,1.0,0,https://www.outlook.com/pricing
19.0,11.0,0.0,1.0,0.0,0.0,2.0,0.0,0.0,0.0,0.0,0.0,0.0,1.0,0.0,3.8924,0.0,0.0,0.0,0.0,0.0,0.0,0.0,0,https://netflix.com
46.0,27.0,12.0,2.0,2.0,0.0,3.0,3.0,0.0,0.0,0.0,0.0,0.0,0.0,1.0,4.5613,0.0,0.0,0.0652,0.0,1.0,0.0,1.0,1,http://office365-banking-jvqlw.com/banking.php
27.0,10.0,9.0,1.0,0.0,0.0,3.0,0.0,0.0,0.0,0.0,0.0,0.0,1.0,0.0,3.8562,0.0,0.0,0.0,0.0,0.0,0.0,1.0,0,https://amazon.com/products
27.0,13.0,6.0,1.0,0.0,0.0,3.0,0.0,0.0,0.0,0.0,0.0,0.0,1.0,0.0,3.764,0.0,0.0,0.0,0.0,0.0,0.0,1.0,0,https://microsoft.com/about
41.0,14.0,20.0,3.0,0.0,0.0,5.0,15.0,0.0,0.0,0.0,1.0,0.0,0.0,1.0,4.181,0.0,0.0,0.3659,0.0,0.0,0.0,3.0,1,http://106.116.15.189/banking/paypal/4635
23.0,9.0,6.0,1.0,0.0,0.0,3.0,0.0,0.0,0.0,0.0,0.0,0.0,1.0,0.0,3.8492,0.0,0.0,0.0,0.0,0.0,0.0,1.0,0,https://figma.com/about
44.0,30.0,6.0,2.0,2.0,0.0,3.0,1.0,0.0,1.0,0.0,0.0,0.0,1.0,1.0,4.3565,0.0,0.0,0.0227,0.0,1.0,1.0,1.0,1,https://paypal-login.service-mke5.info/login
42.0,13.0,22.0,3.0,0.0,0.0,5.0,12.0,0.0,0.0,0.0,1.0,0.0,0.0,1.0,4.2797,0.0,0.0,0.2857,0.0,0.0,0.0,3.0,1,http://21.242.232.45/banking/coinbase/o9q5
43.0,11.0,24.0,1.0,1.0,0.0,5.0,4.0,0.0,0.0,0.0,0.0,0.0,1.0,0.0,4.2664,0.0,0.0,0.093,0.0,0.0,0.0,3.0,0,https://mozilla.org/blog/2024/annual-report
20.0,5.0,8.0,1.0,0.0,0.0,3.0,2.0,0.0,0.0,0.0,0.0,0.0,0.0,0.0,3.7464,0.0,0.0,0.1,1.0,0.0,0.0,1.0,1,http://is.gd/ep9fc5t
56.0,21.0,14.0,1.0,1.0,0.0,4.0,1.0,2.0,0.0,1.0,0.0,0.0,0.0,1.0,4.6773,0.0,0.0,0.0179,0.0,1.0,1.0,2.0,1,http://zemffzqj-unlock.click/amazon/unlock?id=v8wziygsfu
42.0,25.0,10.0,2.0,2.0,0.0,3.0,3.0,0.0,0.0,0.0,0.0,0.0,0.0,1.0,4.1572,0.0,0.0,0.0714,0.0,1.0,0.0,1.0,1,http://microsoft-login-2iv72.com/login.php
20.0,5.0,8.0,1.0,0.0,0.0,3.0,1.0,0.0,0.0,0.0,0.0,0.0,0.0,0.0,3.8842,0.0,0.0,0.05,1.0,0.0,0.0,1.0,1,http://is.gd/m7ezrpj
36.0,14.0,14.0,1.0,0.0,0.0,5.0,1.0,0.0,0.0,0.0,0.0,0.0,1.0,0.0,4.1042,0.0,0.0,0.0278,0.0,0.0,0.0,3.0,0,https://wellsfargo.com/api/v1/status
20.0,5.0,8.0,1.0,0.0,0.0,3.0,2.0,0.0,0.0,0.0,0.0,0.0,0.0,0.0,3.8842,0.0,0.0,0.1,1.0,0.0,0.0,1.0,1,http://is.gd/20jdxor
43.0,24.0,12.0,2.0,2.0,0.0,3.0,1.0,0.0,0.0,0.0,0.0,0.0,0.0,1.0,4.0918,0.0,0.0,0.0233,0.0,1.0,0.0,1.0,1,http://paypal-confirm-1axci.com/confirm.php
26.0,10.0,8.0,1.0,0.0,0.0,3.0,0.0,0.0,0.0,0.0,0.0,0.0,1.0,0.0,3.6903,0.0,0.0,0.0,0.0,0.0,0.0,1.0,0,https://python.org/pricing
44.0,14.0,23.0,3.0,0.0,0.0,5.0,11.0,0.0,0.0,0.0,1.0,0.0,0.0,1.0,4.3542,0.0,0.0,0.25,0.0,0.0,0.0,3.0,1,http://86.200.213.180/billing/instagram/bkxr
30.0,10.0,12.0,1.0,0.0,0.0,4.0,0.0,0.0,0.0,0.0,0.0,0.0,1.0,0.0,3.8981,0.0,0.0,0.0,0.0,0.0,0.0,2.0,0,https://medium.com/news/latest
35.0,13.0,14.0,2.0,0.0,0.0,5.0,1.0,0.0,1.0,0.0,0.0,0.0,1.0,0.0,3.8973,0.0,0.0,0.0286,0.0,0.0,0.0,3.0,0,https://www.npmjs.com/api/v1/status
40.0,11.0,21.0,2.0,1.0,0.0,4.0,0.0,0.0,1.0,0.0,0.0,0.0,1.0,0.0,3.9587,0.0,0.0,0.0,0.0,0.0,0.0,2.0,0,https://www.npr.org/docs/getting-started
27.0,11.0,8.0,2.0,0.0,0.0,3.0,0.0,0.0,1.0,0.0,0.0,0.0,1.0,0.0,3.838,0.0,0.0,0.0,0.0,0.0,0.0,1.0,0,https://www.wsj.com/pricing
44.0,29.0,7.0,2.0,2.0,0.0,3.0,1.0,0.0,1.0,0.0,0.0,0.0,1.0,1.0,4.0815,0.0,0.0,0.0227,0.0,1.0,1.0,1.0,1,https://coinbase-signin.app-9bir.work/signin
30.0,16.0,6.0,2.0,0.0,0.0,3.0,0.0,0.0,1.0,0.0,0.0,0.0,1.0,0.0,4.1647,0.0,0.0,0.0,0.0,0.0,0.0,1.0,0,https://www.linkedin.com/about
51.0,35.0,8.0,2.0,2.0,0.0,3.0,3.0,0.0,1.0,0.0,0.0,0.0,1.0,1.0,4.4148,0.0,0.0,0.0588,0.0,1.0,1.0,1.0,1,https://wellsfargo-banking.session-353s.xyz/banking
45.0,26.0,12.0,2.0,2.0,0.0,3.0,0.0,0.0,0.0,0.0,0.0,0.0,0.0,1.0,4.2779,0.0,0.0,0.0,0.0,1.0,0.0,1.0,1,http://coinbase-banking-fzxav.com/banking.php
43.0,14.0,22.0,3.0,0.0,0.0,5.0,12.0,0.0,0.0,0.0,1.0,0.0,0.0,1.0,4.4814,0.0,0.0,0.2791,0.0,0.0,0.0,3.0,1,http://243.106.187.19/recover/coinbase/s2ru
48.0,28.0,12.0,2.0,2.0,0.0,3.0,2.0,0.0,0.0,0.0,0.0,0.0,1.0,1.0,4.423,0.0,0.0,0.0417,0.0,1.0,0.0,1.0,1,https://wellsfargo-billing-eu5d9.com/billing.php
30.0,16.0,6.0,1.0,0.0,0.0,3.0,0.0,0.0,0.0,0.0,0.0,0.0,1.0,0.0,4.0314,0.0,0.0,0.0,0.0,0.0,0.0,1.0,0,https://digitalocean.com/about
39.0,22.0,10.0,2.0,2.0,0.0,3.0,2.0,0.0,0.0,0.0,0.0,0.0,0.0,1.0,3.9679,0.0,0.0,0.0513,0.0,1.0,0.0,1.0,1,http://paypal-login-im0m0.com/login.php
21.0,6.0,8.0,1.0,0.0,0.0,3.0,2.0,0.0,0.0,0.0,0.0,0.0,0.0,0.0,3.6897,0.0,0.0,0.0952,1.0,0.0,0.0,1.0,1,http://bit.ly/mt3slq0
38.0,13.0,17.0,1.0,0.0,0.0,4.0,0.0,0.0,0.0,0.0,0.0,0.0,1.0,1.0,3.7764,0.0,0.0,0.0,0.0,0.0,0.0,2.0,0,https://pinterest.com/account/settings
35.0,15.0,12.0,2.0,0.0,0.0,4.0,0.0,0.0,1.0,0.0,0.0,0.0,1.0,0.0,3.9189,0.0,0.0,0.0,0.0,0.0,0.0,2.0,0,https://docs.python.org/news/latest
29.0,10.0,11.0,1.0,1.0,0.0,3.0,0.0,0.0,0.0,0.0,0.0,0.0,1.0,0.0,3.7849,0.0,0.0,0.0,0.0,0.0,0.0,1.0,0,https://python.org/contact-us
56.0,18.0,16.0,1.0,1.0,0.0,4.0,6.0,2.0,0.0,1.0,0.0,0.0,1.0,1.0,4.4809,0.0,0.0,0.1071,0.0,1.0,1.0,2.0,1,https://sfhg5m89-login.top/microsoft/login?id=f7j3pa1oto
28.0,14.0,6.0,2.0,0.0,0.0,3.0,0.0,0.0,1.0,0.0,0.0,0.0,1.0,0.0,3.8249,0.0,0.0,0.0,0.0,0.0,0.0,1.0,0,https://www.github.com/about
58.0,19.0,17.0,1.0,1.0,0.0,4.0,6.0,2.0,0.0,1.0,0.0,0.0,1.0,1.0,4.5713,0.0,0.0,0.1034,0.0,1.0,1.0,2.0,1,https://3kjbuo4a-confirm.tk/coinbase/confirm?id=44rxrs4d8i
42.0,26.0,8.0,2.0,2.0,0.0,3.0,3.0,0.0,1.0,0.0,0.0,0.0,1.0,1.0,4.3564,0.0,0.0,0.0714,0.0,1.0,1.0,1.0,1,https://chase-banking.app-260r.xyz/banking
29.0,13.0,8.0,2.0,0.0,0.0,4.0,0.0,0.0,1.0,0.0,0.0,0.0,1.0,0.0,3.9094,0.0,0.0,0.0,0.0,0.0,0.0,2.0,0,https://www.adobe.com/en/help
37.0,18.0,11.0,2.0,1.0,0.0,3.0,0.0,0.0,1.0,0.0,0.0,0.0,1.0,0.0,3.9696,0.0,0.0,0.0,0.0,0.0,0.0,1.0,0,https://www.protonmail.com/contact-us
46.0,13.0,7.0,2.0,0.0,0.0,3.0,0.0,3.0,1.0,1.0,0.0,0.0,1.0,0.0,4.3901,0.0,0.0,0.0,0.0,0.0,0.0,1.0,0,https://www.npmjs.com/search?q=python+tutorial
23.0,7.0,8.0,1.0,0.0,0.0,4.0,0.0,0.0,0.0,0.0,0.0,0.0,1.0,0.0,3.5342,0.0,0.0,0.0,0.0,0.0,0.0,2.0,0,https://npr.org/en/help
34.0,12.0,14.0,2.0,0.0,0.0,5.0,1.0,0.0,1.0,0.0,0.0,0.0,1.0,0.0,3.9735,0.0,0.0,0.0294,0.0,0.0,0.0,3.0,0,https://www.ebay.com/api/v1/status
26.0,11.0,8.0,1.0,0.0,0.0,3.0,3.0,0.0,0.0,0.0,0.0,0.0,0.0,0.0,3.9941,0.0,0.0,0.1154,1.0,0.0,0.0,1.0,1,http://tinyurl.com/zt22tf0
18.0,10.0,0.0,1.0,0.0,0.0,2.0,0.0,0.0,0.0,0.0,0.0,0.0,1.0,0.0,3.6144,0.0,0.0,0.0,0.0,0.0,0.0,0.0,0,https://amazon.com
43.0,10.0,7.0,1.0,0.0,0.0,3.0,0.0,3.0,0.0,1.0,0.0,0.0,1.0,0.0,4.3442,0.0,0.0,0.0,0.0,0.0,0.0,1.0,0,https://gitlab.com/search?q=python+tutorial
41.0,14.0,20.0,3.0,0.0,0.0,5.0,12.0,0.0,0.0,0.0,1.0,0.0,0.0,1.0,4.3178,0.0,0.0,0.2927,0.0,0.0,0.0,3.0,1,http://207.209.45.182/account/amazon/8gim
57.0,20.0,16.0,1.0,1.0,0.0,4.0,4.0,2.0,0.0,1.0,0.0,0.0,0.0,1.0,4.6289,0.0,0.0,0.0702,0.0,1.0,1.0,2.0,1,http://fm5nizuo-password.cf/paypal/password?id=c0cef65uyg
24.0,8.0,8.0,1.0,0.0,0.0,3.0,0.0,0.0,0.0,0.0,0.0,0.0,1.0,0.0,4.0535,0.0,0.0,0.0,0.0,0.0,0.0,1.0,0,https://ebay.com/pricing
36.0,15.0,13.0,2.0,0.0,0.0,4.0,0.0,0.0,1.0,0.0,0.0,0.0,1.0,0.0,4.0305,0.0,0.0,0.0,0.0,0.0,0.0,2.0,0,https://www.shopify.com/user/profile
35.0,19.0,8.0,3.0,0.0,0.0,4.0,0.0,0.0,2.0,0.0,0.0,0.0,1.0,0.0,3.9142,0.0,0.0,0.0,0.0,0.0,0.0,2.0,0,https://www.docs.python.org/en/help
42.0,10.0,24.0,1.0,1.0,0.0,5.0,4.0,0.0,0.0,0.0,0.0,0.0,1.0,0.0,4.3657,0.0,0.0,0.0952,0.0,0.0,0.0,3.0,0,https://reddit.com/blog/2024/annual-report
44.0,29.0,8.0,2.0,2.0,0.0,3.0,2.0,0.0,1.0,0.0,0.0,0.0,0.0,1.0,4.1858,0.0,0.0,0.0455,0.0,1.0,1.0,1.0,1,http://amazon-confirm.center-7g3f.ga/confirm
20.0,5.0,8.0,1.0,0.0,0.0,3.0,2.0,0.0,0.0,0.0,0.0,0.0,0.0,0.0,3.6464,0.0,0.0,0.1,1.0,0.0,0.0,1.0,1,http://is.gd/w9uu9uk
35.0,10.0,17.0,1.0,0.0,0.0,4.0,0.0,0.0,0.0,0.0,0.0,0.0,1.0,1.0,3.9113,0.0,0.0,0.0,0.0,0.0,0.0,2.0,0,https://paypal.com/account/settings
32.0,15.0,9.0,1.0,0.0,0.0,3.0,0.0,0.0,0.0,0.0,0.0,0.0,1.0,0.0,4.1167,0.0,0.0,0.0,0.0,0.0,0.0,1.0,0,https://khanacademy.org/products
31.0,9.0,14.0,1.0,0.0,0.0,5.0,1.0,0.0,0.0,0.0,0.0,0.0,1.0,0.0,3.8858,0.0,0.0,0.0323,0.0,0.0,0.0,3.0,0,https://adobe.com/api/v1/status
43.0,14.0,21.0,1.0,1.0,0.0,4.0,0.0,0.0,0.0,0.0,0.0,0.0,1.0,0.0,4.0215,0.0,0.0,0.0,0.0,0.0,0.0,2.0,0,https://protonmail.com/docs/getting-started
25.0,9.0,8.0,1.0,0.0,0.0,3.0,0.0,0.0,0.0,0.0,0.0,0.0,1.0,0.0,3.6733,0.0,0.0,0.0,0.0,0.0,0.0,1.0,0,https://apple.com/careers
41.0,12.0,21.0,1.0,1.0,0.0,4.0,0.0,0.0,0.0,0.0,0.0,0.0,1.0,0.0,3.8996,0.0,0.0,0.0,0.0,0.0,0.0,2.0,0,https://coursera.org/docs/getting-started
32.0,16.0,8.0,2.0,0.0,0.0,4.0,0.0,0.0,1.0,0.0,0.0,0.0,1.0,0.0,3.9292,0.0,0.0,0.0,0.0,0.0,0.0,2.0,0,https://www.coursera.org/en/help
38.0,17.0,13.0,2.0,0.0,0.0,4.0,0.0,0.0,1.0,0.0,0.0,0.0,1.0,0.0,3.9579,0.0,0.0,0.0,0.0,0.0,0.0,2.0,0,https://www.pinterest.com/user/profile
27.0,11.0,8.0,1.0,0.0,0.0,4.0,0.0,0.0,0.0,0.0,0.0,0.0,1.0,0.0,3.736,0.0,0.0,0.0,0.0,0.0,0.0,2.0,0,https://nytimes.com/en/help
43.0,24.0,12.0,2.0,2.0,0.0,3.0,1.0,0.0,0.0,0.0,0.0,0.0,0.0,1.0,4.0894,0.0,0.0,0.0233,0.0,1.0,0.0,1.0,1,http://google-account-h9siw.com/account.php
55.0,18.0,15.0,1.0,1.0,0.0,4.0,6.0,2.0,0.0,1.0,0.0,0.0,1.0,1.0,4.9175,0.0,0.0,0.1091,0.0,1.0,1.0,2.0,1,https://9uw5xtb8-login.xyz/facebook/login?id=rla01dtwj7
55.0,18.0,15.0,1.0,1.0,0.0,4.0,5.0,2.0,0.0,1.0,0.0,0.0,1.0,1.0,4.7357,0.0,0.0,0.0909,0.0,1.0,1.0,2.0,1,https://m7gr6n4t-verify.cf/netflix/verify?id=3uw6dmcagz
28.0,11.0,9.0,1.0,0.0,0.0,3.0,0.0,0.0,0.0,0.0,0.0,0.0,1.0,0.0,3.8154,0.0,0.0,0.0,0.0,0.0,0.0,1.0,0,https://shopify.com/products
48.0,34.0,7.0,2.0,2.0,0.0,3.0,2.0,0.0,1.0,0.0,0.0,0.0,0.0,1.0,4.1552,0.0,0.0,0.0417,0.0,1.0,1.0,1.0,1,http://wellsfargo-secure.support-k09l.top/secure
39.0,7.0,24.0,1.0,1.0,0.0,5.0,4.0,0.0,0.0,0.0,0.0,0.0,1.0,0.0,4.2504,0.0,0.0,0.1026,0.0,0.0,0.0,3.0,0,https://zoom.us/blog/2024/annual-report
48.0,15.0,7.0,2.0,0.0,0.0,3.0,0.0,3.0,1.0,1.0,0.0,0.0,1.0,0.0,4.4154,0.0,0.0,0.0,0.0,0.0,0.0,1.0,0,https://www.mozilla.org/search?q=python+tutorial
41.0,13.0,21.0,3.0,0.0,0.0,5.0,11.0,0.0,0.0,0.0,1.0,0.0,0.0,1.0,4.2994,0.0,0.0,0.2683,0.0,0.0,0.0,3.0,1,http://113.174.232.9/banking/netflix/wif7
44.0,28.0,8.0,2.0,2.0,0.0,3.0,1.0,0.0,1.0,0.0,0.0,0.0,1.0,1.0,4.0964,0.0,0.0,0.0227,0.0,1.0,1.0,1.0,1,https://paypal-billing.app-yha9.work/billing
38.0,9.0,21.0,1.0,1.0,0.0,4.0,0.0,0.0,0.0,0.0,0.0,0.0,1.0,0.0,3.9708,0.0,0.0,0.0,0.0,0.0,0.0,2.0,0,https://adobe.com/docs/getting-started
22.0,13.0,1.0,2.0,0.0,0.0,3.0,0.0,0.0,1.0,0.0,0.0,0.0,1.0,0.0,3.1701,0.0,0.0,0.0,0.0,0.0,0.0,0.0,0,https://www.twitch.tv/
44.0,15.0,22.0,3.0,0.0,0.0,5.0,17.0,0.0,0.0,0.0,1.0,0.0,0.0,1.0,4.2179,0.0,0.0,0.3864,0.0,0.0,0.0,3.0,1,http://195.165.239.135/signin/office365/8z1t
21.0,13.0,0.0,1.0,0.0,0.0,2.0,0.0,0.0,0.0,0.0,0.0,0.0,1.0,0.0,3.6178,0.0,0.0,0.0,0.0,0.0,0.0,0.0,0,https://atlassian.com
20.0,5.0,8.0,1.0,0.0,0.0,3.0,4.0,0.0,0.0,0.0,0.0,0.0,0.0,0.0,3.7842,0.0,0.0,0.2,1.0,0.0,0.0,1.0,1,http://is.gd/8z737wz
43.0,24.0,12.0,2.0,2.0,0.0,3.0,0.0,0.0,0.0,0.0,0.0,0.0,0.0,1.0,3.8218,0.0,0.0,0.0,0.0,1.0,0.0,1.0,1,http://paypal-account-fputb.com/account.php
41.0,22.0,11.0,2.0,2.0,0.0,3.0,1.0,0.0,0.0,0.0,0.0,0.0,1.0,1.0,3.9092,0.0,0.0,0.0244,0.0,1.0,0.0,1.0,1,https://chase-update-s3guu.com/update.php
32.0,10.0,14.0,1.0,0.0,0.0,5.0,1.0,0.0,0.0,0.0,0.0,0.0,1.0,0.0,3.9025,0.0,0.0,0.0312,0.0,0.0,0.0,3.0,0,https://google.com/api/v1/status
43.0,24.0,12.0,2.0,2.0,0.0,3.0,2.0,0.0,0.0,0.0,0.0,0.0,0.0,1.0,4.1269,0.0,0.0,0.0465,0.0,1.0,0.0,1.0,1,http://amazon-recover-6k9ur.com/recover.php
21.0,6.0,8.0,1.0,0.0,0.0,3.0,1.0,0.0,0.0,0.0,0.0,0.0,0.0,0.0,3.8442,0.0,0.0,0.0476,1.0,0.0,0.0,1.0,1,http://bit.ly/x5abdez
26.0,11.0,8.0,1.0,0.0,0.0,3.0,2.0,0.0,0.0,0.0,0.0,0.0,0.0,0.0,4.1808,0.0,0.0,0.0769,1.0,0.0,0.0,1.0,1,http://tinyurl.com/qz7zj2l
35.0,10.0,17.0,1.0,0.0,0.0,4.0,0.0,0.0,0.0,0.0,0.0,0.0,1.0,1.0,3.843,0.0,0.0,0.0,0.0,0.0,0.0,2.0,0,https://github.com/account/settings
30.0,13.0,9.0,2.0,0.0,0.0,3.0,0.0,0.0,1.0,0.0,0.0,0.0,1.0,0.0,3.8981,0.0,0.0,0.0,0.0,0.0,0.0,1.0,0,https://www.apple.com/products
19.0,11.0,0.0,1.0,0.0,0.0,2.0,0.0,0.0,0.0,0.0,0.0,0.0,1.0,0.0,3.5766,0.0,0.0,0.0,0.0,0.0,0.0,0.0,0,https://spotify.com
17.0,9.0,0.0,2.0,0.0,0.0,2.0,0.0,0.0,1.0,0.0,0.0,0.0,1.0,0.0,3.4992,0.0,0.0,0.0,0.0,0.0,0.0,0.0,0,https://bbc.co.uk
42.0,14.0,21.0,3.0,0.0,0.0,5.0,11.0,0.0,0.0,0.0,1.0,0.0,0.0,1.0,4.3297,0.0,0.0,0.2619,0.0,0.0,0.0,3.0,1,http://159.227.187.58/recover/netflix/vsvc
32.0,13.0,11.0,2.0,1.0,0.0,3.0,0.0,0.0,1.0,0.0,0.0,0.0,1.0,0.0,3.8042,0.0,0.0,0.0,0.0,0.0,0.0,1.0,0,https://www.chase.com/contact-us
28.0,12.0,8.0,2.0,0.0,0.0,4.0,0.0,0.0,1.0,0.0,0.0,0.0,1.0,0.0,3.8963,0.0,0.0,0.0,0.0,0.0,0.0,2.0,0,https://www.ebay.com/en/help
33.0,14.0,11.0,2.0,1.0,0.0,3.0,0.0,0.0,1.0,0.0,0.0,0.0,1.0,0.0,3.8391,0.0,0.0,0.0,0.0,0.0,0.0,1.0,0,https://www.amazon.com/contact-us
25.0,11.0,6.0,1.0,0.0,0.0,3.0,0.0,0.0,0.0,0.0,0.0,0.0,1.0,0.0,3.7835,0.0,0.0,0.0,0.0,0.0,0.0,1.0,0,https://dropbox.com/about
44.0,30.0,6.0,2.0,2.0,0.0,3.0,1.0,0.0,1.0,0.0,0.0,0.0,1.0,1.0,4.2805,0.0,0.0,0.0227,0.0,1.0,1.0,1.0,1,https://instagram-login.center-mw8d.tk/login
26.0,10.0,8.0,1.0,0.0,0.0,4.0,0.0,0.0,0.0,0.0,0.0,0.0,1.0,0.0,3.9022,0.0,0.0,0.0,0.0,0.0,0.0,2.0,0,https://gitlab.com/en/help
46.0,31.0,8.0,2.0,2.0,0.0,3.0,0.0,0.0,1.0,0.0,0.0,0.0,0.0,1.0,4.214,0.0,0.0,0.0,0.0,1.0,1.0,1.0,1,http://wellsfargo-recover.auth-saqn.gq/recover
45.0,24.0,13.0,2.0,2.0,0.0,3.0,3.0,0.0,0.0,0.0,0.0,0.0,1.0,1.0,4.1554,0.0,0.0,0.0667,0.0,1.0,0.0,1.0,1,https://chase-password-519jn.com/password.php
57.0,20.0,16.0,1.0,1.0,0.0,4.0,4.0,2.0,0.0,1.0,0.0,0.0,0.0,1.0,4.2297,0.0,0.0,0.0702,0.0,1.0,1.0,2.0,1,http://o3xpal9r-password.ml/paypal/password?id=2zdpy2aisp
37.0,11.0,19.0,3.0,0.0,0.0,5.0,9.0,0.0,0.0,0.0,1.0,0.0,0.0,1.0,4.3684,0.0,0.0,0.2432,0.0,0.0,0.0,3.0,1,http://104.9.14.48/secure/amazon/mdl6
40.0,7.0,7.0,1.0,0.0,0.0,3.0,0.0,3.0,0.0,1.0,0.0,0.0,1.0,0.0,4.2964,0.0,0.0,0.0,0.0,0.0,0.0,1.0,0,https://mit.edu/search?q=python+tutorial
44.0,24.0,12.0,2.0,2.0,0.0,3.0,0.0,0.0,0.0,0.0,0.0,0.0,1.0,1.0,4.2805,0.0,0.0,0.0,0.0,1.0,0.0,1.0,1,https://paypal-confirm-cgueq.com/confirm.php
55.0,20.0,14.0,1.0,1.0,0.0,4.0,4.0,2.0,0.0,1.0,0.0,0.0,0.0,1.0,4.4835,0.0,0.0,0.0727,0.0,1.0,1.0,2.0,1,http://dqqbw8cp-login.click/netflix/login?id=wge62h6epn
44.0,15.0,21.0,2.0,1.0,0.0,4.0,0.0,0.0,1.0,0.0,0.0,0.0,1.0,0.0,4.1635,0.0,0.0,0.0,0.0,0.0,0.0,2.0,0,https://www.shopify.com/docs/getting-started
44.0,14.0,23.0,3.0,0.0,0.0,5.0,13.0,0.0,0.0,0.0,1.0,0.0,0.0,1.0,4.4563,0.0,0.0,0.2955,0.0,0.0,0.0,3.0,1,http://198.206.77.157/billing/microsoft/21al
31.0,14.0,9.0,1.0,0.0,0.0,3.0,0.0,0.0,0.0,0.0,0.0,0.0,1.0,0.0,4.0826,0.0,0.0,0.0,0.0,0.0,0.0,1.0,0,https://wellsfargo.com/products
31.0,10.0,13.0,1.0,0.0,0.0,4.0,0.0,0.0,0.0,0.0,0.0,0.0,1.0,0.0,4.0911,0.0,0.0,0.0,0.0,0.0,0.0,2.0,0,https://gitlab.com/user/profile
43.0,24.0,11.0,2.0,2.0,0.0,3.0,4.0,0.0,0.0,0.0,0.0,0.0,1.0,1.0,4.3907,0.0,0.0,0.093,0.0,1.0,0.0,1.0,1,https://netflix-verify-3773u.com/verify.php
21.0,6.0,8.0,1.0,0.0,0.0,3.0,1.0,0.0,0.0,0.0,0.0,0.0,0.0,0.0,3.749,0.0,0.0,0.0476,1.0,0.0,0.0,1.0,1,http://bit.ly/qv0svin
43.0,25.0,11.0,2.0,2.0,0.0,3.0,1.0,0.0,0.0,0.0,0.0,0.0,0.0,1.0,4.0894,0.0,0.0,0.0233,0.0,1.0,0.0,1.0,1,http://coinbase-update-o0wat.com/update.php
41.0,27.0,7.0,2.0,2.0,0.0,3.0,2.0,0.0,1.0,0.0,0.0,0.0,0.0,1.0,4.2476,0.0,0.0,0.0488,0.0,1.0,1.0,1.0,1,http://google-signin.team-1f2a.xyz/signin
60.0,21.0,17.0,1.0,1.0,0.0,4.0,3.0,2.0,0.0,1.0,0.0,0.0,1.0,1.0,4.5314,0.0,0.0,0.05,0.0,1.0,1.0,2.0,1,https://a1ww29kb-account.work/facebook/account?id=gbrmlkoclm
58.0,20.0,16.0,1.0,1.0,0.0,4.0,3.0,2.0,0.0,1.0,0.0,0.0,1.0,1.0,4.5995,0.0,0.0,0.0517,0.0,1.0,1.0,2.0,1,https://m60bl8iz-password.ml/paypal/password?id=iwqkcqekof
40.0,15.0,17.0,1.0,0.0,0.0,4.0,0.0,0.0,0.0,0.0,0.0,0.0,1.0,1.0,3.9587,0.0,0.0,0.0,0.0,0.0,0.0,2.0,0,https://theguardian.com/account/settings
44.0,15.0,22.0,3.0,0.0,0.0,5.0,15.0,0.0,0.0,0.0,1.0,0.0,0.0,1.0,4.4906,0.0,0.0,0.3409,0.0,0.0,0.0,3.0,1,http://246.186.233.107/update/office365/anzx
21.0,6.0,8.0,1.0,0.0,0.0,3.0,1.0,0.0,0.0,0.0,0.0,0.0,0.0,0.0,3.8442,0.0,0.0,0.0476,1.0,0.0,0.0,1.0,1,http://bit.ly/c2mawbx
54.0,19.0,14.0,1.0,1.0,0.0,4.0,3.0,2.0,0.0,1.0,0.0,0.0,0.0,1.0,4.5441,0.0,0.0,0.0556,0.0,1.0,1.0,2.0,1,http://pllb5hvf-suspend.ga/chase/suspend?id=gzy0y4ivlg
59.0,20.0,17.0,1.0,1.0,0.0,4.0,2.0,2.0,0.0,1.0,0.0,0.0,1.0,1.0,4.516,0.0,0.0,0.0339,0.0,1.0,1.0,2.0,1,https://5mio6ijo-password.ml/netflix/password?id=fgzsgpoqlt
54.0,19.0,14.0,1.0,1.0,0.0,4.0,7.0,2.0,0.0,1.0,0.0,0.0,0.0,1.0,4.5879,0.0,0.0,0.1296,0.0,1.0,1.0,2.0,1,http://t50gso36-update.top/google/update?id=7qrn3dzyf8
43.0,28.0,7.0,2.0,2.0,0.0,3.0,2.0,0.0,1.0,0.0,0.0,0.0,1.0,1.0,3.9148,0.0,0.0,0.0465,0.0,1.0,1.0,1.0,1,https://apple-signin.session-4mg8.ml/signin
47.0,27.0,12.0,2.0,2.0,0.0,3.0,4.0,0.0,0.0,0.0,0.0,0.0,1.0,1.0,4.2646,0.0,0.0,0.0851,0.0,1.0,0.0,1.0,1,https://office365-invoice-rd3kn.com/invoice.php
38.0,12.0,19.0,3.0,0.0,0.0,5.0,9.0,0.0,0.0,0.0,1.0,0.0,0.0,1.0,4.1589,0.0,0.0,0.2368,0.0,0.0,0.0,3.0,1,http://52.30.155.24/recover/apple/yvtm
47.0,14.0,7.0,2.0,0.0,0.0,3.0,0.0,3.0,1.0,1.0,0.0,0.0,1.0,0.0,4.3923,0.0,0.0,0.0,0.0,0.0,0.0,1.0,0,https://www.office.com/search?q=python+tutorial
46.0,13.0,7.0,1.0,0.0,0.0,3.0,0.0,3.0,0.0,1.0,0.0,0.0,1.0,0.0,4.3901,0.0,0.0,0.0,0.0,0.0,0.0,1.0,0,https://wikipedia.org/search?q=python+tutorial
43.0,29.0,7.0,2.0,2.0,0.0,3.0,2.0,0.0,1.0,0.0,0.0,0.0,0.0,1.0,4.2398,0.0,0.0,0.0465,0.0,1.0,1.0,1.0,1,http://chase-verify.support-6h4j.top/verify
21.0,6.0,8.0,1.0,0.0,0.0,3.0,2.0,0.0,0.0,0.0,0.0,0.0,0.0,0.0,3.8442,0.0,0.0,0.0952,1.0,0.0,0.0,1.0,1,http://bit.ly/1kdsk8x
59.0,20.0,17.0,1.0,1.0,0.0,4.0,5.0,2.0,0.0,1.0,0.0,0.0,1.0,1.0,4.6627,0.0,0.0,0.0847,0.0,1.0,1.0,2.0,1,https://phj2gciy-wallet.info/instagram/wallet?id=4y4kbx2l2b
48.0,15.0,7.0,2.0,0.0,0.0,3.0,0.0,3.0,1.0,1.0,0.0,0.0,1.0,0.0,4.3499,0.0,0.0,0.0,0.0,0.0,0.0,1.0,0,https://www.spotify.com/search?q=python+tutorial
25.0,9.0,8.0,2.0,0.0,0.0,4.0,0.0,0.0,1.0,0.0,0.0,0.0,1.0,0.0,3.7639,0.0,0.0,0.0,0.0,0.0,0.0,2.0,0,https://bbc.co.uk/en/help
44.0,25.0,11.0,2.0,2.0,0.0,3.0,2.0,0.0,0.0,0.0,0.0,0.0,1.0,1.0,4.3342,0.0,0.0,0.0455,0.0,1.0,0.0,1.0,1,https://coinbase-unlock-pz4r3.com/unlock.php
44.0,30.0,7.0,2.0,2.0,0.0,3.0,1.0,0.0,1.0,0.0,0.0,0.0,0.0,1.0,4.2916,0.0,0.0,0.0227,0.0,1.0,1.0,1.0,1,http://netflix-wallet.support-x7cd.gq/wallet
41.0,13.0,21.0,3.0,0.0,0.0,5.0,12.0,0.0,0.0,0.0,1.0,0.0,0.0,1.0,4.4154,0.0,0.0,0.2927,0.0,0.0,0.0,3.0,1,http://110.29.176.40/login/microsoft/em45
17.0,9.0,0.0,1.0,0.0,0.0,2.0,0.0,0.0,0.0,0.0,0.0,0.0,1.0,0.0,3.7345,0.0,0.0,0.0,0.0,0.0,0.0,0.0,0,https://adobe.com
26.0,12.0,6.0,1.0,0.0,0.0,3.0,0.0,0.0,0.0,0.0,0.0,0.0,1.0,0.0,3.8253,0.0,0.0,0.0,0.0,0.0,0.0,1.0,0,https://stanford.edu/about
47.0,32.0,8.0,2.0,2.0,0.0,3.0,3.0,0.0,1.0,0.0,0.0,0.0,0.0,1.0,4.1656,0.0,0.0,0.0638,0.0,1.0,1.0,1.0,1,http://instagram-account.portal-q953.ga/account
30.0,14.0,8.0,2.0,0.0,0.0,3.0,0.0,0.0,1.0,0.0,0.0,0.0,1.0,0.0,3.8062,0.0,0.0,0.0,0.0,0.0,0.0,1.0,0,https://www.python.org/pricing
24.0,15.0,1.0,2.0,0.0,0.0,3.0,0.0,0.0,1.0,0.0,0.0,0.0,1.0,0.0,3.6573,0.0,0.0,0.0,0.0,0.0,0.0,0.0,0,https://www.spotify.com/
32.0,12.0,12.0,1.0,0.0,0.0,4.0,0.0,0.0,0.0,0.0,0.0,0.0,1.0,0.0,3.8011,0.0,0.0,0.0,0.0,0.0,0.0,2.0,0,https://stanford.edu/news/latest
17.0,9.0,0.0,1.0,0.0,0.0,2.0,0.0,0.0,0.0,0.0,0.0,0.0,1.0,0.0,3.1692,0.0,0.0,0.0,0.0,0.0,0.0,0.0,0,https://twitch.tv
48.0,15.0,7.0,2.0,0.0,0.0,3.0,0.0,3.0,1.0,1.0,0.0,0.0,1.0,0.0,4.4489,0.0,0.0,0.0,0.0,0.0,0.0,1.0,0,https://www.netflix.com/search?q=python+tutorial
23.0,7.0,8.0,1.0,0.0,0.0,3.0,0.0,0.0,0.0,0.0,0.0,0.0,1.0,0.0,3.6212,0.0,0.0,0.0,0.0,0.0,0.0,1.0,0,https://npr.org/careers
26.0,10.0,8.0,1.0,0.0,0.0,3.0,0.0,0.0,0.0,0.0,0.0,0.0,1.0,0.0,3.7672,0.0,0.0,0.0,0.0,0.0,0.0,1.0,0,https://office.com/careers
30.0,16.0,6.0,2.0,0.0,0.0,3.0,0.0,0.0,1.0,0.0,0.0,0.0,1.0,0.0,3.8477,0.0,0.0,0.0,0.0,0.0,0.0,1.0,0,https://www.coursera.org/about
55.0,20.0,14.0,1.0,1.0,0.0,4.0,3.0,2.0,0.0,1.0,0.0,0.0,0.0,1.0,4.5681,0.0,0.0,0.0545,0.0,1.0,1.0,2.0,1,http://ovl8wwpx-wallet.work/amazon/wallet?id=vjcxyecd05
39.0,10.0,21.0,1.0,1.0,0.0,4.0,0.0,0.0,0.0,0.0,0.0,0.0,1.0,0.0,4.0604,0.0,0.0,0.0,0.0,0.0,0.0,2.0,0,https://paypal.com/docs/getting-started
17.0,9.0,0.0,1.0,0.0,0.0,2.0,0.0,0.0,0.0,0.0,0.0,0.0,1.0,0.0,3.5725,0.0,0.0,0.0,0.0,0.0,0.0,0.0,0,https://apple.com
20.0,11.0,1.0,2.0,0.0,0.0,3.0,0.0,0.0,1.0,0.0,0.0,0.0,1.0,0.0,3.4464,0.0,0.0,0.0,0.0,0.0,0.0,0.0,0,https://www.npr.org/
35.0,14.0,13.0,2.0,0.0,0.0,4.0,0.0,0.0,1.0,0.0,0.0,0.0,1.0,0.0,4.0004,0.0,0.0,0.0,0.0,0.0,0.0,2.0,0,https://www.google.com/user/profile
32.0,11.0,13.0,2.0,0.0,0.0,4.0,0.0,0.0,1.0,0.0,0.0,0.0,1.0,0.0,4.0153,0.0,0.0,0.0,0.0,0.0,0.0,2.0,0,https://www.usa.gov/user/profile
39.0,7.0,24.0,1.0,1.0,0.0,5.0,4.0,0.0,0.0,0.0,0.0,0.0,1.0,0.0,4.3849,0.0,0.0,0.1026,0.0,0.0,0.0,3.0,0,https://wsj.com/blog/2024/annual-report
44.0,29.0,7.0,2.0,2.0,0.0,3.0,1.0,0.0,1.0,0.0,0.0,0.0,1.0,1.0,4.153,0.0,0.0,0.0227,0.0,1.0,1.0,1.0,1,https://netflix-signin.portal-d9dx.ml/signin
29.0,7.0,14.0,1.0,0.0,0.0,5.0,1.0,0.0,0.0,0.0,0.0,0.0,1.0,0.0,3.7159,0.0,0.0,0.0345,0.0,0.0,0.0,3.0,0,https://npr.org/api/v1/status
60.0,22.0,16.0,1.0,1.0,0.0,4.0,5.0,2.0,0.0,1.0,0.0,0.0,1.0,1.0,4.6522,0.0,0.0,0.0833,0.0,1.0,1.0,2.0,1,https://maxq7kro-recover.click/netflix/recover?id=96rpdje38h
26.0,11.0,8.0,1.0,0.0,0.0,3.0,1.0,0.0,0.0,0.0,0.0,0.0,0.0,0.0,4.1329,0.0,0.0,0.0385,1.0,0.0,0.0,1.0,1,http://tinyurl.com/vmt6kag
46.0,14.0,24.0,2.0,1.0,0.0,5.0,4.0,0.0,1.0,0.0,0.0,0.0,1.0,0.0,4.4557,0.0,0.0,0.087,0.0,0.0,0.0,3.0,0,https://www.office.com/blog/2024/annual-report
24.0,7.0,9.0,1.0,0.0,0.0,3.0,0.0,0.0,0.0,0.0,0.0,0.0,1.0,0.0,3.7406,0.0,0.0,0.0,0.0,0.0,0.0,1.0,0,https://irs.gov/products
43.0,27.0,8.0,2.0,2.0,0.0,3.0,0.0,0.0,1.0,0.0,0.0,0.0,1.0,1.0,4.2199,0.0,0.0,0.0,0.0,1.0,1.0,1.0,1,https://paypal-banking.user-mjnt.ml/banking
40.0,26.0,7.0,2.0,2.0,0.0,3.0,0.0,0.0,1.0,0.0,0.0,0.0,0.0,1.0,4.2776,0.0,0.0,0.0,0.0,1.0,1.0,1.0,1,http://amazon-verify.team-pwkn.cf/verify
43.0,29.0,7.0,2.0,2.0,0.0,3.0,2.0,0.0,1.0,0.0,0.0,0.0,0.0,1.0,4.1649,0.0,0.0,0.0465,0.0,1.0,1.0,1.0,1,http://chase-signin.portal-z4h9.info/signin
45.0,26.0,11.0,2.0,2.0,0.0,3.0,2.0,0.0,0.0,0.0,0.0,0.0,1.0,1.0,4.2189,0.0,0.0,0.0444,0.0,1.0,0.0,1.0,1,https://instagram-secure-0km6h.com/secure.php
47.0,32.0,8.0,2.0,2.0,0.0,3.0,3.0,0.0,1.0,0.0,0.0,0.0,0.0,1.0,4.5277,0.0,0.0,0.0638,0.0,1.0,1.0,1.0,1,http://wellsfargo-invoice.team-26x2.xyz/invoice
42.0,14.0,21.0,3.0,0.0,0.0,5.0,12.0,0.0,0.0,0.0,1.0,0.0,0.0,1.0,4.0916,0.0,0.0,0.2857,0.0,0.0,0.0,3.0,1,http://66.119.252.119/billing/netflix/bia2
35.0,19.0,8.0,3.0,0.0,0.0,3.0,0.0,0.0,2.0,0.0,0.0,0.0,1.0,0.0,3.9497,0.0,0.0,0.0,0.0,0.0,0.0,1.0,0,https://www.docs.python.org/careers
45.0,13.0,24.0,1.0,1.0,0.0,5.0,4.0,0.0,0.0,0.0,0.0,0.0,1.0,0.0,4.2698,0.0,0.0,0.0889,0.0,0.0,0.0,3.0,0,https://pinterest.com/blog/2024/annual-report
46.0,14.0,24.0,2.0,1.0,0.0,5.0,4.0,0.0,1.0,0.0,0.0,0.0,1.0,0.0,4.4123,0.0,0.0,0.087,0.0,0.0,0.0,3.0,0,https://www.github.com/blog/2024/annual-report
40.0,11.0,21.0,1.0,1.0,0.0,4.0,0.0,0.0,0.0,0.0,0.0,0.0,1.0,0.0,4.0215,0.0,0.0,0.0,0.0,0.0,0.0,2.0,0,https://outlook.com/docs/getting-started
41.0,26.0,7.0,2.0,2.0,0.0,3.0,1.0,0.0,1.0,0.0,0.0,0.0,1.0,1.0,4.2411,0.0,0.0,0.0244,0.0,1.0,1.0,1.0,1,https://netflix-verify.app-4sjp.ml/verify
16.0,7.0,1.0,1.0,0.0,0.0,3.0,0.0,0.0,0.0,0.0,0.0,0.0,1.0,0.0,3.4528,0.0,0.0,0.0,0.0,0.0,0.0,0.0,0,https://irs.gov/
29.0,15.0,6.0,2.0,0.0,0.0,3.0,0.0,0.0,1.0,0.0,0.0,0.0,1.0,0.0,3.9952,0.0,0.0,0.0,0.0,0.0,0.0,1.0,0,https://www.mozilla.org/about
26.0,10.0,8.0,1.0,0.0,0.0,3.0,0.0,0.0,0.0,0.0,0.0,0.0,1.0,0.0,3.7672,0.0,0.0,0.0,0.0,0.0,0.0,1.0,0,https://paypal.com/careers
40.0,15.0,18.0,3.0,0.0,0.0,5.0,13.0,0.0,0.0,0.0,1.0,0.0,0.0,1.0,3.9971,0.0,0.0,0.325,0.0,0.0,0.0,3.0,1,http://100.206.114.175/wallet/chase/we1h
23.0,9.0,6.0,1.0,0.0,0.0,3.0,0.0,0.0,0.0,0.0,0.0,0.0,1.0,0.0,3.4473,0.0,0.0,0.0,0.0,0.0,0.0,1.0,0,https://notion.so/about
23.0,15.0,0.0,2.0,0.0,0.0,2.0,0.0,0.0,1.0,0.0,0.0,0.0,1.0,0.0,3.7623,0.0,0.0,0.0,0.0,0.0,0.0,0.0,0,https://www.dropbox.com
27.0,11.0,8.0,1.0,0.0,0.0,4.0,0.0,0.0,0.0,0.0,0.0,0.0,1.0,0.0,3.8101,0.0,0.0,0.0,0.0,0.0,0.0,2.0,0,https://spotify.com/en/help
36.0,20.0,8.0,2.0,0.0,0.0,3.0,0.0,0.0,1.0,0.0,0.0,0.0,1.0,0.0,4.0997,0.0,0.0,0.0,0.0,0.0,0.0,1.0,0,https://www.digitalocean.com/careers
21.0,6.0,8.0,1.0,0.0,0.0,3.0,2.0,0.0,0.0,0.0,0.0,0.0,0.0,0.0,3.6538,0.0,0.0,0.0952,1.0,0.0,0.0,1.0,1,http://bit.ly/nyhfl67
43.0,14.0,21.0,2.0,1.0,0.0,4.0,0.0,0.0,1.0,0.0,0.0,0.0,1.0,0.0,4.1581,0.0,0.0,0.0,0.0,0.0,0.0,2.0,0,https://www.paypal.com/docs/getting-started
44.0,11.0,7.0,2.0,0.0,0.0,3.0,0.0,3.0,1.0,1.0,0.0,0.0,1.0,0.0,4.3654,0.0,0.0,0.0,0.0,0.0,0.0,1.0,0,https://www.irs.gov/search?q=python+tutorial
59.0,19.0,18.0,1.0,1.0,0.0,4.0,7.0,2.0,0.0,1.0,0.0,0.0,1.0,1.0,4.5898,0.0,0.0,0.1186,0.0,1.0,1.0,2.0,1,https://49d0edji-billing.ml/microsoft/billing?id=pehz492by4
24.0,7.0,9.0,1.0,0.0,0.0,3.0,0.0,0.0,0.0,0.0,0.0,0.0,1.0,0.0,3.7202,0.0,0.0,0.0,0.0,0.0,0.0,1.0,0,https://mit.edu/products
40.0,12.0,21.0,3.0,0.0,0.0,5.0,11.0,0.0,0.0,0.0,1.0,0.0,0.0,1.0,4.4439,0.0,0.0,0.275,0.0,0.0,0.0,3.0,1,http://51.104.76.97/password/amazon/83fh
50.0,34.0,8.0,2.0,2.0,0.0,3.0,3.0,0.0,1.0,0.0,0.0,0.0,1.0,1.0,4.304,0.0,0.0,0.06,0.0,1.0,1.0,1.0,1,https://wellsfargo-recover.mobile-83g4.top/recover
43.0,13.0,23.0,3.0,0.0,0.0,5.0,10.0,0.0,0.0,0.0,1.0,0.0,0.0,1.0,4.2954,0.0,0.0,0.2326,0.0,0.0,0.0,3.0,1,http://220.200.33.10/unlock/wellsfargo/pact
27.0,13.0,6.0,2.0,0.0,0.0,3.0,0.0,0.0,1.0,0.0,0.0,0.0,1.0,0.0,3.5599,0.0,0.0,0.0,0.0,0.0,0.0,1.0,0,https://www.twitch.tv/about
34.0,15.0,11.0,2.0,1.0,0.0,3.0,0.0,0.0,1.0,0.0,0.0,0.0,1.0,0.0,3.9291,0.0,0.0,0.0,0.0,0.0,0.0,1.0,0,https://www.spotify.com/contact-us
46.0,27.0,12.0,2.0,2.0,0.0,3.0,4.0,0.0,0.0,0.0,0.0,0.0,0.0,1.0,4.1435,0.0,0.0,0.087,0.0,1.0,0.0,1.0,1,http://office365-recover-7tdno.com/recover.php
54.0,19.0,13.0,1.0,1.0,0.0,4.0,3.0,2.0,0.0,1.0,0.0,0.0,1.0,1.0,4.583,0.0,0.0,0.0556,0.0,1.0,1.0,2.0,1,https://baou1jqo-login.work/amazon/login?id=u83mwjmjnt
43.0,11.0,24.0,1.0,1.0,0.0,5.0,4.0,0.0,0.0,0.0,0.0,0.0,1.0,0.0,4.377,0.0,0.0,0.093,0.0,0.0,0.0,3.0,0,https://nytimes.com/blog/2024/annual-report
43.0,24.0,11.0,2.0,2.0,0.0,3.0,3.0,0.0,0.0,0.0,0.0,0.0,1.0,1.0,4.3395,0.0,0.0,0.0698,0.0,1.0,0.0,1.0,1,https://netflix-update-8lb23.com/update.php
45.0,30.0,8.0,2.0,2.0,0.0,3.0,4.0,0.0,1.0,0.0,0.0,0.0,0.0,1.0,4.2611,0.0,0.0,0.0889,0.0,1.0,1.0,1.0,1,http://office365-invoice.auth-1ewf.ga/invoice
22.0,13.0,1.0,1.0,0.0,0.0,3.0,0.0,0.0,0.0,0.0,0.0,0.0,1.0,0.0,3.8454,0.0,0.0,0.0,0.0,0.0,0.0,0.0,0,https://wikipedia.org/
42.0,23.0,11.0,2.0,2.0,0.0,3.0,4.0,0.0,0.0,0.0,0.0,0.0,1.0,1.0,4.4813,0.0,0.0,0.0952,0.0,1.0,0.0,1.0,1,https://amazon-verify-0826r.com/verify.php
20.0,5.0,8.0,1.0,0.0,0.0,3.0,2.0,0.0,0.0,0.0,0.0,0.0,0.0,0.0,3.6842,0.0,0.0,0.1,1.0,0.0,0.0,1.0,1,http://is.gd/h8zlz3g
31.0,10.0,13.0,1.0,0.0,0.0,4.0,0.0,0.0,0.0,0.0,0.0,0.0,1.0,0.0,3.9865,0.0,0.0,0.0,0.0,0.0,0.0,2.0,0,https://paypal.com/user/profile
50.0,17.0,12.0,1.0,1.0,0.0,4.0,3.0,2.0,0.0,1.0,0.0,0.0,0.0,1.0,4.5035,0.0,0.0,0.06,0.0,1.0,1.0,2.0,1,http://kdmg29df-login.tk/chase/login?id=frcant4hpg
43.0,10.0,7.0,1.0,0.0,0.0,3.0,0.0,3.0,0.0,1.0,0.0,0.0,1.0,0.0,4.293,0.0,0.0,0.0,0.0,0.0,0.0,1.0,0,https://google.com/search?q=python+tutorial
21.0,6.0,8.0,1.0,0.0,0.0,3.0,3.0,0.0,0.0,0.0,0.0,0.0,0.0,0.0,3.7849,0.0,0.0,0.1429,1.0,0.0,0.0,1.0,1,http://bit.ly/9oqt86m
32.0,16.0,8.0,2.0,0.0,0.0,4.0,0.0,0.0,1.0,0.0,0.0,0.0,1.0,0.0,3.9292,0.0,0.0,0.0,0.0,0.0,0.0,2.0,0,https://www.linkedin.com/en/help
40.0,7.0,7.0,1.0,0.0,0.0,3.0,0.0,3.0,0.0,1.0,0.0,0.0,1.0,0.0,4.2873,0.0,0.0,0.0,0.0,0.0,0.0,1.0,0,https://usa.gov/search?q=python+tutorial
30.0,13.0,9.0,2.0,0.0,0.0,3.0,0.0,0.0,1.0,0.0,0.0,0.0,1.0,0.0,3.8729,0.0,0.0,0.0,0.0,0.0,0.0,1.0,0,https://www.quora.com/products
39.0,12.0,20.0,3.0,0.0,0.0,5.0,11.0,0.0,0.0,0.0,1.0,0.0,0.0,1.0,4.1411,0.0,0.0,0.2821,0.0,0.0,0.0,3.0,1,http://88.124.9.134/account/google/n19l
43.0,12.0,24.0,3.0,0.0,0.0,5.0,9.0,0.0,0.0,0.0,1.0,0.0,0.0,1.0,4.4524,0.0,0.0,0.2093,0.0,0.0,0.0,3.0,1,http://58.214.49.70/password/microsoft/mlsq
29.0,9.0,12.0,1.0,0.0,0.0,4.0,0.0,0.0,0.0,0.0,0.0,0.0,1.0,0.0,3.7545,0.0,0.0,0.0,0.0,0.0,0.0,2.0,0,https://npmjs.com/news/latest
31.0,15.0,8.0,2.0,0.0,0.0,4.0,0.0,0.0,1.0,0.0,0.0,0.0,1.0,0.0,3.8489,0.0,0.0,0.0,0.0,0.0,0.0,2.0,0,https://www.nytimes.com/en/help
44.0,11.0,7.0,1.0,0.0,0.0,3.0,0.0,3.0,0.0,1.0,0.0,0.0,1.0,0.0,4.2805,0.0,0.0,0.0,0.0,0.0,0.0,1.0,0,https://shopify.com/search?q=python+tutorial
30.0,9.0,13.0,1.0,0.0,0.0,4.0,0.0,0.0,0.0,0.0,0.0,0.0,1.0,0.0,4.0402,0.0,0.0,0.0,0.0,0.0,0.0,2.0,0,https://figma.com/user/profile
30.0,14.0,8.0,2.0,0.0,0.0,4.0,0.0,0.0,1.0,0.0,0.0,0.0,1.0,0.0,3.8981,0.0,0.0,0.0,0.0,0.0,0.0,2.0,0,https://www.reddit.com/en/help
42.0,10.0,24.0,1.0,1.0,0.0,5.0,4.0,0.0,0.0,0.0,0.0,0.0,1.0,0.0,4.1572,0.0,0.0,0.0952,0.0,0.0,0.0,3.0,0,https://python.org/blog/2024/annual-report
42.0,13.0,22.0,3.0,0.0,0.0,5.0,10.0,0.0,0.0,0.0,1.0,0.0,0.0,1.0,4.4133,0.0,0.0,0.2381,0.0,0.0,0.0,3.0,1,http://238.17.38.186/confirm/facebook/odbj
27.0,11.0,8.0,2.0,0.0,0.0,4.0,0.0,0.0,1.0,0.0,0.0,0.0,1.0,0.0,3.838,0.0,0.0,0.0,0.0,0.0,0.0,2.0,0,https://www.irs.gov/en/help
27.0,13.0,6.0,2.0,0.0,0.0,3.0,0.0,0.0,1.0,0.0,0.0,0.0,1.0,0.0,3.8282,0.0,0.0,0.0,0.0,0.0,0.0,1.0,0,https://www.apple.com/about
29.0,9.0,12.0,2.0,0.0,0.0,4.0,0.0,0.0,1.0,0.0,0.0,0.0,1.0,0.0,3.8664,0.0,0.0,0.0,0.0,0.0,0.0,2.0,0,https://bbc.co.uk/news/latest
19.0,11.0,0.0,1.0,0.0,0.0,2.0,0.0,0.0,0.0,0.0,0.0,0.0,1.0,0.0,3.4714,0.0,0.0,0.0,0.0,0.0,0.0,0.0,0,https://outlook.com
20.0,5.0,8.0,1.0,0.0,0.0,3.0,3.0,0.0,0.0,0.0,0.0,0.0,0.0,0.0,3.8842,0.0,0.0,0.15,1.0,0.0,0.0,1.0,1,http://is.gd/em32h0y
55.0,19.0,14.0,1.0,1.0,0.0,4.0,2.0,2.0,0.0,1.0,0.0,0.0,1.0,1.0,4.4471,0.0,0.0,0.0364,0.0,1.0,1.0,2.0,1,https://1ptvqsot-banking.gq/chase/banking?id=qethzppqr2
39.0,11.0,21.0,3.0,0.0,0.0,5.0,9.0,0.0,0.0,0.0,1.0,0.0,0.0,1.0,4.4168,0.0,0.0,0.2308,0.0,0.0,0.0,3.0,1,http://208.36.5.65/login/microsoft/k1ka
23.0,7.0,8.0,1.0,0.0,0.0,3.0,0.0,0.0,0.0,0.0,0.0,0.0,1.0,0.0,3.6753,0.0,0.0,0.0,0.0,0.0,0.0,1.0,0,https://irs.gov/pricing
35.0,13.0,14.0,2.0,0.0,0.0,5.0,1.0,0.0,1.0,0.0,0.0,0.0,1.0,0.0,3.8757,0.0,0.0,0.0286,0.0,0.0,0.0,3.0,0,https://www.apple.com/api/v1/status
31.0,15.0,8.0,2.0,0.0,0.0,3.0,0.0,0.0,1.0,0.0,0.0,0.0,1.0,0.0,3.8245,0.0,0.0,0.0,0.0,0.0,0.0,1.0,0,https://docs.python.org/pricing
48.0,33.0,7.0,2.0,2.0,0.0,3.0,1.0,0.0,1.0,0.0,0.0,0.0,1.0,1.0,4.179,0.0,0.0,0.0208,0.0,1.0,1.0,1.0,1,https://facebook-signin.session-jjr8.work/signin
20.0,5.0,8.0,1.0,0.0,0.0,3.0,2.0,0.0,0.0,0.0,0.0,0.0,0.0,0.0,3.8464,0.0,0.0,0.1,1.0,0.0,0.0,1.0,1,http://is.gd/2tuom6b
41.0,14.0,20.0,3.0,0.0,0.0,5.0,12.0,0.0,0.0,0.0,1.0,0.0,0.0,1.0,4.2203,0.0,0.0,0.2927,0.0,0.0,0.0,3.0,1,http://144.101.97.199/billing/amazon/y4wt
54.0,19.0,14.0,1.0,1.0,0.0,4.0,4.0,2.0,0.0,1.0,0.0,0.0,0.0,1.0,4.5508,0.0,0.0,0.0741,0.0,1.0,1.0,2.0,1,http://ytzi8dvv-secure.xyz/amazon/secure?id=d22rdzx2vw
59.0,19.0,18.0,1.0,1.0,0.0,4.0,8.0,2.0,0.0,1.0,0.0,0.0,1.0,1.0,4.5599,0.0,0.0,0.1356,0.0,1.0,1.0,2.0,1,https://ocsenthb-suspend.ml/office365/suspend?id=n75uj84ic8
23.0,7.0,8.0,1.0,0.0,0.0,4.0,0.0,0.0,0.0,0.0,0.0,0.0,1.0,0.0,3.5884,0.0,0.0,0.0,0.0,0.0,0.0,2.0,0,https://mit.edu/en/help
43.0,14.0,22.0,3.0,0.0,0.0,5.0,11.0,0.0,0.0,0.0,1.0,0.0,0.0,1.0,4.1359,0.0,0.0,0.2558,0.0,0.0,0.0,3.0,1,http://111.127.163.98/signin/instagram/mnpk
42.0,28.0,7.0,2.0,2.0,0.0,3.0,0.0,0.0,1.0,0.0,0.0,0.0,0.0,1.0,3.7939,0.0,0.0,0.0,0.0,1.0,1.0,1.0,1,http://paypal-update.online-atut.tk/update
31.0,9.0,14.0,1.0,0.0,0.0,5.0,1.0,0.0,0.0,0.0,0.0,0.0,1.0,0.0,3.7811,0.0,0.0,0.0323,0.0,0.0,0.0,3.0,0,https://npmjs.com/api/v1/status
45.0,31.0,7.0,2.0,2.0,0.0,3.0,0.0,0.0,1.0,0.0,0.0,0.0,0.0,1.0,4.248,0.0,0.0,0.0,0.0,1.0,1.0,1.0,1,http://coinbase-verify.session-lexs.ga/verify
40.0,19.0,13.0,2.0,0.0,0.0,4.0,0.0,0.0,1.0,0.0,0.0,0.0,1.0,0.0,4.3464,0.0,0.0,0.0,0.0,0.0,0.0,2.0,0,https://www.khanacademy.org/user/profile
36.0,15.0,13.0,2.0,0.0,0.0,4.0,0.0,0.0,1.0,0.0,0.0,0.0,1.0,0.0,4.0305,0.0,0.0,0.0,0.0,0.0,0.0,2.0,0,https://docs.python.org/user/profile
43.0,13.0,23.0,3.0,0.0,0.0,5.0,12.0,0.0,0.0,0.0,1.0,0.0,0.0,1.0,4.3998,0.0,0.0,0.2791,0.0,0.0,0.0,3.0,1,http://28.156.55.207/invoice/microsoft/u66w
41.0,9.0,24.0,1.0,1.0,0.0,5.0,4.0,0.0,0.0,0.0,0.0,0.0,1.0,0.0,4.385,0.0,0.0,0.0976,0.0,0.0,0.0,3.0,0,https://figma.com/blog/2024/annual-report
21.0,6.0,8.0,1.0,0.0,0.0,3.0,1.0,0.0,0.0,0.0,0.0,0.0,0.0,0.0,3.749,0.0,0.0,0.0476,1.0,0.0,0.0,1.0,1,http://bit.ly/p3jjcfd
31.0,15.0,8.0,2.0,0.0,0.0,4.0,0.0,0.0,1.0,0.0,0.0,0.0,1.0,0.0,3.9134,0.0,0.0,0.0,0.0,0.0,0.0,2.0,0,https://www.spotify.com/en/help
30.0,8.0,14.0,1.0,0.0,0.0,5.0,1.0,0.0,0.0,0.0,0.0,0.0,1.0,0.0,3.8696,0.0,0.0,0.0333,0.0,0.0,0.0,3.0,0,https://ebay.com/api/v1/status
26.0,11.0,8.0,1.0,0.0,0.0,3.0,3.0,0.0,0.0,0.0,0.0,0.0,0.0,0.0,4.056,0.0,0.0,0.1154,1.0,0.0,0.0,1.0,1,http://tinyurl.com/5ovct20
43.0,10.0,7.0,1.0,0.0,0.0,3.0,0.0,3.0,0.0,1.0,0.0,0.0,1.0,0.0,4.3129,0.0,0.0,0.0,0.0,0.0,0.0,1.0,0,https://office.com/search?q=python+tutorial
42.0,13.0,21.0,2.0,1.0,0.0,4.0,0.0,0.0,1.0,0.0,0.0,0.0,1.0,0.0,4.1299,0.0,0.0,0.0,0.0,0.0,0.0,2.0,0,https://www.slack.com/docs/getting-started
46.0,13.0,7.0,2.0,0.0,0.0,3.0,0.0,3.0,1.0,1.0,0.0,0.0,1.0,0.0,4.3196,0.0,0.0,0.0,0.0,0.0,0.0,1.0,0,https://www.apple.com/search?q=python+tutorial
46.0,27.0,12.0,2.0,2.0,0.0,3.0,3.0,0.0,0.0,0.0,0.0,0.0,0.0,1.0,4.1678,0.0,0.0,0.0652,0.0,1.0,0.0,1.0,1,http://office365-recover-apzil.com/recover.php
43.0,13.0,23.0,3.0,0.0,0.0,5.0,11.0,0.0,0.0,0.0,1.0,0.0,0.0,1.0,4.2954,0.0,0.0,0.2558,0.0,0.0,0.0,3.0,1,http://69.22.234.116/account/instagram/fu6h
35.0,10.0,17.0,1.0,0.0,0.0,4.0,0.0,0.0,0.0,0.0,0.0,0.0,1.0,1.0,3.9002,0.0,0.0,0.0,0.0,0.0,0.0,2.0,0,https://gitlab.com/account/settings
29.0,13.0,8.0,2.0,0.0,0.0,3.0,0.0,0.0,1.0,0.0,0.0,0.0,1.0,0.0,4.1163,0.0,0.0,0.0,0.0,0.0,0.0,1.0,0,https://www.adobe.com/pricing
36.0,20.0,8.0,2.0,0.0,0.0,3.0,0.0,0.0,1.0,0.0,0.0,0.0,1.0,0.0,4.086,0.0,0.0,0.0,0.0,0.0,0.0,1.0,0,https://www.digitalocean.com/pricing
34.0,13.0,13.0,1.0,0.0,0.0,4.0,0.0,0.0,0.0,0.0,0.0,0.0,1.0,0.0,3.8444,0.0,0.0,0.0,0.0,0.0,0.0,2.0,0,https://microsoft.com/user/profile
41.0,22.0,11.0,2.0,2.0,0.0,3.0,1.0,0.0,0.0,0.0,0.0,0.0,1.0,1.0,4.2779,0.0,0.0,0.0244,0.0,1.0,0.0,1.0,1,https://chase-verify-a4edw.com/verify.php
56.0,19.0,15.0,1.0,1.0,0.0,4.0,6.0,2.0,0.0,1.0,0.0,0.0,1.0,1.0,4.6802,0.0,0.0,0.1071,0.0,1.0,1.0,2.0,1,https://jgn96kbc-invoice.cf/google/invoice?id=88ma5bxns1
23.0,7.0,8.0,1.0,0.0,0.0,3.0,0.0,0.0,0.0,0.0,0.0,0.0,1.0,0.0,3.7294,0.0,0.0,0.0,0.0,0.0,0.0,1.0,0,https://irs.gov/careers
54.0,17.0,15.0,1.0,1.0,0.0,4.0,7.0,2.0,0.0,1.0,0.0,0.0,1.0,1.0,4.801,0.0,0.0,0.1296,0.0,1.0,1.0,2.0,1,https://19de8y24-login.tk/facebook/login?id=qcp46rinms
41.0,23.0,11.0,2.0,2.0,0.0,3.0,3.0,0.0,0.0,0.0,0.0,0.0,0.0,1.0,4.1899,0.0,0.0,0.0732,0.0,1.0,0.0,1.0,1,http://google-update-f42j0.com/update.php
46.0,27.0,12.0,2.0,2.0,0.0,3.0,1.0,0.0,0.0,0.0,0.0,0.0,0.0,1.0,4.2433,0.0,0.0,0.0217,0.0,1.0,0.0,1.0,1,http://instagram-invoice-aukr6.com/invoice.php
27.0,8.0,11.0,1.0,1.0,0.0,3.0,0.0,0.0,0.0,0.0,0.0,0.0,1.0,0.0,3.7225,0.0,0.0,0.0,0.0,0.0,0.0,1.0,0,https://etsy.com/contact-us
57.0,18.0,17.0,1.0,1.0,0.0,4.0,6.0,2.0,0.0,1.0,0.0,0.0,1.0,1.0,4.8021,0.0,0.0,0.1053,0.0,1.0,1.0,2.0,1,https://ysy2p5qw-verify.tk/instagram/verify?id=34j38xojsl
43.0,13.0,23.0,3.0,0.0,0.0,5.0,10.0,0.0,0.0,0.0,1.0,0.0,0.0,1.0,4.4814,0.0,0.0,0.2326,0.0,0.0,0.0,3.0,1,http://156.75.220.99/suspend/microsoft/qobn
28.0,9.0,11.0,1.0,1.0,0.0,3.0,0.0,0.0,0.0,0.0,0.0,0.0,1.0,0.0,3.623,0.0,0.0,0.0,0.0,0.0,0.0,1.0,0,https://twitch.tv/contact-us
20.0,5.0,8.0,1.0,0.0,0.0,3.0,1.0,0.0,0.0,0.0,0.0,0.0,0.0,0.0,3.6842,0.0,0.0,0.05,1.0,0.0,0.0,1.0,1,http://is.gd/h4rfwfw
20.0,5.0,8.0,1.0,0.0,0.0,3.0,1.0,0.0,0.0,0.0,0.0,0.0,0.0,0.0,3.8842,0.0,0.0,0.05,1.0,0.0,0.0,1.0,1,http://is.gd/0avlpcq
15.0,7.0,0.0,1.0,0.0,0.0,2.0,0.0,0.0,0.0,0.0,0.0,0.0,1.0,0.0,3.5069,0.0,0.0,0.0,0.0,0.0,0.0,0.0,0,https://wsj.com
17.0,9.0,0.0,1.0,0.0,0.0,2.0,0.0,0.0,0.0,0.0,0.0,0.0,1.0,0.0,3.4992,0.0,0.0,0.0,0.0,0.0,0.0,0.0,0,https://chase.com
26.0,11.0,8.0,1.0,0.0,0.0,3.0,2.0,0.0,0.0,0.0,0.0,0.0,0.0,0.0,4.1039,0.0,0.0,0.0769,1.0,0.0,0.0,1.0,1,http://tinyurl.com/arxip67
31.0,10.0,13.0,1.0,0.0,0.0,4.0,0.0,0.0,0.0,0.0,0.0,0.0,1.0,0.0,3.889,0.0,0.0,0.0,0.0,0.0,0.0,2.0,0,https://python.org/user/profile
41.0,23.0,11.0,2.0,2.0,0.0,3.0,1.0,0.0,0.0,0.0,0.0,0.0,0.0,1.0,4.1899,0.0,0.0,0.0244,0.0,1.0,0.0,1.0,1,http://paypal-secure-8tbix.com/secure.php
36.0,14.0,14.0,2.0,0.0,0.0,5.0,1.0,0.0,1.0,0.0,0.0,0.0,1.0,0.0,3.962,0.0,0.0,0.0278,0.0,0.0,0.0,3.0,0,https://www.gitlab.com/api/v1/status
42.0,10.0,24.0,1.0,1.0,0.0,5.0,4.0,0.0,0.0,0.0,0.0,0.0,1.0,0.0,4.2525,0.0,0.0,0.0952,0.0,0.0,0.0,3.0,0,https://paypal.com/blog/2024/annual-report
35.0,14.0,13.0,1.0,0.0,0.0,4.0,0.0,0.0,0.0,0.0,0.0,0.0,1.0,0.0,4.0144,0.0,0.0,0.0,0.0,0.0,0.0,2.0,0,https://cloudflare.com/user/profile
42.0,15.0,20.0,3.0,0.0,0.0,5.0,13.0,0.0,0.0,0.0,1.0,0.0,0.0,1.0,4.1509,0.0,0.0,0.3095,0.0,0.0,0.0,3.0,1,http://181.216.229.242/recover/amazon/osa2
30.0,14.0,8.0,1.0,0.0,0.0,3.0,0.0,0.0,0.0,0.0,0.0,0.0,1.0,0.0,4.1484,0.0,0.0,0.0,0.0,0.0,0.0,1.0,0,https://wellsfargo.com/pricing
55.0,19.0,14.0,1.0,1.0,0.0,4.0,3.0,2.0,0.0,1.0,0.0,0.0,1.0,1.0,4.4626,0.0,0.0,0.0545,0.0,1.0,1.0,2.0,1,https://5bolpxxv-billing.ml/chase/billing?id=6azeoi5mcn
42.0,27.0,8.0,2.0,2.0,0.0,3.0,0.0,0.0,1.0,0.0,0.0,0.0,0.0,1.0,3.8379,0.0,0.0,0.0,0.0,1.0,1.0,1.0,1,http://amazon-account.team-gtpd.ga/account
15.0,7.0,0.0,1.0,0.0,0.0,2.0,0.0,0.0,0.0,0.0,0.0,0.0,1.0,0.0,3.5069,0.0,0.0,0.0,0.0,0.0,0.0,0.0,0,https://irs.gov
44.0,11.0,7.0,1.0,0.0,0.0,3.0,0.0,3.0,0.0,1.0,0.0,0.0,1.0,0.0,4.2201,0.0,0.0,0.0,0.0,0.0,0.0,1.0,0,https://outlook.com/search?q=python+tutorial
26.0,11.0,8.0,1.0,0.0,0.0,3.0,2.0,0.0,0.0,0.0,0.0,0.0,0.0,0.0,4.027,0.0,0.0,0.0769,1.0,0.0,0.0,1.0,1,http://tinyurl.com/ou4r9vv
43.0,18.0,17.0,2.0,0.0,0.0,4.0,0.0,0.0,1.0,0.0,0.0,0.0,1.0,1.0,4.1734,0.0,0.0,0.0,0.0,0.0,0.0,2.0,0,https://www.cloudflare.com/account/settings
39.0,13.0,19.0,3.0,0.0,0.0,5.0,12.0,0.0,0.0,0.0,1.0,0.0,0.0,1.0,4.0898,0.0,0.0,0.3077,0.0,0.0,0.0,3.0,1,http://221.119.22.35/suspend/chase/g79h
42.0,13.0,21.0,2.0,1.0,0.0,4.0,0.0,0.0,1.0,0.0,0.0,0.0,1.0,0.0,3.8856,0.0,0.0,0.0,0.0,0.0,0.0,2.0,0,https://www.twitch.tv/docs/getting-started
47.0,27.0,12.0,2.0,2.0,0.0,3.0,1.0,0.0,0.0,0.0,0.0,0.0,1.0,1.0,4.0866,0.0,0.0,0.0213,0.0,1.0,0.0,1.0,1,https://microsoft-invoice-grs7e.com/invoice.php
43.0,28.0,8.0,2.0,2.0,0.0,3.0,1.0,0.0,1.0,0.0,0.0,0.0,0.0,1.0,4.1871,0.0,0.0,0.0233,0.0,1.0,1.0,1.0,1,http://netflix-confirm.team-lac8.ga/confirm
28.0,9.0,11.0,1.0,1.0,0.0,3.0,0.0,0.0,0.0,0.0,0.0,0.0,1.0,0.0,3.8963,0.0,0.0,0.0,0.0,0.0,0.0,1.0,0,https://figma.com/contact-us
62.0,22.0,19.0,1.0,1.0,0.0,4.0,5.0,2.0,0.0,1.0,0.0,0.0,0.0,1.0,4.7304,0.0,0.0,0.0806,0.0,1.0,1.0,2.0,1,http://x3dlp44f-confirm.click/wellsfargo/confirm?id=8qpaglkbx1
35.0,19.0,8.0,2.0,0.0,0.0,4.0,0.0,0.0,1.0,0.0,0.0,0.0,1.0,0.0,4.1287,0.0,0.0,0.0,0.0,0.0,0.0,2.0,0,https://www.khanacademy.org/en/help
30.0,14.0,8.0,2.0,0.0,0.0,4.0,0.0,0.0,1.0,0.0,0.0,0.0,1.0,0.0,3.9899,0.0,0.0,0.0,0.0,0.0,0.0,2.0,0,https://www.gitlab.com/en/help
38.0,13.0,18.0,3.0,0.0,0.0,5.0,11.0,0.0,0.0,0.0,1.0,0.0,0.0,1.0,4.1132,0.0,0.0,0.2895,0.0,0.0,0.0,3.0,1,http://28.141.138.69/login/paypal/ig1n
38.0,13.0,18.0,3.0,0.0,0.0,5.0,11.0,0.0,0.0,0.0,1.0,0.0,0.0,1.0,4.3237,0.0,0.0,0.2895,0.0,0.0,0.0,3.0,1,http://168.47.109.39/verify/chase/sty4
26.0,11.0,8.0,1.0,0.0,0.0,3.0,3.0,0.0,0.0,0.0,0.0,0.0,0.0,0.0,4.2578,0.0,0.0,0.1154,1.0,0.0,0.0,1.0,1,http://tinyurl.com/q5kn93w
42.0,12.0,23.0,3.0,0.0,0.0,5.0,12.0,0.0,0.0,0.0,1.0,0.0,0.0,1.0,4.2797,0.0,0.0,0.2857,0.0,0.0,0.0,3.0,1,http://109.17.114.1/invoice/office365/vakk
39.0,12.0,20.0,3.0,0.0,0.0,5.0,9.0,0.0,0.0,0.0,1.0,0.0,0.0,1.0,4.4681,0.0,0.0,0.2308,0.0,0.0,0.0,3.0,1,http://128.24.48.67/secure/netflix/zmow
39.0,14.0,17.0,2.0,0.0,0.0,4.0,0.0,0.0,1.0,0.0,0.0,0.0,1.0,1.0,4.0191,0.0,0.0,0.0,0.0,0.0,0.0,2.0,0,https://www.paypal.com/account/settings
46.0,26.0,12.0,2.0,2.0,0.0,3.0,3.0,0.0,0.0,0.0,0.0,0.0,1.0,1.0,4.1541,0.0,0.0,0.0652,0.0,1.0,0.0,1.0,1,https://facebook-account-390xt.com/account.php
48.0,15.0,7.0,2.0,0.0,0.0,3.0,0.0,3.0,1.0,1.0,0.0,0.0,1.0,0.0,4.2487,0.0,0.0,0.0,0.0,0.0,0.0,1.0,0,https://docs.python.org/search?q=python+tutorial
59.0,21.0,16.0,1.0,1.0,0.0,4.0,2.0,2.0,0.0,1.0,0.0,0.0,1.0,1.0,4.5347,0.0,0.0,0.0339,0.0,1.0,1.0,2.0,1,https://byl5yakr-banking.info/netflix/banking?id=kx2dpnojvs
39.0,22.0,10.0,2.0,2.0,0.0,3.0,2.0,0.0,0.0,0.0,0.0,0.0,0.0,1.0,3.9872,0.0,0.0,0.0513,0.0,1.0,0.0,1.0,1,http://google-login-f0eh4.com/login.php
46.0,31.0,7.0,2.0,2.0,0.0,3.0,2.0,0.0,1.0,0.0,0.0,0.0,1.0,1.0,4.3959,0.0,0.0,0.0435,0.0,1.0,1.0,1.0,1,https://amazon-secure.gateway-1i6g.info/secure
24.0,10.0,6.0,1.0,0.0,0.0,3.0,0.0,0.0,0.0,0.0,0.0,0.0,1.0,0.0,3.6887,0.0,0.0,0.0,0.0,0.0,0.0,1.0,0,https://python.org/about
54.0,18.0,14.0,1.0,1.0,0.0,4.0,6.0,2.0,0.0,1.0,0.0,0.0,1.0,1.0,4.623,0.0,0.0,0.1111,0.0,1.0,1.0,2.0,1,https://jfg9kn5p-wallet.gq/google/wallet?id=fjz47od5q0
24.0,7.0,9.0,1.0,0.0,0.0,3.0,0.0,0.0,0.0,0.0,0.0,0.0,1.0,0.0,3.7406,0.0,0.0,0.0,0.0,0.0,0.0,1.0,0,https://usa.gov/products
57.0,18.0,17.0,1.0,1.0,0.0,4.0,5.0,2.0,0.0,1.0,0.0,0.0,1.0,1.0,4.6439,0.0,0.0,0.0877,0.0,1.0,1.0,2.0,1,https://qb6o29fh-update.gq/instagram/update?id=c5sif1tcdz
43.0,24.0,12.0,2.0,2.0,0.0,3.0,1.0,0.0,0.0,0.0,0.0,0.0,0.0,1.0,4.2199,0.0,0.0,0.0233,0.0,1.0,0.0,1.0,1,http://paypal-invoice-l2uwd.com/invoice.php
45.0,25.0,13.0,2.0,2.0,0.0,3.0,3.0,0.0,0.0,0.0,0.0,0.0,0.0,1.0,4.1949,0.0,0.0,0.0667,0.0,1.0,0.0,1.0,1,http://amazon-password-en219.com/password.php
32.0,11.0,13.0,1.0,0.0,0.0,4.0,0.0,0.0,0.0,0.0,0.0,0.0,1.0,0.0,3.9056,0.0,0.0,0.0,0.0,0.0,0.0,2.0,0,https://spotify.com/user/profile
53.0,18.0,13.0,1.0,1.0,0.0,4.0,5.0,2.0,0.0,1.0,0.0,0.0,1.0,1.0,4.4727,0.0,0.0,0.0943,0.0,1.0,1.0,2.0,1,https://bywxyb51-wallet.ml/apple/wallet?id=21f1qworxq
46.0,30.0,8.0,2.0,2.0,0.0,3.0,2.0,0.0,1.0,0.0,0.0,0.0,1.0,1.0,4.2034,0.0,0.0,0.0435,0.0,1.0,1.0,1.0,1,https://microsoft-account.user-16sq.gq/account
30.0,10.0,12.0,1.0,0.0,0.0,4.0,0.0,0.0,0.0,0.0,0.0,0.0,1.0,0.0,3.8947,0.0,0.0,0.0,0.0,0.0,0.0,2.0,0,https://gitlab.com/news/latest
21.0,6.0,8.0,1.0,0.0,0.0,3.0,5.0,0.0,0.0,0.0,0.0,0.0,0.0,0.0,3.6178,0.0,0.0,0.2381,1.0,0.0,0.0,1.0,1,http://bit.ly/m5511k5
46.0,26.0,12.0,2.0,2.0,0.0,3.0,3.0,0.0,0.0,0.0,0.0,0.0,1.0,1.0,4.0751,0.0,0.0,0.0652,0.0,1.0,0.0,1.0,1,https://coinbase-invoice-75hn5.com/invoice.php
41.0,9.0,24.0,1.0,1.0,0.0,5.0,4.0,0.0,0.0,0.0,0.0,0.0,1.0,0.0,4.2874,0.0,0.0,0.0976,0.0,0.0,0.0,3.0,0,https://chase.com/blog/2024/annual-report
47.0,15.0,24.0,1.0,1.0,0.0,5.0,4.0,0.0,0.0,0.0,0.0,0.0,1.0,0.0,4.3658,0.0,0.0,0.0851,0.0,0.0,0.0,3.0,0,https://theguardian.com/blog/2024/annual-report
34.0,15.0,11.0,1.0,1.0,0.0,3.0,0.0,0.0,0.0,0.0,0.0,0.0,1.0,0.0,4.0323,0.0,0.0,0.0,0.0,0.0,0.0,1.0,0,https://theguardian.com/contact-us
58.0,19.0,18.0,1.0,1.0,0.0,4.0,6.0,2.0,0.0,1.0,0.0,0.0,0.0,1.0,4.6747,0.0,0.0,0.1034,0.0,1.0,1.0,2.0,1,http://xwvf0ve5-suspend.cf/microsoft/suspend?id=z8d70zj9fn
30.0,11.0,11.0,2.0,1.0,0.0,3.0,0.0,0.0,1.0,0.0,0.0,0.0,1.0,0.0,3.9362,0.0,0.0,0.0,0.0,0.0,0.0,1.0,0,https://www.mit.edu/contact-us
38.0,17.0,13.0,2.0,0.0,0.0,4.0,0.0,0.0,1.0,0.0,0.0,0.0,1.0,0.0,4.0304,0.0,0.0,0.0,0.0,0.0,0.0,2.0,0,https://www.wikipedia.org/user/profile
44.0,24.0,13.0,2.0,2.0,0.0,3.0,0.0,0.0,0.0,0.0,0.0,0.0,0.0,1.0,4.0805,0.0,0.0,0.0,0.0,1.0,0.0,1.0,1,http://apple-password-lhbvf.com/password.php
22.0,14.0,0.0,1.0,0.0,0.0,2.0,0.0,0.0,0.0,0.0,0.0,0.0,1.0,0.0,4.0049,0.0,0.0,0.0,0.0,0.0,0.0,0.0,0,https://cloudflare.com
43.0,14.0,22.0,3.0,0.0,0.0,5.0,12.0,0.0,0.0,0.0,1.0,0.0,0.0,1.0,4.3594,0.0,0.0,0.2791,0.0,0.0,0.0,3.0,1,http://159.138.222.57/update/microsoft/is8s
61.0,21.0,18.0,1.0,1.0,0.0,4.0,7.0,2.0,0.0,1.0,0.0,0.0,1.0,1.0,4.6481,0.0,0.0,0.1148,0.0,1.0,1.0,2.0,1,https://8j1rf9yy-confirm.work/microsoft/confirm?id=w0ena941gj
30.0,13.0,9.0,2.0,0.0,0.0,3.0,0.0,0.0,1.0,0.0,0.0,0.0,1.0,0.0,3.8477,0.0,0.0,0.0,0.0,0.0,0.0,1.0,0,https://www.chase.com/products
24.0,10.0,6.0,1.0,0.0,0.0,3.0,0.0,0.0,0.0,0.0,0.0,0.0,1.0,0.0,3.8239,0.0,0.0,0.0,0.0,0.0,0.0,1.0,0,https://medium.com/about
26.0,11.0,8.0,1.0,0.0,0.0,3.0,2.0,0.0,0.0,0.0,0.0,0.0,0.0,0.0,4.1808,0.0,0.0,0.0769,1.0,0.0,0.0,1.0,1,http://tinyurl.com/lodq10b
30.0,11.0,11.0,1.0,1.0,0.0,3.0,0.0,0.0,0.0,0.0,0.0,0.0,1.0,0.0,4.0566,0.0,0.0,0.0,0.0,0.0,0.0,1.0,0,https://mozilla.org/contact-us
64.0,22.0,20.0,1.0,1.0,0.0,4.0,3.0,2.0,0.0,1.0,0.0,0.0,1.0,1.0,4.6008,0.0,0.0,0.0469,0.0,1.0,1.0,2.0,1,https://irvj9rhn-password.info/wellsfargo/password?id=xyr7atuc3n
46.0,27.0,12.0,2.0,2.0,0.0,3.0,0.0,0.0,0.0,0.0,0.0,0.0,0.0,1.0,4.0964,0.0,0.0,0.0,0.0,1.0,0.0,1.0,1,http://instagram-confirm-flnbn.com/confirm.php
29.0,13.0,8.0,1.0,0.0,0.0,4.0,0.0,0.0,0.0,0.0,0.0,0.0,1.0,0.0,3.7454,0.0,0.0,0.0,0.0,0.0,0.0,2.0,0,https://atlassian.com/en/help
44.0,14.0,23.0,3.0,0.0,0.0,5.0,12.0,0.0,0.0,0.0,1.0,0.0,0.0,1.0,4.2522,0.0,0.0,0.2727,0.0,0.0,0.0,3.0,1,http://105.15.149.241/wallet/wellsfargo/fr9u
21.0,13.0,0.0,1.0,0.0,0.0,2.0,0.0,0.0,0.0,0.0,0.0,0.0,1.0,0.0,3.5585,0.0,0.0,0.0,0.0,0.0,0.0,0.0,0,https://microsoft.com
41.0,22.0,11.0,2.0,2.0,0.0,3.0,3.0,0.0,0.0,0.0,0.0,0.0,1.0,1.0,3.9859,0.0,0.0,0.0732,0.0,1.0,0.0,1.0,1,https://apple-wallet-q45h8.com/wallet.php
21.0,6.0,8.0,1.0,0.0,0.0,3.0,0.0,0.0,0.0,0.0,0.0,0.0,0.0,0.0,3.749,0.0,0.0,0.0,1.0,0.0,0.0,1.0,1,http://bit.ly/cdaqpyw
26.0,12.0,6.0,1.0,0.0,0.0,3.0,0.0,0.0,0.0,0.0,0.0,0.0,1.0,0.0,4.1039,0.0,0.0,0.0,0.0,0.0,0.0,1.0,0,https://linkedin.com/about
20.0,12.0,0.0,1.0,0.0,0.0,2.0,0.0,0.0,0.0,0.0,0.0,0.0,1.0,0.0,3.6842,0.0,0.0,0.0,0.0,0.0,0.0,0.0,0,https://coursera.org
57.0,19.0,16.0,1.0,1.0,0.0,4.0,1.0,2.0,0.0,1.0,0.0,0.0,1.0,1.0,4.5891,0.0,0.0,0.0175,0.0,1.0,1.0,2.0,1,https://a8hanchk-verify.top/coinbase/verify?id=dpbjxibqvk
42.0,24.0,10.0,2.0,2.0,0.0,3.0,1.0,0.0,0.0,0.0,0.0,0.0,1.0,1.0,4.2728,0.0,0.0,0.0238,0.0,1.0,0.0,1.0,1,https://coinbase-login-m4zkz.com/login.php
31.0,9.0,14.0,2.0,0.0,0.0,5.0,1.0,0.0,1.0,0.0,0.0,0.0,1.0,0.0,3.7811,0.0,0.0,0.0323,0.0,0.0,0.0,3.0,0,https://bbc.co.uk/api/v1/status
29.0,9.0,12.0,1.0,0.0,0.0,4.0,0.0,0.0,0.0,0.0,0.0,0.0,1.0,0.0,3.6595,0.0,0.0,0.0,0.0,0.0,0.0,2.0,0,https://chase.com/news/latest
41.0,16.0,17.0,2.0,0.0,0.0,4.0,0.0,0.0,1.0,0.0,0.0,0.0,1.0,1.0,4.0739,0.0,0.0,0.0,0.0,0.0,0.0,2.0,0,https://www.linkedin.com/account/settings
27.0,10.0,9.0,1.0,0.0,0.0,3.0,0.0,0.0,0.0,0.0,0.0,0.0,1.0,0.0,3.736,0.0,0.0,0.0,0.0,0.0,0.0,1.0,0,https://reddit.com/products
40.0,21.0,11.0,2.0,1.0,0.0,3.0,0.0,0.0,1.0,0.0,0.0,0.0,1.0,0.0,4.0939,0.0,0.0,0.0,0.0,0.0,0.0,1.0,0,https://www.stackoverflow.com/contact-us
44.0,15.0,21.0,2.0,1.0,0.0,4.0,0.0,0.0,1.0,0.0,0.0,0.0,1.0,0.0,3.933,0.0,0.0,0.0,0.0,0.0,0.0,2.0,0,https://docs.python.org/docs/getting-started
42.0,13.0,21.0,1.0,1.0,0.0,4.0,0.0,0.0,0.0,0.0,0.0,0.0,1.0,0.0,3.8685,0.0,0.0,0.0,0.0,0.0,0.0,2.0,0,https://pinterest.com/docs/getting-started
29.0,13.0,8.0,1.0,0.0,0.0,4.0,0.0,0.0,0.0,0.0,0.0,0.0,1.0,0.0,3.9523,0.0,0.0,0.0,0.0,0.0,0.0,2.0,0,https://wikipedia.org/en/help
33.0,14.0,11.0,2.0,1.0,0.0,3.0,0.0,0.0,1.0,0.0,0.0,0.0,1.0,0.0,4.0179,0.0,0.0,0.0,0.0,0.0,0.0,1.0,0,https://www.gitlab.com/contact-us
43.0,23.0,12.0,2.0,2.0,0.0,3.0,1.0,0.0,0.0,0.0,0.0,0.0,1.0,1.0,4.0452,0.0,0.0,0.0233,0.0,1.0,0.0,1.0,1,https://apple-account-9wpjb.com/account.php
27.0,11.0,8.0,2.0,0.0,0.0,3.0,0.0,0.0,1.0,0.0,0.0,0.0,1.0,0.0,3.9582,0.0,0.0,0.0,0.0,0.0,0.0,1.0,0,https://www.usa.gov/pricing
49.0,16.0,7.0,1.0,0.0,0.0,3.0,0.0,3.0,0.0,1.0,0.0,0.0,1.0,0.0,4.3386,0.0,0.0,0.0,0.0,0.0,0.0,1.0,0,https://digitalocean.com/search?q=python+tutorial
33.0,12.0,13.0,2.0,0.0,0.0,4.0,0.0,0.0,1.0,0.0,0.0,0.0,1.0,0.0,3.9832,0.0,0.0,0.0,0.0,0.0,0.0,2.0,0,https://www.etsy.com/user/profile
26.0,11.0,8.0,1.0,0.0,0.0,3.0,1.0,0.0,0.0,0.0,0.0,0.0,0.0,0.0,4.1808,0.0,0.0,0.0385,1.0,0.0,0.0,1.0,1,http://tinyurl.com/dwe0ywq
21.0,6.0,8.0,1.0,0.0,0.0,3.0,2.0,0.0,0.0,0.0,0.0,0.0,0.0,0.0,3.8442,0.0,0.0,0.0952,1.0,0.0,0.0,1.0,1,http://bit.ly/xmci6f0
41.0,26.0,7.0,2.0,2.0,0.0,3.0,1.0,0.0,1.0,0.0,0.0,0.0,1.0,1.0,3.9764,0.0,0.0,0.0244,0.0,1.0,1.0,1.0,1,https://paypal-signin.team-uaa4.ml/signin
26.0,11.0,8.0,1.0,0.0,0.0,3.0,2.0,0.0,0.0,0.0,0.0,0.0,0.0,0.0,4.1039,0.0,0.0,0.0769,1.0,0.0,0.0,1.0,1,http://tinyurl.com/8mokcw0
42.0,17.0,17.0,1.0,0.0,0.0,4.0,0.0,0.0,0.0,0.0,0.0,0.0,1.0,1.0,4.1183,0.0,0.0,0.0,0.0,0.0,0.0,2.0,0,https://stackoverflow.com/account/settings
49.0,33.0,9.0,2.0,2.0,0.0,3.0,1.0,0.0,1.0,0.0,0.0,0.0,0.0,1.0,4.0983,0.0,0.0,0.0204,0.0,1.0,1.0,1.0,1,http://coinbase-password.session-vrs1.tk/password
35.0,15.0,12.0,2.0,0.0,0.0,4.0,0.0,0.0,1.0,0.0,0.0,0.0,1.0,0.0,3.9293,0.0,0.0,0.0,0.0,0.0,0.0,2.0,0,https://www.shopify.com/news/latest
62.0,21.0,19.0,1.0,1.0,0.0,4.0,6.0,2.0,0.0,1.0,0.0,0.0,1.0,1.0,4.6853,0.0,0.0,0.0968,0.0,1.0,1.0,2.0,1,https://pu3469fg-billing.info/wellsfargo/billing?id=1eyiak7hkm
36.0,14.0,14.0,2.0,0.0,0.0,5.0,1.0,0.0,1.0,0.0,0.0,0.0,1.0,0.0,3.983,0.0,0.0,0.0278,0.0,0.0,0.0,3.0,0,https://www.reddit.com/api/v1/status
40.0,14.0,19.0,3.0,0.0,0.0,5.0,11.0,0.0,0.0,0.0,1.0,0.0,0.0,1.0,4.2037,0.0,0.0,0.275,0.0,0.0,0.0,3.0,1,http://108.25.172.150/secure/paypal/dgpp
42.0,23.0,12.0,2.0,2.0,0.0,3.0,1.0,0.0,0.0,0.0,0.0,0.0,0.0,1.0,4.1955,0.0,0.0,0.0238,0.0,1.0,0.0,1.0,1,http://chase-billing-aemj6.com/billing.php
28.0,11.0,9.0,2.0,0.0,0.0,3.0,0.0,0.0,1.0,0.0,0.0,0.0,1.0,0.0,3.744,0.0,0.0,0.0,0.0,0.0,0.0,1.0,0,https://www.npr.org/products
27.0,11.0,8.0,1.0,0.0,0.0,4.0,0.0,0.0,0.0,0.0,0.0,0.0,1.0,0.0,3.8101,0.0,0.0,0.0,0.0,0.0,0.0,2.0,0,https://shopify.com/en/help
31.0,15.0,8.0,2.0,0.0,0.0,3.0,0.0,0.0,1.0,0.0,0.0,0.0,1.0,0.0,3.8647,0.0,0.0,0.0,0.0,0.0,0.0,1.0,0,https://docs.python.org/careers
46.0,31.0,7.0,2.0,2.0,0.0,3.0,0.0,0.0,1.0,0.0,0.0,0.0,1.0,1.0,4.1891,0.0,0.0,0.0,0.0,1.0,1.0,1.0,1,https://instagram-wallet.auth-ohjc.work/wallet
40.0,12.0,21.0,3.0,0.0,0.0,5.0,11.0,0.0,0.0,0.0,1.0,0.0,0.0,1.0,4.2373,0.0,0.0,0.275,0.0,0.0,0.0,3.0,1,http://123.2.183.13/wallet/facebook/ai09
30.0,10.0,12.0,1.0,0.0,0.0,4.0,0.0,0.0,0.0,0.0,0.0,0.0,1.0,0.0,3.7647,0.0,0.0,0.0,0.0,0.0,0.0,2.0,0,https://paypal.com/news/latest
51.0,19.0,24.0,2.0,1.0,0.0,5.0,4.0,0.0,1.0,0.0,0.0,0.0,1.0,0.0,4.4444,0.0,0.0,0.0784,0.0,0.0,0.0,3.0,0,https://www.theguardian.com/blog/2024/annual-report
21.0,6.0,8.0,1.0,0.0,0.0,3.0,1.0,0.0,0.0,0.0,0.0,0.0,0.0,0.0,3.6538,0.0,0.0,0.0476,1.0,0.0,0.0,1.0,1,http://bit.ly/g5pivab
22.0,14.0,0.0,1.0,0.0,0.0,2.0,0.0,0.0,0.0,0.0,0.0,0.0,1.0,0.0,3.7544,0.0,0.0,0.0,0.0,0.0,0.0,0.0,0,https://protonmail.com
58.0,19.0,18.0,1.0,1.0,0.0,4.0,2.0,2.0,0.0,1.0,0.0,0.0,0.0,1.0,4.6075,0.0,0.0,0.0345,0.0,1.0,1.0,2.0,1,http://u3krvbca-verify.top/wellsfargo/verify?id=bbbfukffm4
33.0,14.0,11.0,2.0,1.0,0.0,3.0,0.0,0.0,1.0,0.0,0.0,0.0,1.0,0.0,3.9455,0.0,0.0,0.0,0.0,0.0,0.0,1.0,0,https://www.office.com/contact-us
57.0,19.0,17.0,1.0,1.0,0.0,4.0,3.0,2.0,0.0,1.0,0.0,0.0,0.0,1.0,4.6024,0.0,0.0,0.0526,0.0,1.0,1.0,2.0,1,http://hxal3gfu-suspend.tk/coinbase/suspend?id=l1fcxo2dim
62.0,22.0,18.0,1.0,1.0,0.0,4.0,6.0,2.0,0.0,1.0,0.0,0.0,1.0,1.0,4.6109,0.0,0.0,0.0968,0.0,1.0,1.0,2.0,1,https://h2aeqk1i-password.work/coinbase/password?id=bn3d638kgf
21.0,13.0,0.0,2.0,0.0,0.0,2.0,0.0,0.0,1.0,0.0,0.0,0.0,1.0,0.0,3.3321,0.0,0.0,0.0,0.0,0.0,0.0,0.0,0,https://www.notion.so
30.0,14.0,8.0,1.0,0.0,0.0,3.0,0.0,0.0,0.0,0.0,0.0,0.0,1.0,0.0,4.0314,0.0,0.0,0.0,0.0,0.0,0.0,1.0,0,https://salesforce.com/pricing
58.0,19.0,18.0,1.0,1.0,0.0,4.0,3.0,2.0,0.0,1.0,0.0,0.0,0.0,1.0,4.5628,0.0,0.0,0.0517,0.0,1.0,1.0,2.0,1,http://8asr9x6y-confirm.cf/microsoft/confirm?id=kmqvmuqzhs
39.0,13.0,19.0,3.0,0.0,0.0,5.0,11.0,0.0,0.0,0.0,1.0,0.0,0.0,1.0,4.1923,0.0,0.0,0.2821,0.0,0.0,0.0,3.0,1,http://17.132.190.95/suspend/chase/wta2
30.0,14.0,8.0,2.0,0.0,0.0,3.0,0.0,0.0,1.0,0.0,0.0,0.0,1.0,0.0,3.9396,0.0,0.0,0.0,0.0,0.0,0.0,1.0,0,https://www.google.com/pricing
36.0,11.0,18.0,3.0,0.0,0.0,5.0,8.0,0.0,0.0,0.0,1.0,0.0,0.0,1.0,4.1388,0.0,0.0,0.2222,0.0,0.0,0.0,3.0,1,http://100.8.27.21/secure/chase/lrgf
15.0,7.0,0.0,1.0,0.0,0.0,2.0,0.0,0.0,0.0,0.0,0.0,0.0,1.0,0.0,3.4566,0.0,0.0,0.0,0.0,0.0,0.0,0.0,0,https://mit.edu
37.0,15.0,14.0,1.0,0.0,0.0,5.0,1.0,0.0,0.0,0.0,0.0,0.0,1.0,0.0,4.1291,0.0,0.0,0.027,0.0,0.0,0.0,3.0,0,https://khanacademy.org/api/v1/status
45.0,16.0,21.0,1.0,1.0,0.0,4.0,0.0,0.0,0.0,0.0,0.0,0.0,1.0,0.0,3.9876,0.0,0.0,0.0,0.0,0.0,0.0,2.0,0,https://digitalocean.com/docs/getting-started
41.0,9.0,24.0,1.0,1.0,0.0,5.0,4.0,0.0,0.0,0.0,0.0,0.0,1.0,0.0,4.2874,0.0,0.0,0.0976,0.0,0.0,0.0,3.0,0,https://quora.com/blog/2024/annual-report
34.0,9.0,17.0,1.0,0.0,0.0,4.0,0.0,0.0,0.0,0.0,0.0,0.0,1.0,1.0,3.8781,0.0,0.0,0.0,0.0,0.0,0.0,2.0,0,https://figma.com/account/settings
48.0,34.0,7.0,2.0,2.0,0.0,3.0,1.0,0.0,1.0,0.0,0.0,0.0,0.0,1.0,4.2823,0.0,0.0,0.0208,0.0,1.0,1.0,1.0,1,http://facebook-unlock.service-mt8f.click/unlock
46.0,33.0,6.0,2.0,2.0,0.0,3.0,0.0,0.0,1.0,0.0,0.0,0.0,0.0,1.0,4.2034,0.0,0.0,0.0,0.0,1.0,1.0,1.0,1,http://microsoft-login.portal-uytb.click/login
23.0,15.0,0.0,1.0,0.0,0.0,2.0,0.0,0.0,0.0,0.0,0.0,0.0,1.0,0.0,4.056,0.0,0.0,0.0,0.0,0.0,0.0,0.0,0,https://khanacademy.org
21.0,6.0,8.0,1.0,0.0,0.0,3.0,2.0,0.0,0.0,0.0,0.0,0.0,0.0,0.0,3.8442,0.0,0.0,0.0952,1.0,0.0,0.0,1.0,1,http://bit.ly/ouea40u
28.0,14.0,6.0,2.0,0.0,0.0,3.0,0.0,0.0,1.0,0.0,0.0,0.0,1.0,0.0,3.7979,0.0,0.0,0.0,0.0,0.0,0.0,1.0,0,https://www.python.org/about
43.0,15.0,21.0,3.0,0.0,0.0,5.0,12.0,0.0,0.0,0.0,1.0,0.0,0.0,1.0,4.3533,0.0,0.0,0.2791,0.0,0.0,0.0,3.0,1,http://168.228.248.175/suspend/netflix/qske
43.0,24.0,12.0,2.0,2.0,0.0,3.0,2.0,0.0,0.0,0.0,0.0,0.0,0.0,1.0,4.0605,0.0,0.0,0.0465,0.0,1.0,0.0,1.0,1,http://paypal-account-94zid.com/account.php
36.0,15.0,13.0,1.0,0.0,0.0,4.0,0.0,0.0,0.0,0.0,0.0,0.0,1.0,0.0,4.1626,0.0,0.0,0.0,0.0,0.0,0.0,2.0,0,https://theguardian.com/user/profile
48.0,34.0,7.0,2.0,2.0,0.0,3.0,2.0,0.0,1.0,0.0,0.0,0.0,0.0,1.0,4.3061,0.0,0.0,0.0417,0.0,1.0,1.0,1.0,1,http://wellsfargo-verify.online-i39d.info/verify
59.0,20.0,18.0,1.0,1.0,0.0,4.0,4.0,2.0,0.0,1.0,0.0,0.0,0.0,1.0,4.7083,0.0,0.0,0.0678,0.0,1.0,1.0,2.0,1,http://v6eljucv-secure.info/wellsfargo/secure?id=yz8sq6jp5p
20.0,5.0,8.0,1.0,0.0,0.0,3.0,4.0,0.0,0.0,0.0,0.0,0.0,0.0,0.0,3.9842,0.0,0.0,0.2,1.0,0.0,0.0,1.0,1,http://is.gd/251ekb9
39.0,10.0,21.0,1.0,1.0,0.0,4.0,0.0,0.0,0.0,0.0,0.0,0.0,1.0,0.0,3.871,0.0,0.0,0.0,0.0,0.0,0.0,2.0,0,https://reddit.com/docs/getting-started
28.0,9.0,11.0,1.0,1.0,0.0,3.0,0.0,0.0,0.0,0.0,0.0,0.0,1.0,0.0,3.7979,0.0,0.0,0.0,0.0,0.0,0.0,1.0,0,https://quora.com/contact-us
35.0,13.0,14.0,2.0,0.0,0.0,5.0,1.0,0.0,1.0,0.0,0.0,0.0,1.0,0.0,3.8402,0.0,0.0,0.0286,0.0,0.0,0.0,3.0,0,https://www.chase.com/api/v1/status
44.0,26.0,11.0,2.0,2.0,0.0,3.0,2.0,0.0,0.0,0.0,0.0,0.0,0.0,1.0,4.1813,0.0,0.0,0.0455,0.0,1.0,0.0,1.0,1,http://microsoft-update-mw53a.com/update.php
26.0,11.0,8.0,1.0,0.0,0.0,3.0,4.0,0.0,0.0,0.0,0.0,0.0,0.0,0.0,4.1808,0.0,0.0,0.1538,1.0,0.0,0.0,1.0,1,http://tinyurl.com/2uqe205
33.0,8.0,17.0,1.0,0.0,0.0,4.0,0.0,0.0,0.0,0.0,0.0,0.0,1.0,1.0,3.9196,0.0,0.0,0.0,0.0,0.0,0.0,2.0,0,https://ebay.com/account/settings
39.0,14.0,18.0,3.0,0.0,0.0,5.0,13.0,0.0,0.0,0.0,1.0,0.0,0.0,1.0,4.2504,0.0,0.0,0.3333,0.0,0.0,0.0,3.0,1,http://240.10.179.191/verify/chase/si78
30.0,14.0,8.0,1.0,0.0,0.0,4.0,0.0,0.0,0.0,0.0,0.0,0.0,1.0,0.0,3.8151,0.0,0.0,0.0,0.0,0.0,0.0,2.0,0,https://salesforce.com/en/help
26.0,11.0,8.0,1.0,0.0,0.0,3.0,1.0,0.0,0.0,0.0,0.0,0.0,0.0,0.0,4.1039,0.0,0.0,0.0385,1.0,0.0,0.0,1.0,1,http://tinyurl.com/sn7waau
23.0,7.0,8.0,1.0,0.0,0.0,3.0,0.0,0.0,0.0,0.0,0.0,0.0,1.0,0.0,3.7623,0.0,0.0,0.0,0.0,0.0,0.0,1.0,0,https://usa.gov/careers
29.0,13.0,8.0,2.0,0.0,0.0,4.0,0.0,0.0,1.0,0.0,0.0,0.0,1.0,0.0,3.7714,0.0,0.0,0.0,0.0,0.0,0.0,2.0,0,https://www.npmjs.com/en/help
47.0,28.0,12.0,2.0,2.0,0.0,3.0,3.0,0.0,0.0,0.0,0.0,0.0,0.0,1.0,4.4586,0.0,0.0,0.0638,0.0,1.0,0.0,1.0,1,http://wellsfargo-banking-209ga.com/banking.php
56.0,18.0,16.0,1.0,1.0,0.0,4.0,5.0,2.0,0.0,1.0,0.0,0.0,1.0,1.0,4.5439,0.0,0.0,0.0893,0.0,1.0,1.0,2.0,1,https://dng5uto7-unlock.cf/coinbase/unlock?id=bl2set6u3l
35.0,16.0,11.0,2.0,1.0,0.0,3.0,0.0,0.0,1.0,0.0,0.0,0.0,1.0,0.0,4.1287,0.0,0.0,0.0,0.0,0.0,0.0,1.0,0,https://www.linkedin.com/contact-us
30.0,9.0,13.0,1.0,0.0,0.0,4.0,0.0,0.0,0.0,0.0,0.0,0.0,1.0,0.0,4.0566,0.0,0.0,0.0,0.0,0.0,0.0,2.0,0,https://adobe.com/user/profile
32.0,11.0,13.0,2.0,0.0,0.0,4.0,0.0,0.0,1.0,0.0,0.0,0.0,1.0,0.0,3.9292,0.0,0.0,0.0,0.0,0.0,0.0,2.0,0,https://www.mit.edu/user/profile
44.0,25.0,11.0,2.0,2.0,0.0,3.0,0.0,0.0,0.0,0.0,0.0,0.0,1.0,1.0,4.1896,0.0,0.0,0.0,0.0,1.0,0.0,1.0,1,https://coinbase-secure-frwym.com/secure.php
30.0,13.0,9.0,1.0,0.0,0.0,3.0,0.0,0.0,0.0,0.0,0.0,0.0,1.0,0.0,4.0062,0.0,0.0,0.0,0.0,0.0,0.0,1.0,0,https://wikipedia.org/products
41.0,9.0,24.0,1.0,1.0,0.0,5.0,4.0,0.0,0.0,0.0,0.0,0.0,1.0,0.0,4.3178,0.0,0.0,0.0976,0.0,0.0,0.0,3.0,0,https://npmjs.com/blog/2024/annual-report
24.0,15.0,1.0,2.0,0.0,0.0,3.0,0.0,0.0,1.0,0.0,0.0,0.0,1.0,0.0,3.7406,0.0,0.0,0.0,0.0,0.0,0.0,0.0,0,https://www.nytimes.com/
29.0,15.0,6.0,2.0,0.0,0.0,3.0,0.0,0.0,1.0,0.0,0.0,0.0,1.0,0.0,3.8664,0.0,0.0,0.0,0.0,0.0,0.0,1.0,0,https://docs.python.org/about
50.0,17.0,7.0,1.0,0.0,0.0,3.0,0.0,3.0,0.0,1.0,0.0,0.0,1.0,0.0,4.4109,0.0,0.0,0.0,0.0,0.0,0.0,1.0,0,https://stackoverflow.com/search?q=python+tutorial
49.0,32.0,9.0,2.0,2.0,0.0,3.0,0.0,0.0,1.0,0.0,0.0,0.0,1.0,1.0,4.3132,0.0,0.0,0.0,0.0,1.0,1.0,1.0,1,https://netflix-password.gateway-qsnc.gq/password
21.0,6.0,8.0,1.0,0.0,0.0,3.0,1.0,0.0,0.0,0.0,0.0,0.0,0.0,0.0,3.6897,0.0,0.0,0.0476,1.0,0.0,0.0,1.0,1,http://bit.ly/ztn8gmb
48.0,31.0,9.0,2.0,2.0,0.0,3.0,0.0,0.0,1.0,0.0,0.0,0.0,1.0,1.0,4.0779,0.0,0.0,0.0,0.0,1.0,1.0,1.0,1,https://facebook-password.app-wluh.work/password
22.0,8.0,6.0,1.0,0.0,0.0,3.0,0.0,0.0,0.0,0.0,0.0,0.0,1.0,0.0,3.7544,0.0,0.0,0.0,0.0,0.0,0.0,1.0,0,https://ebay.com/about
43.0,10.0,7.0,1.0,0.0,0.0,3.0,0.0,3.0,0.0,1.0,0.0,0.0,1.0,0.0,4.2199,0.0,0.0,0.0,0.0,0.0,0.0,1.0,0,https://paypal.com/search?q=python+tutorial
23.0,7.0,8.0,1.0,0.0,0.0,3.0,0.0,0.0,0.0,0.0,0.0,0.0,1.0,0.0,3.7623,0.0,0.0,0.0,0.0,0.0,0.0,1.0,0,https://zoom.us/careers
45.0,26.0,12.0,2.0,2.0,0.0,3.0,1.0,0.0,0.0,0.0,0.0,0.0,0.0,1.0,4.0811,0.0,0.0,0.0222,0.0,1.0,0.0,1.0,1,http://facebook-recover-fudh0.com/recover.php
43.0,24.0,12.0,2.0,2.0,0.0,3.0,0.0,0.0,0.0,0.0,0.0,0.0,0.0,1.0,3.9873,0.0,0.0,0.0,0.0,1.0,0.0,1.0,1,http://amazon-recover-foyac.com/recover.php
39.0,20.0,11.0,2.0,1.0,0.0,3.0,0.0,0.0,1.0,0.0,0.0,0.0,1.0,0.0,4.0898,0.0,0.0,0.0,0.0,0.0,0.0,1.0,0,https://www.digitalocean.com/contact-us
46.0,13.0,7.0,3.0,0.0,0.0,3.0,0.0,3.0,2.0,1.0,0.0,0.0,1.0,0.0,4.3901,0.0,0.0,0.0,0.0,0.0,0.0,1.0,0,https://www.bbc.co.uk/search?q=python+tutorial
45.0,26.0,12.0,2.0,2.0,0.0,3.0,3.0,0.0,0.0,0.0,0.0,0.0,0.0,1.0,4.0855,0.0,0.0,0.0667,0.0,1.0,0.0,1.0,1,http://coinbase-account-w7j77.com/account.php
59.0,20.0,17.0,1.0,1.0,0.0,4.0,2.0,2.0,0.0,1.0,0.0,0.0,1.0,1.0,4.3387,0.0,0.0,0.0339,0.0,1.0,1.0,2.0,1,https://hcupt81s-signin.info/microsoft/signin?id=cgdtiqyjrv
22.0,14.0,0.0,2.0,0.0,0.0,2.0,0.0,0.0,1.0,0.0,0.0,0.0,1.0,0.0,3.5726,0.0,0.0,0.0,0.0,0.0,0.0,0.0,0,https://www.python.org
32.0,11.0,13.0,1.0,0.0,0.0,4.0,0.0,0.0,0.0,0.0,0.0,0.0,1.0,0.0,4.0153,0.0,0.0,0.0,0.0,0.0,0.0,2.0,0,https://dropbox.com/user/profile
42.0,23.0,12.0,2.0,2.0,0.0,3.0,1.0,0.0,0.0,0.0,0.0,0.0,0.0,1.0,3.8822,0.0,0.0,0.0238,0.0,1.0,0.0,1.0,1,http://chase-account-0lslc.com/account.php
43.0,29.0,7.0,2.0,2.0,0.0,3.0,0.0,0.0,1.0,0.0,0.0,0.0,0.0,1.0,4.2374,0.0,0.0,0.0,0.0,1.0,1.0,1.0,1,http://facebook-wallet.auth-syib.xyz/wallet
31.0,9.0,14.0,1.0,0.0,0.0,5.0,1.0,0.0,0.0,0.0,0.0,0.0,1.0,0.0,3.8213,0.0,0.0,0.0323,0.0,0.0,0.0,3.0,0,https://figma.com/api/v1/status
22.0,8.0,6.0,1.0,0.0,0.0,3.0,0.0,0.0,0.0,0.0,0.0,0.0,1.0,0.0,3.6978,0.0,0.0,0.0,0.0,0.0,0.0,1.0,0,https://etsy.com/about
44.0,29.0,7.0,2.0,2.0,0.0,3.0,1.0,0.0,1.0,0.0,0.0,0.0,1.0,1.0,3.8914,0.0,0.0,0.0227,0.0,1.0,1.0,1.0,1,https://instagram-wallet.team-9esg.ml/wallet
53.0,18.0,14.0,1.0,1.0,0.0,4.0,1.0,2.0,0.0,1.0,0.0,0.0,0.0,1.0,4.1905,0.0,0.0,0.0189,0.0,1.0,1.0,2.0,1,http://cklextpc-wallet.ml/paypal/wallet?id=rq8colkwmp
58.0,19.0,17.0,1.0,1.0,0.0,4.0,5.0,2.0,0.0,1.0,0.0,0.0,1.0,1.0,4.5368,0.0,0.0,0.0862,0.0,1.0,1.0,2.0,1,https://s99ovywg-account.ga/coinbase/account?id=3zlsc0syy8
47.0,32.0,7.0,2.0,2.0,0.0,3.0,4.0,0.0,1.0,0.0,0.0,0.0,1.0,1.0,4.3093,0.0,0.0,0.0851,0.0,1.0,1.0,1.0,1,https://office365-signin.team-7ycg.click/signin
27.0,11.0,8.0,2.0,0.0,0.0,3.0,0.0,0.0,1.0,0.0,0.0,0.0,1.0,0.0,3.8282,0.0,0.0,0.0,0.0,0.0,0.0,1.0,0,https://www.irs.gov/careers
43.0,14.0,22.0,3.0,0.0,0.0,5.0,16.0,0.0,0.0,0.0,1.0,0.0,0.0,1.0,4.3419,0.0,0.0,0.3721,0.0,0.0,0.0,3.0,1,http://99.156.203.251/wallet/office365/ou86
23.0,7.0,8.0,1.0,0.0,0.0,3.0,0.0,0.0,0.0,0.0,0.0,0.0,1.0,0.0,3.7623,0.0,0.0,0.0,0.0,0.0,0.0,1.0,0,https://wsj.com/careers
46.0,25.0,13.0,2.0,2.0,0.0,3.0,4.0,0.0,0.0,0.0,0.0,0.0,1.0,1.0,4.2119,0.0,0.0,0.087,0.0,1.0,0.0,1.0,1,https://google-password-20h36.com/password.php
20.0,11.0,1.0,2.0,0.0,0.0,3.0,0.0,0.0,1.0,0.0,0.0,0.0,1.0,0.0,3.4464,0.0,0.0,0.0,0.0,0.0,0.0,0.0,0,https://www.zoom.us/
33.0,11.0,14.0,1.0,0.0,0.0,5.0,1.0,0.0,0.0,0.0,0.0,0.0,1.0,0.0,3.7724,0.0,0.0,0.0303,0.0,0.0,0.0,3.0,0,https://spotify.com/api/v1/status
26.0,11.0,8.0,1.0,0.0,0.0,3.0,1.0,0.0,0.0,0.0,0.0,0.0,0.0,0.0,4.056,0.0,0.0,0.0385,1.0,0.0,0.0,1.0,1,http://tinyurl.com/lfk1tkz
31.0,15.0,8.0,2.0,0.0,0.0,4.0,0.0,0.0,1.0,0.0,0.0,0.0,1.0,0.0,3.8245,0.0,0.0,0.0,0.0,0.0,0.0,2.0,0,https://docs.python.org/en/help
42.0,14.0,21.0,3.0,0.0,0.0,5.0,13.0,0.0,0.0,0.0,1.0,0.0,0.0,1.0,4.3657,0.0,0.0,0.3095,0.0,0.0,0.0,3.0,1,http://167.63.231.244/wallet/coinbase/7i9b
45.0,26.0,12.0,2.0,2.0,0.0,3.0,2.0,0.0,0.0,0.0,0.0,0.0,0.0,1.0,4.2275,0.0,0.0,0.0444,0.0,1.0,0.0,1.0,1,http://facebook-banking-56nhw.com/banking.php
29.0,7.0,14.0,1.0,0.0,0.0,5.0,1.0,0.0,0.0,0.0,0.0,0.0,1.0,0.0,3.768,0.0,0.0,0.0345,0.0,0.0,0.0,3.0,0,https://wsj.com/api/v1/status
29.0,9.0,12.0,1.0,0.0,0.0,4.0,0.0,0.0,0.0,0.0,0.0,0.0,1.0,0.0,3.509,0.0,0.0,0.0,0.0,0.0,0.0,2.0,0,https://notion.so/news/latest
23.0,14.0,1.0,2.0,0.0,0.0,3.0,0.0,0.0,1.0,0.0,0.0,0.0,1.0,0.0,3.6425,0.0,0.0,0.0,0.0,0.0,0.0,0.0,0,https://www.google.com/
43.0,29.0,6.0,2.0,2.0,0.0,3.0,1.0,0.0,1.0,0.0,0.0,0.0,1.0,1.0,4.0362,0.0,0.0,0.0233,0.0,1.0,1.0,1.0,1,https://paypal-login.support-drg5.top/login
44.0,14.0,23.0,3.0,0.0,0.0,5.0,15.0,0.0,0.0,0.0,1.0,0.0,0.0,1.0,4.4451,0.0,0.0,0.3409,0.0,0.0,0.0,3.0,1,http://83.177.145.154/banking/office365/0arn
26.0,9.0,9.0,1.0,0.0,0.0,3.0,0.0,0.0,0.0,0.0,0.0,0.0,1.0,0.0,3.5654,0.0,0.0,0.0,0.0,0.0,0.0,1.0,0,https://notion.so/products
50.0,35.0,8.0,2.0,2.0,0.0,3.0,2.0,0.0,1.0,0.0,0.0,0.0,0.0,1.0,4.2758,0.0,0.0,0.04,0.0,1.0,1.0,1.0,1,http://coinbase-billing.support-5g0j.click/billing
41.0,25.0,8.0,2.0,2.0,0.0,3.0,0.0,0.0,1.0,0.0,0.0,0.0,1.0,1.0,4.1739,0.0,0.0,0.0,0.0,1.0,1.0,1.0,1,https://chase-confirm.id-feaz.top/confirm
36.0,19.0,9.0,3.0,0.0,0.0,3.0,0.0,0.0,2.0,0.0,0.0,0.0,1.0,0.0,3.8429,0.0,0.0,0.0,0.0,0.0,0.0,1.0,0,https://www.docs.python.org/products
32.0,11.0,13.0,2.0,0.0,0.0,4.0,0.0,0.0,1.0,0.0,0.0,0.0,1.0,0.0,3.9764,0.0,0.0,0.0,0.0,0.0,0.0,2.0,0,https://www.wsj.com/user/profile
46.0,27.0,11.0,2.0,2.0,0.0,3.0,3.0,0.0,0.0,0.0,0.0,0.0,1.0,1.0,4.2925,0.0,0.0,0.0652,0.0,1.0,0.0,1.0,1,https://wellsfargo-secure-1f21j.com/secure.php
27.0,11.0,8.0,1.0,0.0,0.0,3.0,0.0,0.0,0.0,0.0,0.0,0.0,1.0,0.0,3.8101,0.0,0.0,0.0,0.0,0.0,0.0,1.0,0,https://outlook.com/careers
42.0,12.0,23.0,3.0,0.0,0.0,5.0,10.0,0.0,0.0,0.0,1.0,0.0,0.0,1.0,4.3117,0.0,0.0,0.2381,0.0,0.0,0.0,3.0,1,http://29.141.99.64/recover/microsoft/5iyn
43.0,28.0,7.0,2.0,2.0,0.0,3.0,2.0,0.0,1.0,0.0,0.0,0.0,1.0,1.0,4.2778,0.0,0.0,0.0465,0.0,1.0,1.0,1.0,1,https://coinbase-verify.id-0rs6.info/verify
27.0,11.0,8.0,1.0,0.0,0.0,3.0,0.0,0.0,0.0,0.0,0.0,0.0,1.0,0.0,3.9303,0.0,0.0,0.0,0.0,0.0,0.0,1.0,0,https://dropbox.com/pricing
38.0,13.0,17.0,2.0,0.0,0.0,4.0,0.0,0.0,1.0,0.0,0.0,0.0,1.0,1.0,3.9354,0.0,0.0,0.0,0.0,0.0,0.0,2.0,0,https://www.npmjs.com/account/settings
29.0,13.0,8.0,1.0,0.0,0.0,4.0,0.0,0.0,0.0,0.0,0.0,0.0,1.0,0.0,3.6595,0.0,0.0,0.0,0.0,0.0,0.0,2.0,0,https://pinterest.com/en/help
25.0,9.0,8.0,1.0,0.0,0.0,3.0,0.0,0.0,0.0,0.0,0.0,0.0,1.0,0.0,3.8937,0.0,0.0,0.0,0.0,0.0,0.0,1.0,0,https://figma.com/careers
36.0,11.0,17.0,2.0,0.0,0.0,4.0,0.0,0.0,1.0,0.0,0.0,0.0,1.0,1.0,3.882,0.0,0.0,0.0,0.0,0.0,0.0,2.0,0,https://www.usa.gov/account/settings
63.0,22.0,19.0,1.0,1.0,0.0,4.0,6.0,2.0,0.0,1.0,0.0,0.0,1.0,1.0,4.6035,0.0,0.0,0.0952,0.0,1.0,1.0,2.0,1,https://vn6vcy4n-billing.click/wellsfargo/billing?id=0ntk664zbu
39.0,13.0,19.0,3.0,0.0,0.0,5.0,11.0,0.0,0.0,0.0,1.0,0.0,0.0,1.0,4.1798,0.0,0.0,0.2821,0.0,0.0,0.0,3.0,1,http://185.173.95.88/secure/paypal/8lsm
40.0,11.0,21.0,2.0,1.0,0.0,4.0,0.0,0.0,1.0,0.0,0.0,0.0,1.0,0.0,4.0964,0.0,0.0,0.0,0.0,0.0,0.0,2.0,0,https://www.zoom.us/docs/getting-started
20.0,5.0,8.0,1.0,0.0,0.0,3.0,4.0,0.0,0.0,0.0,0.0,0.0,0.0,0.0,3.7842,0.0,0.0,0.2,1.0,0.0,0.0,1.0,1,http://is.gd/fu787z8
31.0,15.0,8.0,1.0,0.0,0.0,4.0,0.0,0.0,0.0,0.0,0.0,0.0,1.0,0.0,4.0424,0.0,0.0,0.0,0.0,0.0,0.0,2.0,0,https://theguardian.com/en/help
58.0,19.0,18.0,1.0,1.0,0.0,4.0,6.0,2.0,0.0,1.0,0.0,0.0,0.0,1.0,4.6723,0.0,0.0,0.1034,0.0,1.0,1.0,2.0,1,http://62sajzjc-invoice.ga/microsoft/invoice?id=7w6e5qui3o
41.0,12.0,21.0,1.0,1.0,0.0,4.0,0.0,0.0,0.0,0.0,0.0,0.0,1.0,0.0,3.933,0.0,0.0,0.0,0.0,0.0,0.0,2.0,0,https://stanford.edu/docs/getting-started
29.0,13.0,8.0,2.0,0.0,0.0,4.0,0.0,0.0,1.0,0.0,0.0,0.0,1.0,0.0,3.5814,0.0,0.0,0.0,0.0,0.0,0.0,2.0,0,https://www.notion.so/en/help
61.0,21.0,18.0,1.0,1.0,0.0,4.0,5.0,2.0,0.0,1.0,0.0,0.0,1.0,1.0,4.5878,0.0,0.0,0.082,0.0,1.0,1.0,2.0,1,https://9imflw2a-confirm.info/instagram/confirm?id=r2i0qk1ejh
31.0,9.0,14.0,1.0,0.0,0.0,5.0,1.0,0.0,0.0,0.0,0.0,0.0,1.0,0.0,3.4698,0.0,0.0,0.0323,0.0,0.0,0.0,3.0,0,https://twitch.tv/api/v1/status
27.0,11.0,8.0,1.0,0.0,0.0,3.0,0.0,0.0,0.0,0.0,0.0,0.0,1.0,0.0,3.8842,0.0,0.0,0.0,0.0,0.0,0.0,1.0,0,https://outlook.com/pricing
26.0,11.0,8.0,1.0,0.0,0.0,3.0,2.0,0.0,0.0,0.0,0.0,0.0,0.0,0.0,4.1808,0.0,0.0,0.0769,1.0,0.0,0.0,1.0,1,http://tinyurl.com/o7gfxp5
33.0,16.0,9.0,1.0,0.0,0.0,3.0,0.0,0.0,0.0,0.0,0.0,0.0,1.0,0.0,4.0667,0.0,0.0,0.0,0.0,0.0,0.0,1.0,0,https://digitalocean.com/products
18.0,9.0,1.0,1.0,0.0,0.0,3.0,0.0,0.0,0.0,0.0,0.0,0.0,1.0,0.0,3.6835,0.0,0.0,0.0,0.0,0.0,0.0,0.0,0,https://quora.com/
60.0,20.0,18.0,1.0,1.0,0.0,4.0,4.0,2.0,0.0,1.0,0.0,0.0,1.0,1.0,4.6106,0.0,0.0,0.0667,0.0,1.0,1.0,2.0,1,https://ys6odbxg-invoice.xyz/instagram/invoice?id=v12wznxx6s
21.0,6.0,8.0,1.0,0.0,0.0,3.0,3.0,0.0,0.0,0.0,0.0,0.0,0.0,0.0,3.6897,0.0,0.0,0.1429,1.0,0.0,0.0,1.0,1,http://bit.ly/t1qh26x
33.0,14.0,11.0,2.0,1.0,0.0,3.0,0.0,0.0,1.0,0.0,0.0,0.0,1.0,0.0,3.9455,0.0,0.0,0.0,0.0,0.0,0.0,1.0,0,https://www.google.com/contact-us
33.0,17.0,8.0,2.0,0.0,0.0,3.0,0.0,0.0,1.0,0.0,0.0,0.0,1.0,0.0,3.862,0.0,0.0,0.0,0.0,0.0,0.0,1.0,0,https://www.pinterest.com/pricing
39.0,14.0,17.0,2.0,0.0,0.0,4.0,0.0,0.0,1.0,0.0,0.0,0.0,1.0,1.0,3.9359,0.0,0.0,0.0,0.0,0.0,0.0,2.0,0,https://www.google.com/account/settings
44.0,15.0,22.0,3.0,0.0,0.0,5.0,16.0,0.0,0.0,0.0,1.0,0.0,0.0,1.0,4.4168,0.0,0.0,0.3636,0.0,0.0,0.0,3.0,1,http://188.246.226.105/verify/office365/xfw9
16.0,7.0,1.0,1.0,0.0,0.0,3.0,0.0,0.0,0.0,0.0,0.0,0.0,1.0,0.0,3.4528,0.0,0.0,0.0,0.0,0.0,0.0,0.0,0,https://wsj.com/
35.0,15.0,12.0,2.0,0.0,0.0,4.0,0.0,0.0,1.0,0.0,0.0,0.0,1.0,0.0,4.0004,0.0,0.0,0.0,0.0,0.0,0.0,2.0,0,https://www.dropbox.com/news/latest
45.0,30.0,7.0,2.0,2.0,0.0,3.0,2.0,0.0,1.0,0.0,0.0,0.0,1.0,1.0,4.286,0.0,0.0,0.0444,0.0,1.0,1.0,1.0,1,https://netflix-verify.session-1do8.ml/verify
44.0,11.0,7.0,2.0,0.0,0.0,3.0,0.0,3.0,1.0,1.0,0.0,0.0,1.0,0.0,4.3542,0.0,0.0,0.0,0.0,0.0,0.0,1.0,0,https://www.zoom.us/search?q=python+tutorial
21.0,6.0,8.0,1.0,0.0,0.0,3.0,3.0,0.0,0.0,0.0,0.0,0.0,0.0,0.0,3.9395,0.0,0.0,0.1429,1.0,0.0,0.0,1.0,1,http://bit.ly/km4eo59
39.0,14.0,18.0,3.0,0.0,0.0,5.0,12.0,0.0,0.0,0.0,1.0,0.0,0.0,1.0,4.2436,0.0,0.0,0.3077,0.0,0.0,0.0,3.0,1,http://249.136.245.71/login/google/5tmz
48.0,32.0,8.0,2.0,2.0,0.0,3.0,1.0,0.0,1.0,0.0,0.0,0.0,1.0,1.0,4.1552,0.0,0.0,0.0208,0.0,1.0,1.0,1.0,1,https://instagram-banking.team-f2ed.info/banking
26.0,11.0,8.0,1.0,0.0,0.0,3.0,1.0,0.0,0.0,0.0,0.0,0.0,0.0,0.0,4.1039,0.0,0.0,0.0385,1.0,0.0,0.0,1.0,1,http://tinyurl.com/j4wupdl
45.0,14.0,24.0,3.0,0.0,0.0,5.0,13.0,0.0,0.0,0.0,1.0,0.0,0.0,1.0,4.4556,0.0,0.0,0.2889,0.0,0.0,0.0,3.0,1,http://192.10.203.165/password/instagram/8u7a
42.0,23.0,12.0,2.0,2.0,0.0,3.0,2.0,0.0,0.0,0.0,0.0,0.0,0.0,1.0,4.1548,0.0,0.0,0.0476,0.0,1.0,0.0,1.0,1,http://apple-billing-kk9r1.com/billing.php
56.0,20.0,15.0,1.0,1.0,0.0,4.0,4.0,2.0,0.0,1.0,0.0,0.0,0.0,1.0,4.5953,0.0,0.0,0.0714,0.0,1.0,1.0,2.0,1,http://uc1g7um9-update.info/netflix/update?id=capiyomq4j
28.0,12.0,8.0,1.0,0.0,0.0,3.0,0.0,0.0,0.0,0.0,0.0,0.0,1.0,0.0,3.8518,0.0,0.0,0.0,0.0,0.0,0.0,1.0,0,https://coursera.org/pricing
35.0,18.0,9.0,2.0,0.0,0.0,3.0,0.0,0.0,1.0,0.0,0.0,0.0,1.0,0.0,3.9789,0.0,0.0,0.0,0.0,0.0,0.0,1.0,0,https://www.protonmail.com/products
50.0,35.0,7.0,2.0,2.0,0.0,3.0,0.0,0.0,1.0,0.0,0.0,0.0,1.0,1.0,4.1689,0.0,0.0,0.0,0.0,1.0,1.0,1.0,1,https://instagram-secure.service-fnya.click/secure
48.0,15.0,7.0,2.0,0.0,0.0,3.0,0.0,3.0,1.0,1.0,0.0,0.0,1.0,0.0,4.3082,0.0,0.0,0.0,0.0,0.0,0.0,1.0,0,https://www.outlook.com/search?q=python+tutorial
19.0,10.0,1.0,1.0,0.0,0.0,3.0,0.0,0.0,0.0,0.0,0.0,0.0,1.0,0.0,3.5766,0.0,0.0,0.0,0.0,0.0,0.0,0.0,0,https://office.com/
20.0,5.0,8.0,1.0,0.0,0.0,3.0,3.0,0.0,0.0,0.0,0.0,0.0,0.0,0.0,3.7842,0.0,0.0,0.15,1.0,0.0,0.0,1.0,1,http://is.gd/zi450pb
42.0,10.0,24.0,1.0,1.0,0.0,5.0,4.0,0.0,0.0,0.0,0.0,0.0,1.0,0.0,4.3953,0.0,0.0,0.0952,0.0,0.0,0.0,3.0,0,https://medium.com/blog/2024/annual-report
19.0,10.0,1.0,1.0,0.0,0.0,3.0,0.0,0.0,0.0,0.0,0.0,0.0,1.0,0.0,3.5766,0.0,0.0,0.0,0.0,0.0,0.0,0.0,0,https://amazon.com/
20.0,5.0,8.0,1.0,0.0,0.0,3.0,2.0,0.0,0.0,0.0,0.0,0.0,0.0,0.0,3.8464,0.0,0.0,0.1,1.0,0.0,0.0,1.0,1,http://is.gd/mqxzt38
25.0,9.0,8.0,1.0,0.0,0.0,3.0,0.0,0.0,0.0,0.0,0.0,0.0,1.0,0.0,4.0537,0.0,0.0,0.0,0.0,0.0,0.0,1.0,0,https://adobe.com/pricing
21.0,6.0,8.0,1.0,0.0,0.0,3.0,2.0,0.0,0.0,0.0,0.0,0.0,0.0,0.0,3.5226,0.0,0.0,0.0952,1.0,0.0,0.0,1.0,1,http://bit.ly/bpb5n4i
44.0,15.0,21.0,2.0,1.0,0.0,4.0,0.0,0.0,1.0,0.0,0.0,0.0,1.0,0.0,4.1886,0.0,0.0,0.0,0.0,0.0,0.0,2.0,0,https://www.netflix.com/docs/getting-started
25.0,9.0,8.0,1.0,0.0,0.0,4.0,0.0,0.0,0.0,0.0,0.0,0.0,1.0,0.0,3.6537,0.0,0.0,0.0,0.0,0.0,0.0,2.0,0,https://npmjs.com/en/help
44.0,13.0,24.0,3.0,0.0,0.0,5.0,11.0,0.0,0.0,0.0,1.0,0.0,0.0,1.0,4.5875,0.0,0.0,0.25,0.0,0.0,0.0,3.0,1,http://45.212.196.74/billing/wellsfargo/6cuy
21.0,6.0,8.0,1.0,0.0,0.0,3.0,3.0,0.0,0.0,0.0,0.0,0.0,0.0,0.0,3.9395,0.0,0.0,0.1429,1.0,0.0,0.0,1.0,1,http://bit.ly/4aj8z2k
44.0,26.0,11.0,2.0,2.0,0.0,3.0,0.0,0.0,0.0,0.0,0.0,0.0,0.0,1.0,4.127,0.0,0.0,0.0,0.0,1.0,0.0,1.0,1,http://microsoft-wallet-kayho.com/wallet.php
42.0,9.0,7.0,1.0,0.0,0.0,3.0,0.0,3.0,0.0,1.0,0.0,0.0,1.0,0.0,4.3773,0.0,0.0,0.0,0.0,0.0,0.0,1.0,0,https://figma.com/search?q=python+tutorial
57.0,20.0,16.0,1.0,1.0,0.0,4.0,5.0,2.0,0.0,1.0,0.0,0.0,0.0,1.0,4.6088,0.0,0.0,0.0877,0.0,1.0,1.0,2.0,1,http://jnywmp55-update.info/coinbase/update?id=r1dqa13kdd
22.0,14.0,0.0,2.0,0.0,0.0,2.0,0.0,0.0,1.0,0.0,0.0,0.0,1.0,0.0,3.6635,0.0,0.0,0.0,0.0,0.0,0.0,0.0,0,https://www.paypal.com
26.0,11.0,8.0,1.0,0.0,0.0,3.0,3.0,0.0,0.0,0.0,0.0,0.0,0.0,0.0,4.1808,0.0,0.0,0.1154,1.0,0.0,0.0,1.0,1,http://tinyurl.com/bih01z5
26.0,11.0,8.0,1.0,0.0,0.0,3.0,1.0,0.0,0.0,0.0,0.0,0.0,0.0,0.0,4.0749,0.0,0.0,0.0385,1.0,0.0,0.0,1.0,1,http://tinyurl.com/fnw6zpn
41.0,24.0,10.0,2.0,2.0,0.0,3.0,1.0,0.0,0.0,0.0,0.0,0.0,0.0,1.0,4.3059,0.0,0.0,0.0244,0.0,1.0,0.0,1.0,1,http://facebook-login-5awfx.com/login.php
34.0,14.0,12.0,1.0,0.0,0.0,4.0,0.0,0.0,0.0,0.0,0.0,0.0,1.0,0.0,4.0209,0.0,0.0,0.0,0.0,0.0,0.0,2.0,0,https://cloudflare.com/news/latest
30.0,9.0,13.0,1.0,0.0,0.0,4.0,0.0,0.0,0.0,0.0,0.0,0.0,1.0,0.0,3.8817,0.0,0.0,0.0,0.0,0.0,0.0,2.0,0,https://apple.com/user/profile
26.0,11.0,8.0,1.0,0.0,0.0,3.0,2.0,0.0,0.0,0.0,0.0,0.0,0.0,0.0,4.1039,0.0,0.0,0.0769,1.0,0.0,0.0,1.0,1,http://tinyurl.com/4mu2qij
44.0,27.0,9.0,2.0,2.0,0.0,3.0,2.0,0.0,1.0,0.0,0.0,0.0,1.0,1.0,4.1009,0.0,0.0,0.0455,0.0,1.0,1.0,1.0,1,https://chase-password.team-y9w3.tk/password
35.0,13.0,14.0,2.0,0.0,0.0,5.0,1.0,0.0,1.0,0.0,0.0,0.0,1.0,0.0,3.6799,0.0,0.0,0.0286,0.0,0.0,0.0,3.0,0,https://www.notion.so/api/v1/status
29.0,13.0,8.0,3.0,0.0,0.0,3.0,0.0,0.0,2.0,0.0,0.0,0.0,1.0,0.0,3.9263,0.0,0.0,0.0,0.0,0.0,0.0,1.0,0,https://www.bbc.co.uk/pricing
39.0,7.0,24.0,1.0,1.0,0.0,5.0,4.0,0.0,0.0,0.0,0.0,0.0,1.0,0.0,4.3211,0.0,0.0,0.1026,0.0,0.0,0.0,3.0,0,https://mit.edu/blog/2024/annual-report
24.0,7.0,9.0,1.0,0.0,0.0,3.0,0.0,0.0,0.0,0.0,0.0,0.0,1.0,0.0,3.7406,0.0,0.0,0.0,0.0,0.0,0.0,1.0,0,https://wsj.com/products
28.0,14.0,6.0,1.0,0.0,0.0,3.0,0.0,0.0,0.0,0.0,0.0,0.0,1.0,0.0,3.9138,0.0,0.0,0.0,0.0,0.0,0.0,1.0,0,https://salesforce.com/about
59.0,20.0,17.0,1.0,1.0,0.0,4.0,3.0,2.0,0.0,1.0,0.0,0.0,1.0,1.0,4.7194,0.0,0.0,0.0508,0.0,1.0,1.0,2.0,1,https://l5fvw8ou-banking.top/coinbase/banking?id=tgfzu5lymq
38.0,16.0,14.0,2.0,0.0,0.0,5.0,1.0,0.0,1.0,0.0,0.0,0.0,1.0,0.0,4.146,0.0,0.0,0.0263,0.0,0.0,0.0,3.0,0,https://www.linkedin.com/api/v1/status
21.0,6.0,8.0,1.0,0.0,0.0,3.0,1.0,0.0,0.0,0.0,0.0,0.0,0.0,0.0,3.749,0.0,0.0,0.0476,1.0,0.0,0.0,1.0,1,http://bit.ly/1nriflv
21.0,6.0,8.0,1.0,0.0,0.0,3.0,2.0,0.0,0.0,0.0,0.0,0.0,0.0,0.0,3.749,0.0,0.0,0.0952,1.0,0.0,0.0,1.0,1,http://bit.ly/p5xzuy4
21.0,6.0,8.0,1.0,0.0,0.0,3.0,1.0,0.0,0.0,0.0,0.0,0.0,0.0,0.0,3.749,0.0,0.0,0.0476,1.0,0.0,0.0,1.0,1,http://bit.ly/4bcfsrh
43.0,14.0,21.0,1.0,1.0,0.0,4.0,0.0,0.0,0.0,0.0,0.0,0.0,1.0,0.0,4.0163,0.0,0.0,0.0,0.0,0.0,0.0,2.0,0,https://salesforce.com/docs/getting-started
32.0,7.0,17.0,1.0,0.0,0.0,4.0,0.0,0.0,0.0,0.0,0.0,0.0,1.0,1.0,3.8247,0.0,0.0,0.0,0.0,0.0,0.0,2.0,0,https://irs.gov/account/settings
25.0,9.0,8.0,1.0,0.0,0.0,3.0,0.0,0.0,0.0,0.0,0.0,0.0,1.0,0.0,3.9435,0.0,0.0,0.0,0.0,0.0,0.0,1.0,0,https://slack.com/pricing
33.0,11.0,14.0,1.0,0.0,0.0,5.0,1.0,0.0,0.0,0.0,0.0,0.0,1.0,0.0,3.8212,0.0,0.0,0.0303,0.0,0.0,0.0,3.0,0,https://shopify.com/api/v1/status
34.0,18.0,8.0,2.0,0.0,0.0,3.0,0.0,0.0,1.0,0.0,0.0,0.0,1.0,0.0,4.1163,0.0,0.0,0.0,0.0,0.0,0.0,1.0,0,https://www.salesforce.com/pricing
23.0,15.0,0.0,2.0,0.0,0.0,2.0,0.0,0.0,1.0,0.0,0.0,0.0,1.0,0.0,3.7623,0.0,0.0,0.0,0.0,0.0,0.0,0.0,0,https://www.nytimes.com
42.0,13.0,21.0,2.0,1.0,0.0,4.0,0.0,0.0,1.0,0.0,0.0,0.0,1.0,0.0,4.0167,0.0,0.0,0.0,0.0,0.0,0.0,2.0,0,https://www.chase.com/docs/getting-started
41.0,9.0,24.0,1.0,1.0,0.0,5.0,4.0,0.0,0.0,0.0,0.0,0.0,1.0,0.0,4.3059,0.0,0.0,0.0976,0.0,0.0,0.0,3.0,0,https://twitch.tv/blog/2024/annual-report
49.0,33.0,9.0,2.0,2.0,0.0,3.0,1.0,0.0,1.0,0.0,0.0,0.0,0.0,1.0,4.0863,0.0,0.0,0.0204,0.0,1.0,1.0,1.0,1,http://netflix-password.support-tw5l.top/password
39.0,14.0,17.0,2.0,0.0,0.0,4.0,0.0,0.0,1.0,0.0,0.0,0.0,1.0,1.0,4.0091,0.0,0.0,0.0,0.0,0.0,0.0,2.0,0,https://www.reddit.com/account/settings
18.0,10.0,0.0,1.0,0.0,0.0,2.0,0.0,0.0,0.0,0.0,0.0,0.0,1.0,0.0,3.4613,0.0,0.0,0.0,0.0,0.0,0.0,0.0,0,https://python.org
43.0,23.0,12.0,2.0,2.0,0.0,3.0,0.0,0.0,0.0,0.0,0.0,0.0,1.0,1.0,4.1002,0.0,0.0,0.0,0.0,1.0,0.0,1.0,1,https://chase-billing-kcmhm.com/billing.php
44.0,28.0,8.0,2.0,2.0,0.0,3.0,1.0,0.0,1.0,0.0,0.0,0.0,1.0,1.0,4.209,0.0,0.0,0.0227,0.0,1.0,1.0,1.0,1,https://facebook-account.web-m8li.cf/account
28.0,14.0,6.0,2.0,0.0,0.0,3.0,0.0,0.0,1.0,0.0,0.0,0.0,1.0,0.0,3.9677,0.0,0.0,0.0,0.0,0.0,0.0,1.0,0,https://www.reddit.com/about
29.0,13.0,8.0,1.0,0.0,0.0,4.0,0.0,0.0,0.0,0.0,0.0,0.0,1.0,0.0,3.8404,0.0,0.0,0.0,0.0,0.0,0.0,2.0,0,https://microsoft.com/en/help
26.0,10.0,8.0,1.0,0.0,0.0,3.0,0.0,0.0,0.0,0.0,0.0,0.0,1.0,0.0,3.7672,0.0,0.0,0.0,0.0,0.0,0.0,1.0,0,https://google.com/careers
44.0,14.0,23.0,3.0,0.0,0.0,5.0,12.0,0.0,0.0,0.0,1.0,0.0,0.0,1.0,4.3259,0.0,0.0,0.2727,0.0,0.0,0.0,3.0,1,http://83.164.138.236/invoice/microsoft/i7yo
35.0,13.0,14.0,1.0,0.0,0.0,5.0,1.0,0.0,0.0,0.0,0.0,0.0,1.0,0.0,3.8157,0.0,0.0,0.0286,0.0,0.0,0.0,3.0,0,https://microsoft.com/api/v1/status
34.0,13.0,13.0,2.0,0.0,0.0,4.0,0.0,0.0,1.0,0.0,0.0,0.0,1.0,0.0,3.8636,0.0,0.0,0.0,0.0,0.0,0.0,2.0,0,https://www.twitch.tv/user/profile
25.0,9.0,8.0,1.0,0.0,0.0,3.0,0.0,0.0,0.0,0.0,0.0,0.0,1.0,0.0,3.8635,0.0,0.0,0.0,0.0,0.0,0.0,1.0,0,https://figma.com/pricing
28.0,7.0,13.0,1.0,0.0,0.0,4.0,0.0,0.0,0.0,0.0,0.0,0.0,1.0,0.0,3.7804,0.0,0.0,0.0,0.0,0.0,0.0,2.0,0,https://npr.org/user/profile
44.0,15.0,21.0,1.0,1.0,0.0,4.0,0.0,0.0,0.0,0.0,0.0,0.0,1.0,0.0,4.0838,0.0,0.0,0.0,0.0,0.0,0.0,2.0,0,https://khanacademy.org/docs/getting-started
35.0,19.0,8.0,2.0,0.0,0.0,3.0,0.0,0.0,1.0,0.0,0.0,0.0,1.0,0.0,4.1287,0.0,0.0,0.0,0.0,0.0,0.0,1.0,0,https://www.theguardian.com/pricing
31.0,9.0,14.0,1.0,0.0,0.0,5.0,1.0,0.0,0.0,0.0,0.0,0.0,1.0,0.0,3.7811,0.0,0.0,0.0323,0.0,0.0,0.0,3.0,0,https://slack.com/api/v1/status
26.0,11.0,8.0,1.0,0.0,0.0,3.0,1.0,0.0,0.0,0.0,0.0,0.0,0.0,0.0,3.9689,0.0,0.0,0.0385,1.0,0.0,0.0,1.0,1,http://tinyurl.com/iuizus1
23.0,7.0,8.0,1.0,0.0,0.0,3.0,0.0,0.0,0.0,0.0,0.0,0.0,1.0,0.0,3.8164,0.0,0.0,0.0,0.0,0.0,0.0,1.0,0,https://mit.edu/pricing
42.0,14.0,21.0,3.0,0.0,0.0,5.0,11.0,0.0,0.0,0.0,1.0,0.0,0.0,1.0,4.3001,0.0,0.0,0.2619,0.0,0.0,0.0,3.0,1,http://30.136.194.149/update/coinbase/ounb
43.0,14.0,22.0,3.0,0.0,0.0,5.0,12.0,0.0,0.0,0.0,1.0,0.0,0.0,1.0,4.4173,0.0,0.0,0.2791,0.0,0.0,0.0,3.0,1,http://82.179.139.129/account/coinbase/gdw0
40.0,15.0,17.0,2.0,0.0,0.0,4.0,0.0,0.0,1.0,0.0,0.0,0.0,1.0,1.0,4.1251,0.0,0.0,0.0,0.0,0.0,0.0,2.0,0,https://www.mozilla.org/account/settings
35.0,19.0,8.0,2.0,0.0,0.0,3.0,0.0,0.0,1.0,0.0,0.0,0.0,1.0,0.0,4.2074,0.0,0.0,0.0,0.0,0.0,0.0,1.0,0,https://www.khanacademy.org/pricing
43.0,14.0,22.0,3.0,0.0,0.0,5.0,14.0,0.0,0.0,0.0,1.0,0.0,0.0,1.0,4.3708,0.0,0.0,0.3256,0.0,0.0,0.0,3.0,1,http://206.21.191.204/wallet/office365/oeuk
24.0,8.0,8.0,1.0,0.0,0.0,3.0,0.0,0.0,0.0,0.0,0.0,0.0,1.0,0.0,3.6258,0.0,0.0,0.0,0.0,0.0,0.0,1.0,0,https://etsy.com/careers
59.0,20.0,17.0,1.0,1.0,0.0,4.0,5.0,2.0,0.0,1.0,0.0,0.0,1.0,1.0,4.6838,0.0,0.0,0.0847,0.0,1.0,1.0,2.0,1,https://4pqxv4zt-suspend.top/facebook/suspend?id=co6g01rzbk
45.0,14.0,24.0,3.0,0.0,0.0,5.0,15.0,0.0,0.0,0.0,1.0,0.0,0.0,1.0,4.5781,0.0,0.0,0.3333,0.0,0.0,0.0,3.0,1,http://119.142.90.250/password/office365/kxq6
36.0,14.0,14.0,2.0,0.0,0.0,5.0,1.0,0.0,1.0,0.0,0.0,0.0,1.0,0.0,3.9722,0.0,0.0,0.0278,0.0,0.0,0.0,3.0,0,https://www.office.com/api/v1/status
47.0,27.0,12.0,2.0,2.0,0.0,3.0,2.0,0.0,0.0,0.0,0.0,0.0,1.0,1.0,4.1921,0.0,0.0,0.0426,0.0,1.0,0.0,1.0,1,https://instagram-billing-fhi83.com/billing.php
21.0,6.0,8.0,1.0,0.0,0.0,3.0,1.0,0.0,0.0,0.0,0.0,0.0,0.0,0.0,3.6178,0.0,0.0,0.0476,1.0,0.0,0.0,1.0,1,http://bit.ly/lnbbgv0
47.0,33.0,6.0,2.0,2.0,0.0,3.0,2.0,0.0,1.0,0.0,0.0,0.0,1.0,1.0,4.2242,0.0,0.0,0.0426,0.0,1.0,1.0,1.0,1,https://instagram-login.portal-1c6u.click/login
34.0,14.0,12.0,1.0,0.0,0.0,4.0,0.0,0.0,0.0,0.0,0.0,0.0,1.0,0.0,3.8781,0.0,0.0,0.0,0.0,0.0,0.0,2.0,0,https://protonmail.com/news/latest
53.0,18.0,14.0,1.0,1.0,0.0,4.0,5.0,2.0,0.0,1.0,0.0,0.0,0.0,1.0,4.5747,0.0,0.0,0.0943,0.0,1.0,1.0,2.0,1,http://brt24lyb-unlock.ml/amazon/unlock?id=nl0wugoi40
21.0,6.0,8.0,1.0,0.0,0.0,3.0,1.0,0.0,0.0,0.0,0.0,0.0,0.0,0.0,3.6538,0.0,0.0,0.0476,1.0,0.0,0.0,1.0,1,http://bit.ly/y7zdvdz
44.0,24.0,12.0,2.0,2.0,0.0,3.0,2.0,0.0,0.0,0.0,0.0,0.0,1.0,1.0,4.1441,0.0,0.0,0.0455,0.0,1.0,0.0,1.0,1,https://amazon-banking-ms1z1.com/banking.php
19.0,11.0,0.0,2.0,0.0,0.0,2.0,0.0,0.0,1.0,0.0,0.0,0.0,1.0,0.0,3.4058,0.0,0.0,0.0,0.0,0.0,0.0,0.0,0,https://www.wsj.com
39.0,14.0,18.0,3.0,0.0,0.0,5.0,13.0,0.0,0.0,0.0,1.0,0.0,0.0,1.0,4.3655,0.0,0.0,0.3333,0.0,0.0,0.0,3.0,1,http://143.144.190.52/unlock/chase/n62r
20.0,11.0,1.0,2.0,0.0,0.0,3.0,0.0,0.0,1.0,0.0,0.0,0.0,1.0,0.0,3.3842,0.0,0.0,0.0,0.0,0.0,0.0,0.0,0,https://www.wsj.com/
38.0,9.0,21.0,1.0,1.0,0.0,4.0,0.0,0.0,0.0,0.0,0.0,0.0,1.0,0.0,3.8457,0.0,0.0,0.0,0.0,0.0,0.0,2.0,0,https://twitch.tv/docs/getting-started
18.0,9.0,1.0,1.0,0.0,0.0,3.0,0.0,0.0,0.0,0.0,0.0,0.0,1.0,0.0,3.1497,0.0,0.0,0.0,0.0,0.0,0.0,0.0,0,https://twitch.tv/
45.0,27.0,11.0,2.0,2.0,0.0,3.0,1.0,0.0,0.0,0.0,0.0,0.0,0.0,1.0,4.2969,0.0,0.0,0.0222,0.0,1.0,0.0,1.0,1,http://wellsfargo-signin-a7tvc.com/signin.php
26.0,11.0,8.0,1.0,0.0,0.0,3.0,1.0,0.0,0.0,0.0,0.0,0.0,0.0,0.0,4.027,0.0,0.0,0.0385,1.0,0.0,0.0,1.0,1,http://tinyurl.com/nuylqv7
44.0,29.0,8.0,2.0,2.0,0.0,3.0,0.0,0.0,1.0,0.0,0.0,0.0,0.0,1.0,4.2267,0.0,0.0,0.0,0.0,1.0,1.0,1.0,1,http://wellsfargo-recover.id-vwng.ml/recover
53.0,18.0,14.0,1.0,1.0,0.0,4.0,3.0,2.0,0.0,1.0,0.0,0.0,0.0,1.0,4.5605,0.0,0.0,0.0566,0.0,1.0,1.0,2.0,1,http://qaexnupr-secure.tk/amazon/secure?id=00b2uyqsrz
46.0,31.0,7.0,2.0,2.0,0.0,3.0,2.0,0.0,1.0,0.0,0.0,0.0,1.0,1.0,3.8839,0.0,0.0,0.0435,0.0,1.0,1.0,1.0,1,https://netflix-signin.session-sw69.top/signin
21.0,6.0,8.0,1.0,0.0,0.0,3.0,3.0,0.0,0.0,0.0,0.0,0.0,0.0,0.0,3.749,0.0,0.0,0.1429,1.0,0.0,0.0,1.0,1,http://bit.ly/0qypw47
26.0,11.0,8.0,1.0,0.0,0.0,3.0,3.0,0.0,0.0,0.0,0.0,0.0,0.0,0.0,4.1039,0.0,0.0,0.1154,1.0,0.0,0.0,1.0,1,http://tinyurl.com/k24pko8
46.0,31.0,8.0,2.0,2.0,0.0,3.0,1.0,0.0,1.0,0.0,0.0,0.0,0.0,1.0,4.115,0.0,0.0,0.0217,0.0,1.0,1.0,1.0,1,http://coinbase-banking.center-4vvg.tk/banking
21.0,6.0,8.0,1.0,0.0,0.0,3.0,2.0,0.0,0.0,0.0,0.0,0.0,0.0,0.0,3.749,0.0,0.0,0.0952,1.0,0.0,0.0,1.0,1,http://bit.ly/l18yfja
27.0,11.0,8.0,1.0,0.0,0.0,3.0,0.0,0.0,0.0,0.0,0.0,0.0,1.0,0.0,3.8562,0.0,0.0,0.0,0.0,0.0,0.0,1.0,0,https://nytimes.com/pricing
56.0,19.0,15.0,1.0,1.0,0.0,4.0,8.0,2.0,0.0,1.0,0.0,0.0,1.0,1.0,4.8249,0.0,0.0,0.1429,0.0,1.0,1.0,2.0,1,https://4c7ax9m1-verify.top/netflix/verify?id=09ms9jy8zk
44.0,25.0,11.0,2.0,2.0,0.0,3.0,3.0,0.0,0.0,0.0,0.0,0.0,1.0,1.0,4.4646,0.0,0.0,0.0682,0.0,1.0,0.0,1.0,1,https://coinbase-verify-o206z.com/verify.php
29.0,13.0,8.0,2.0,0.0,0.0,3.0,0.0,0.0,1.0,0.0,0.0,0.0,1.0,0.0,3.8573,0.0,0.0,0.0,0.0,0.0,0.0,1.0,0,https://www.slack.com/careers
42.0,23.0,12.0,2.0,2.0,0.0,3.0,3.0,0.0,0.0,0.0,0.0,0.0,0.0,1.0,4.2704,0.0,0.0,0.0714,0.0,1.0,0.0,1.0,1,http://apple-banking-y71l2.com/banking.php
26.0,11.0,8.0,1.0,0.0,0.0,3.0,2.0,0.0,0.0,0.0,0.0,0.0,0.0,0.0,3.9791,0.0,0.0,0.0769,1.0,0.0,0.0,1.0,1,http://tinyurl.com/xhtp55z
17.0,9.0,0.0,1.0,0.0,0.0,2.0,0.0,0.0,0.0,0.0,0.0,0.0,1.0,0.0,3.1751,0.0,0.0,0.0,0.0,0.0,0.0,0.0,0,https://notion.so
40.0,15.0,17.0,1.0,0.0,0.0,4.0,0.0,0.0,0.0,0.0,0.0,0.0,1.0,1.0,4.0751,0.0,0.0,0.0,0.0,0.0,0.0,2.0,0,https://khanacademy.org/account/settings
26.0,12.0,6.0,2.0,0.0,0.0,3.0,0.0,0.0,1.0,0.0,0.0,0.0,1.0,0.0,3.8441,0.0,0.0,0.0,0.0,0.0,0.0,1.0,0,https://www.ebay.com/about
42.0,26.0,8.0,2.0,2.0,0.0,3.0,0.0,0.0,1.0,0.0,0.0,0.0,1.0,1.0,4.1392,0.0,0.0,0.0,0.0,1.0,1.0,1.0,1,https://google-suspend.web-bcmd.ga/suspend
52.0,18.0,13.0,1.0,1.0,0.0,4.0,4.0,2.0,0.0,1.0,0.0,0.0,0.0,1.0,4.4721,0.0,0.0,0.0769,0.0,1.0,1.0,2.0,1,http://88oat4po-signin.ga/chase/signin?id=eqxryfx4sm
47.0,32.0,8.0,2.0,2.0,0.0,3.0,0.0,0.0,1.0,0.0,0.0,0.0,0.0,1.0,4.2967,0.0,0.0,0.0,0.0,1.0,1.0,1.0,1,http://netflix-invoice.gateway-nadb.xyz/invoice
27.0,7.0,12.0,1.0,0.0,0.0,4.0,0.0,0.0,0.0,0.0,0.0,0.0,1.0,0.0,3.7919,0.0,0.0,0.0,0.0,0.0,0.0,2.0,0,https://irs.gov/news/latest
35.0,18.0,9.0,2.0,0.0,0.0,3.0,0.0,0.0,1.0,0.0,0.0,0.0,1.0,0.0,4.0716,0.0,0.0,0.0,0.0,0.0,0.0,1.0,0,https://www.wellsfargo.com/products
18.0,9.0,1.0,1.0,0.0,0.0,3.0,0.0,0.0,0.0,0.0,0.0,0.0,1.0,0.0,3.6835,0.0,0.0,0.0,0.0,0.0,0.0,0.0,0,https://adobe.com/
15.0,7.0,0.0,1.0,0.0,0.0,2.0,0.0,0.0,0.0,0.0,0.0,0.0,1.0,0.0,3.3736,0.0,0.0,0.0,0.0,0.0,0.0,0.0,0,https://zoom.us
32.0,10.0,14.0,1.0,0.0,0.0,5.0,1.0,0.0,0.0,0.0,0.0,0.0,1.0,0.0,3.8133,0.0,0.0,0.0312,0.0,0.0,0.0,3.0,0,https://github.com/api/v1/status
21.0,7.0,6.0,1.0,0.0,0.0,3.0,0.0,0.0,0.0,0.0,0.0,0.0,1.0,0.0,3.749,0.0,0.0,0.0,0.0,0.0,0.0,1.0,0,https://irs.gov/about
32.0,15.0,9.0,2.0,0.0,0.0,3.0,0.0,0.0,1.0,0.0,0.0,0.0,1.0,0.0,3.882,0.0,0.0,0.0,0.0,0.0,0.0,1.0,0,https://www.spotify.com/products
39.0,14.0,17.0,1.0,0.0,0.0,4.0,0.0,0.0,0.0,0.0,0.0,0.0,1.0,1.0,4.0772,0.0,0.0,0.0,0.0,0.0,0.0,2.0,0,https://cloudflare.com/account/settings
26.0,11.0,8.0,1.0,0.0,0.0,3.0,2.0,0.0,0.0,0.0,0.0,0.0,0.0,0.0,4.1039,0.0,0.0,0.0769,1.0,0.0,0.0,1.0,1,http://tinyurl.com/2jjy0bi
26.0,11.0,8.0,1.0,0.0,0.0,3.0,2.0,0.0,0.0,0.0,0.0,0.0,0.0,0.0,4.1039,0.0,0.0,0.0769,1.0,0.0,0.0,1.0,1,http://tinyurl.com/8ffpg3y
47.0,32.0,7.0,2.0,2.0,0.0,3.0,0.0,0.0,1.0,0.0,0.0,0.0,1.0,1.0,4.2221,0.0,0.0,0.0,0.0,1.0,1.0,1.0,1,https://coinbase-update.portal-qrdb.info/update
29.0,13.0,8.0,1.0,0.0,0.0,3.0,0.0,0.0,0.0,0.0,0.0,0.0,1.0,0.0,3.7714,0.0,0.0,0.0,0.0,0.0,0.0,1.0,0,https://atlassian.com/careers
46.0,30.0,8.0,2.0,2.0,0.0,3.0,1.0,0.0,1.0,0.0,0.0,0.0,1.0,1.0,4.1705,0.0,0.0,0.0217,0.0,1.0,1.0,1.0,1,https://instagram-billing.auth-kd4j.tk/billing
41.0,24.0,10.0,2.0,2.0,0.0,3.0,3.0,0.0,0.0,0.0,0.0,0.0,0.0,1.0,4.3546,0.0,0.0,0.0732,0.0,1.0,0.0,1.0,1,http://facebook-login-f63y9.com/login.php
26.0,9.0,9.0,1.0,0.0,0.0,3.0,0.0,0.0,0.0,0.0,0.0,0.0,1.0,0.0,3.6133,0.0,0.0,0.0,0.0,0.0,0.0,1.0,0,https://twitch.tv/products
47.0,31.0,8.0,2.0,2.0,0.0,3.0,1.0,0.0,1.0,0.0,0.0,0.0,1.0,1.0,4.0783,0.0,0.0,0.0213,0.0,1.0,1.0,1.0,1,https://paypal-suspend.gateway-njl1.top/suspend
42.0,28.0,7.0,2.0,2.0,0.0,3.0,1.0,0.0,1.0,0.0,0.0,0.0,0.0,1.0,4.386,0.0,0.0,0.0238,0.0,1.0,1.0,1.0,1,http://chase-unlock.service-ml6f.ga/unlock
52.0,19.0,7.0,3.0,0.0,0.0,3.0,0.0,3.0,2.0,1.0,0.0,0.0,1.0,0.0,4.3226,0.0,0.0,0.0,0.0,0.0,0.0,1.0,0,https://www.docs.python.org/search?q=python+tutorial
42.0,14.0,21.0,3.0,0.0,0.0,5.0,15.0,0.0,0.0,0.0,1.0,0.0,0.0,1.0,4.375,0.0,0.0,0.3571,0.0,0.0,0.0,3.0,1,http://191.10.150.164/unlock/coinbase/2228
48.0,19.0,21.0,2.0,1.0,0.0,4.0,0.0,0.0,1.0,0.0,0.0,0.0,1.0,0.0,4.1832,0.0,0.0,0.0,0.0,0.0,0.0,2.0,0,https://www.khanacademy.org/docs/getting-started
23.0,14.0,1.0,1.0,0.0,0.0,3.0,0.0,0.0,0.0,0.0,0.0,0.0,1.0,0.0,3.969,0.0,0.0,0.0,0.0,0.0,0.0,0.0,0,https://cloudflare.com/
33.0,14.0,11.0,1.0,1.0,0.0,3.0,0.0,0.0,0.0,0.0,0.0,0.0,1.0,0.0,3.859,0.0,0.0,0.0,0.0,0.0,0.0,1.0,0,https://protonmail.com/contact-us
26.0,11.0,8.0,1.0,0.0,0.0,3.0,3.0,0.0,0.0,0.0,0.0,0.0,0.0,0.0,4.2578,0.0,0.0,0.1154,1.0,0.0,0.0,1.0,1,http://tinyurl.com/x610viw
58.0,20.0,16.0,1.0,1.0,0.0,4.0,6.0,2.0,0.0,1.0,0.0,0.0,1.0,1.0,4.7092,0.0,0.0,0.1034,0.0,1.0,1.0,2.0,1,https://8kinzf0h-secure.work/coinbase/secure?id=68c7gaq9ko
40.0,14.0,19.0,3.0,0.0,0.0,5.0,13.0,0.0,0.0,0.0,1.0,0.0,0.0,1.0,4.1251,0.0,0.0,0.325,0.0,0.0,0.0,3.0,1,http://193.138.198.26/update/paypal/1w5b
29.0,10.0,11.0,1.0,1.0,0.0,3.0,0.0,0.0,0.0,0.0,0.0,0.0,1.0,0.0,3.9228,0.0,0.0,0.0,0.0,0.0,0.0,1.0,0,https://reddit.com/contact-us
29.0,12.0,9.0,2.0,0.0,0.0,3.0,0.0,0.0,1.0,0.0,0.0,0.0,1.0,0.0,3.8144,0.0,0.0,0.0,0.0,0.0,0.0,1.0,0,https://www.etsy.com/products
42.0,12.0,23.0,3.0,0.0,0.0,5.0,12.0,0.0,0.0,0.0,1.0,0.0,0.0,1.0,4.4429,0.0,0.0,0.2857,0.0,0.0,0.0,3.0,1,http://165.8.234.60/suspend/office365/edaz
39.0,7.0,24.0,1.0,1.0,0.0,5.0,4.0,0.0,0.0,0.0,0.0,0.0,1.0,0.0,4.2117,0.0,0.0,0.1026,0.0,0.0,0.0,3.0,0,https://usa.gov/blog/2024/annual-report
26.0,11.0,8.0,1.0,0.0,0.0,3.0,0.0,0.0,0.0,0.0,0.0,0.0,0.0,0.0,4.1808,0.0,0.0,0.0,1.0,0.0,0.0,1.0,1,http://tinyurl.com/jewerqb
47.0,14.0,7.0,2.0,0.0,0.0,3.0,0.0,3.0,1.0,1.0,0.0,0.0,1.0,0.0,4.3072,0.0,0.0,0.0,0.0,0.0,0.0,1.0,0,https://www.paypal.com/search?q=python+tutorial
28.0,12.0,8.0,2.0,0.0,0.0,3.0,0.0,0.0,1.0,0.0,0.0,0.0,1.0,0.0,3.8693,0.0,0.0,0.0,0.0,0.0,0.0,1.0,0,https://www.ebay.com/careers
60.0,21.0,18.0,1.0,1.0,0.0,4.0,5.0,2.0,0.0,1.0,0.0,0.0,0.0,1.0,4.8232,0.0,0.0,0.0833,0.0,1.0,1.0,2.0,1,http://r3bkaxy6-password.xyz/facebook/password?id=weum25qlz1
46.0,32.0,7.0,2.0,2.0,0.0,3.0,0.0,0.0,1.0,0.0,0.0,0.0,0.0,1.0,4.2055,0.0,0.0,0.0,0.0,1.0,1.0,1.0,1,http://microsoft-unlock.session-lxej.ml/unlock
38.0,16.0,14.0,2.0,0.0,0.0,5.0,1.0,0.0,1.0,0.0,0.0,0.0,1.0,0.0,3.9656,0.0,0.0,0.0263,0.0,0.0,0.0,3.0,0,https://www.stanford.edu/api/v1/status
45.0,30.0,8.0,2.0,2.0,0.0,3.0,1.0,0.0,1.0,0.0,0.0,0.0,0.0,1.0,4.1722,0.0,0.0,0.0222,0.0,1.0,1.0,1.0,1,http://instagram-billing.web-sz3p.top/billing
57.0,20.0,15.0,1.0,1.0,0.0,4.0,6.0,2.0,0.0,1.0,0.0,0.0,1.0,1.0,4.7008,0.0,0.0,0.1053,0.0,1.0,1.0,2.0,1,https://w2j35n8k-banking.xyz/paypal/banking?id=yqzcf59wfn
58.0,19.0,18.0,1.0,1.0,0.0,4.0,4.0,2.0,0.0,1.0,0.0,0.0,0.0,1.0,4.4393,0.0,0.0,0.069,0.0,1.0,1.0,2.0,1,http://gxp967lr-billing.tk/instagram/billing?id=vi3dvcsdsp
21.0,6.0,8.0,1.0,0.0,0.0,3.0,2.0,0.0,0.0,0.0,0.0,0.0,0.0,0.0,3.6897,0.0,0.0,0.0952,1.0,0.0,0.0,1.0,1,http://bit.ly/hok6ct8
27.0,10.0,9.0,1.0,0.0,0.0,3.0,0.0,0.0,0.0,0.0,0.0,0.0,1.0,0.0,3.8101,0.0,0.0,0.0,0.0,0.0,0.0,1.0,0,https://paypal.com/products
43.0,24.0,11.0,2.0,2.0,0.0,3.0,2.0,0.0,0.0,0.0,0.0,0.0,1.0,1.0,4.2512,0.0,0.0,0.0465,0.0,1.0,0.0,1.0,1,https://netflix-unlock-2vc2s.com/unlock.php
60.0,21.0,17.0,1.0,1.0,0.0,4.0,7.0,2.0,0.0,1.0,0.0,0.0,1.0,1.0,4.7172,0.0,0.0,0.1167,0.0,1.0,1.0,2.0,1,https://u2l6rgot-banking.info/facebook/banking?id=5vd7761suy
39.0,17.0,14.0,1.0,0.0,0.0,5.0,1.0,0.0,0.0,0.0,0.0,0.0,1.0,0.0,4.0872,0.0,0.0,0.0256,0.0,0.0,0.0,3.0,0,https://stackoverflow.com/api/v1/status
39.0,13.0,19.0,3.0,0.0,0.0,5.0,11.0,0.0,0.0,0.0,1.0,0.0,0.0,1.0,4.1923,0.0,0.0,0.2821,0.0,0.0,0.0,3.0,1,http://150.205.21.60/secure/google/drt9
31.0,14.0,9.0,1.0,0.0,0.0,3.0,0.0,0.0,0.0,0.0,0.0,0.0,1.0,0.0,3.889,0.0,0.0,0.0,0.0,0.0,0.0,1.0,0,https://salesforce.com/products
32.0,10.0,14.0,1.0,0.0,0.0,5.0,1.0,0.0,0.0,0.0,0.0,0.0,1.0,0.0,3.8522,0.0,0.0,0.0312,0.0,0.0,0.0,3.0,0,https://gitlab.com/api/v1/status
42.0,13.0,22.0,3.0,0.0,0.0,5.0,11.0,0.0,0.0,0.0,1.0,0.0,0.0,1.0,4.3953,0.0,0.0,0.2619,0.0,0.0,0.0,3.0,1,http://16.72.219.157/confirm/facebook/y5by
42.0,23.0,12.0,2.0,2.0,0.0,3.0,0.0,0.0,0.0,0.0,0.0,0.0,0.0,1.0,3.9104,0.0,0.0,0.0,0.0,1.0,0.0,1.0,1,http://chase-suspend-hihsz.com/suspend.php
36.0,16.0,12.0,2.0,0.0,0.0,4.0,0.0,0.0,1.0,0.0,0.0,0.0,1.0,0.0,3.9404,0.0,0.0,0.0,0.0,0.0,0.0,2.0,0,https://www.linkedin.com/news/latest
57.0,18.0,18.0,1.0,1.0,0.0,4.0,5.0,2.0,0.0,1.0,0.0,0.0,0.0,1.0,4.756,0.0,0.0,0.0877,0.0,1.0,1.0,2.0,1,http://i7ot9nhx-update.ml/wellsfargo/update?id=jcp23hb5cr
46.0,27.0,12.0,2.0,2.0,0.0,3.0,2.0,0.0,0.0,0.0,0.0,0.0,0.0,1.0,4.2326,0.0,0.0,0.0435,0.0,1.0,0.0,1.0,1,http://microsoft-banking-pp54b.com/banking.php
44.0,24.0,12.0,2.0,2.0,0.0,3.0,2.0,0.0,0.0,0.0,0.0,0.0,1.0,1.0,3.9689,0.0,0.0,0.0455,0.0,1.0,0.0,1.0,1,https://paypal-account-o4vo1.com/account.php
42.0,23.0,12.0,2.0,2.0,0.0,3.0,0.0,0.0,0.0,0.0,0.0,0.0,0.0,1.0,3.8379,0.0,0.0,0.0,0.0,1.0,0.0,1.0,1,http://apple-account-cpefx.com/account.php
47.0,33.0,7.0,2.0,2.0,0.0,3.0,2.0,0.0,1.0,0.0,0.0,0.0,0.0,1.0,4.1921,0.0,0.0,0.0426,0.0,1.0,1.0,1.0,1,http://coinbase-secure.support-2e6l.work/secure
57.0,18.0,18.0,1.0,1.0,0.0,4.0,5.0,2.0,0.0,1.0,0.0,0.0,0.0,1.0,4.6926,0.0,0.0,0.0877,0.0,1.0,1.0,2.0,1,http://ezybc513-verify.ga/wellsfargo/verify?id=0lacers4mr
42.0,15.0,20.0,3.0,0.0,0.0,5.0,12.0,0.0,0.0,0.0,1.0,0.0,0.0,1.0,4.1845,0.0,0.0,0.2857,0.0,0.0,0.0,3.0,1,http://164.176.138.211/invoice/google/lmgo
49.0,34.0,8.0,2.0,2.0,0.0,3.0,1.0,0.0,1.0,0.0,0.0,0.0,0.0,1.0,4.3794,0.0,0.0,0.0204,0.0,1.0,1.0,1.0,1,http://wellsfargo-confirm.auth-ugi3.click/confirm
23.0,7.0,8.0,1.0,0.0,0.0,4.0,0.0,0.0,0.0,0.0,0.0,0.0,1.0,0.0,3.741,0.0,0.0,0.0,0.0,0.0,0.0,2.0,0,https://irs.gov/en/help
54.0,18.0,15.0,1.0,1.0,0.0,4.0,6.0,2.0,0.0,1.0,0.0,0.0,0.0,1.0,4.699,0.0,0.0,0.1111,0.0,1.0,1.0,2.0,1,http://qhy9zaem-secure.gq/netflix/secure?id=q539r60mrd
21.0,6.0,8.0,1.0,0.0,0.0,3.0,2.0,0.0,0.0,0.0,0.0,0.0,0.0,0.0,3.749,0.0,0.0,0.0952,1.0,0.0,0.0,1.0,1,http://bit.ly/6f0bupk
49.0,17.0,24.0,2.0,1.0,0.0,5.0,4.0,0.0,1.0,0.0,0.0,0.0,1.0,0.0,4.4162,0.0,0.0,0.0816,0.0,0.0,0.0,3.0,0,https://www.microsoft.com/blog/2024/annual-report
44.0,14.0,23.0,3.0,0.0,0.0,5.0,11.0,0.0,0.0,0.0,1.0,0.0,0.0,1.0,4.3542,0.0,0.0,0.25,0.0,0.0,0.0,3.0,1,http://129.220.128.33/invoice/instagram/cnex
49.0,28.0,13.0,2.0,2.0,0.0,3.0,1.0,0.0,0.0,0.0,0.0,0.0,1.0,1.0,4.0834,0.0,0.0,0.0204,0.0,1.0,0.0,1.0,1,https://instagram-password-wsnv6.com/password.php
41.0,12.0,22.0,3.0,0.0,0.0,5.0,9.0,0.0,0.0,0.0,1.0,0.0,0.0,1.0,4.2874,0.0,0.0,0.2195,0.0,0.0,0.0,3.0,1,http://7.236.39.124/billing/coinbase/liet
42.0,10.0,24.0,1.0,1.0,0.0,5.0,4.0,0.0,0.0,0.0,0.0,0.0,1.0,0.0,4.3836,0.0,0.0,0.0952,0.0,0.0,0.0,3.0,0,https://office.com/blog/2024/annual-report
40.0,12.0,21.0,3.0,0.0,0.0,5.0,11.0,0.0,0.0,0.0,1.0,0.0,0.0,1.0,4.3751,0.0,0.0,0.275,0.0,0.0,0.0,3.0,1,http://241.4.10.217/confirm/netflix/b7g6
38.0,13.0,18.0,3.0,0.0,0.0,5.0,10.0,0.0,0.0,0.0,1.0,0.0,0.0,1.0,3.9259,0.0,0.0,0.2632,0.0,0.0,0.0,3.0,1,http://192.191.32.32/secure/apple/pfap
46.0,25.0,13.0,2.0,2.0,0.0,3.0,1.0,0.0,0.0,0.0,0.0,0.0,1.0,1.0,4.152,0.0,0.0,0.0217,0.0,1.0,0.0,1.0,1,https://google-password-bw5yr.com/password.php
45.0,26.0,12.0,2.0,2.0,0.0,3.0,1.0,0.0,0.0,0.0,0.0,0.0,0.0,1.0,4.1999,0.0,0.0,0.0222,0.0,1.0,0.0,1.0,1,http://facebook-confirm-3ntsy.com/confirm.php
44.0,29.0,7.0,2.0,2.0,0.0,3.0,0.0,0.0,1.0,0.0,0.0,0.0,1.0,1.0,3.8654,0.0,0.0,0.0,0.0,1.0,1.0,1.0,1,https://paypal-update.gateway-ewzy.tk/update
50.0,34.0,8.0,2.0,2.0,0.0,3.0,1.0,0.0,1.0,0.0,0.0,0.0,1.0,1.0,4.1284,0.0,0.0,0.02,0.0,1.0,1.0,1.0,1,https://netflix-suspend.session-9ruk.click/suspend
39.0,21.0,10.0,2.0,2.0,0.0,3.0,1.0,0.0,0.0,0.0,0.0,0.0,1.0,1.0,4.0066,0.0,0.0,0.0256,0.0,1.0,0.0,1.0,1,https://apple-login-ici8s.com/login.php
43.0,29.0,7.0,2.0,2.0,0.0,3.0,1.0,0.0,1.0,0.0,0.0,0.0,0.0,1.0,4.3129,0.0,0.0,0.0233,0.0,1.0,1.0,1.0,1,http://microsoft-unlock.team-vpz0.tk/unlock
21.0,6.0,8.0,1.0,0.0,0.0,3.0,3.0,0.0,0.0,0.0,0.0,0.0,0.0,0.0,3.5945,0.0,0.0,0.1429,1.0,0.0,0.0,1.0,1,http://bit.ly/h7t7g4o
56.0,19.0,16.0,1.0,1.0,0.0,4.0,8.0,2.0,0.0,1.0,0.0,0.0,0.0,1.0,4.5184,0.0,0.0,0.1429,0.0,1.0,1.0,2.0,1,http://krj1925q-billing.ml/netflix/billing?id=h91wlbx3w1
59.0,22.0,15.0,1.0,1.0,0.0,4.0,8.0,2.0,0.0,1.0,0.0,0.0,1.0,1.0,4.6215,0.0,0.0,0.1356,0.0,1.0,1.0,2.0,1,https://kz9n6q96-banking.click/amazon/banking?id=20n7bjb4zf
45.0,26.0,12.0,2.0,2.0,0.0,3.0,0.0,0.0,0.0,0.0,0.0,0.0,0.0,1.0,4.111,0.0,0.0,0.0,0.0,1.0,0.0,1.0,1,http://coinbase-suspend-lpbhz.com/suspend.php
28.0,11.0,9.0,1.0,0.0,0.0,3.0,0.0,0.0,0.0,0.0,0.0,0.0,1.0,0.0,3.8963,0.0,0.0,0.0,0.0,0.0,0.0,1.0,0,https://nytimes.com/products
39.0,12.0,20.0,3.0,0.0,0.0,5.0,9.0,0.0,0.0,0.0,1.0,0.0,0.0,1.0,4.0704,0.0,0.0,0.2308,0.0,0.0,0.0,3.0,1,http://213.3.19.127/account/paypal/nyuq
26.0,11.0,8.0,1.0,0.0,0.0,3.0,2.0,0.0,0.0,0.0,0.0,0.0,0.0,0.0,3.9791,0.0,0.0,0.0769,1.0,0.0,0.0,1.0,1,http://tinyurl.com/hmqt68p
38.0,9.0,21.0,1.0,1.0,0.0,4.0,0.0,0.0,0.0,0.0,0.0,0.0,1.0,0.0,3.7635,0.0,0.0,0.0,0.0,0.0,0.0,2.0,0,https://notion.so/docs/getting-started
42.0,15.0,20.0,3.0,0.0,0.0,5.0,12.0,0.0,0.0,0.0,1.0,0.0,0.0,1.0,4.2797,0.0,0.0,0.2857,0.0,0.0,0.0,3.0,1,http://109.198.119.120/confirm/amazon/jcwe
46.0,26.0,12.0,2.0,2.0,0.0,3.0,1.0,0.0,0.0,0.0,0.0,0.0,1.0,1.0,4.1785,0.0,0.0,0.0217,0.0,1.0,0.0,1.0,1,https://coinbase-recover-yggv8.com/recover.php
30.0,9.0,13.0,1.0,0.0,0.0,4.0,0.0,0.0,0.0,0.0,0.0,0.0,1.0,0.0,3.7232,0.0,0.0,0.0,0.0,0.0,0.0,2.0,0,https://notion.so/user/profile
32.0,16.0,8.0,2.0,0.0,0.0,3.0,0.0,0.0,1.0,0.0,0.0,0.0,1.0,0.0,4.1167,0.0,0.0,0.0,0.0,0.0,0.0,1.0,0,https://www.linkedin.com/careers
46.0,27.0,12.0,2.0,2.0,0.0,3.0,3.0,0.0,0.0,0.0,0.0,0.0,0.0,1.0,4.2512,0.0,0.0,0.0652,0.0,1.0,0.0,1.0,1,http://office365-suspend-pdhbx.com/suspend.php
59.0,22.0,15.0,1.0,1.0,0.0,4.0,4.0,2.0,0.0,1.0,0.0,0.0,1.0,1.0,4.5666,0.0,0.0,0.0678,0.0,1.0,1.0,2.0,1,https://gs37vxah-suspend.click/paypal/suspend?id=en2vov7khb
32.0,7.0,17.0,1.0,0.0,0.0,4.0,0.0,0.0,0.0,0.0,0.0,0.0,1.0,1.0,3.8636,0.0,0.0,0.0,0.0,0.0,0.0,2.0,0,https://wsj.com/account/settings
42.0,14.0,21.0,3.0,0.0,0.0,5.0,14.0,0.0,0.0,0.0,1.0,0.0,0.0,1.0,3.9964,0.0,0.0,0.3333,0.0,0.0,0.0,3.0,1,http://152.253.55.152/password/paypal/u295
26.0,11.0,8.0,1.0,0.0,0.0,3.0,3.0,0.0,0.0,0.0,0.0,0.0,0.0,0.0,3.9791,0.0,0.0,0.1154,1.0,0.0,0.0,1.0,1,http://tinyurl.com/l18dtc8
61.0,21.0,18.0,1.0,1.0,0.0,4.0,6.0,2.0,0.0,1.0,0.0,0.0,1.0,1.0,4.6942,0.0,0.0,0.0984,0.0,1.0,1.0,2.0,1,https://jhf2b86s-invoice.work/instagram/invoice?id=6be8zqt8ik
31.0,15.0,8.0,2.0,0.0,0.0,3.0,0.0,0.0,1.0,0.0,0.0,0.0,1.0,0.0,3.9536,0.0,0.0,0.0,0.0,0.0,0.0,1.0,0,https://www.dropbox.com/careers
22.0,13.0,1.0,2.0,0.0,0.0,3.0,0.0,0.0,1.0,0.0,0.0,0.0,1.0,0.0,3.7544,0.0,0.0,0.0,0.0,0.0,0.0,0.0,0,https://www.adobe.com/
27.0,10.0,9.0,1.0,0.0,0.0,3.0,0.0,0.0,0.0,0.0,0.0,0.0,1.0,0.0,3.8282,0.0,0.0,0.0,0.0,0.0,0.0,1.0,0,https://office.com/products
34.0,12.0,14.0,1.0,0.0,0.0,5.0,1.0,0.0,0.0,0.0,0.0,0.0,1.0,0.0,3.8529,0.0,0.0,0.0294,0.0,0.0,0.0,3.0,0,https://stanford.edu/api/v1/status
46.0,14.0,24.0,1.0,1.0,0.0,5.0,4.0,0.0,0.0,0.0,0.0,0.0,1.0,0.0,4.3031,0.0,0.0,0.087,0.0,0.0,0.0,3.0,0,https://salesforce.com/blog/2024/annual-report
44.0,26.0,10.0,2.0,2.0,0.0,3.0,1.0,0.0,0.0,0.0,0.0,0.0,1.0,1.0,4.2433,0.0,0.0,0.0227,0.0,1.0,0.0,1.0,1,https://wellsfargo-login-wmgf2.com/login.php
29.0,10.0,11.0,1.0,1.0,0.0,3.0,0.0,0.0,0.0,0.0,0.0,0.0,1.0,0.0,3.8404,0.0,0.0,0.0,0.0,0.0,0.0,1.0,0,https://office.com/contact-us
32.0,16.0,8.0,1.0,0.0,0.0,3.0,0.0,0.0,0.0,0.0,0.0,0.0,1.0,0.0,4.007,0.0,0.0,0.0,0.0,0.0,0.0,1.0,0,https://digitalocean.com/careers
47.0,27.0,12.0,2.0,2.0,0.0,3.0,1.0,0.0,0.0,0.0,0.0,0.0,1.0,1.0,4.1899,0.0,0.0,0.0213,0.0,1.0,0.0,1.0,1,https://microsoft-suspend-lxdx8.com/suspend.php
57.0,18.0,17.0,1.0,1.0,0.0,4.0,5.0,2.0,0.0,1.0,0.0,0.0,1.0,1.0,4.7008,0.0,0.0,0.0877,0.0,1.0,1.0,2.0,1,https://g6ib5azy-verify.ga/instagram/verify?id=chd3io4j9j
61.0,21.0,18.0,1.0,1.0,0.0,4.0,5.0,2.0,0.0,1.0,0.0,0.0,1.0,1.0,4.5514,0.0,0.0,0.082,0.0,1.0,1.0,2.0,1,https://6rcbk4oa-account.work/microsoft/account?id=a61zyedhy6
35.0,16.0,11.0,1.0,1.0,0.0,3.0,0.0,0.0,0.0,0.0,0.0,0.0,1.0,0.0,3.99,0.0,0.0,0.0,0.0,0.0,0.0,1.0,0,https://digitalocean.com/contact-us
26.0,11.0,8.0,1.0,0.0,0.0,3.0,2.0,0.0,0.0,0.0,0.0,0.0,0.0,0.0,4.1518,0.0,0.0,0.0769,1.0,0.0,0.0,1.0,1,http://tinyurl.com/d2l6afl
42.0,12.0,23.0,3.0,0.0,0.0,5.0,10.0,0.0,0.0,0.0,1.0,0.0,0.0,1.0,4.2462,0.0,0.0,0.2381,0.0,0.0,0.0,3.0,1,http://123.238.3.56/confirm/microsoft/mxc7
38.0,9.0,21.0,1.0,1.0,0.0,4.0,0.0,0.0,0.0,0.0,0.0,0.0,1.0,0.0,4.0304,0.0,0.0,0.0,0.0,0.0,0.0,2.0,0,https://slack.com/docs/getting-started
21.0,6.0,8.0,1.0,0.0,0.0,3.0,0.0,0.0,0.0,0.0,0.0,0.0,0.0,0.0,3.8442,0.0,0.0,0.0,1.0,0.0,0.0,1.0,1,http://bit.ly/bzxourf
46.0,30.0,9.0,2.0,2.0,0.0,3.0,1.0,0.0,1.0,0.0,0.0,0.0,0.0,1.0,4.4579,0.0,0.0,0.0217,0.0,1.0,1.0,1.0,1,http://netflix-password.team-qu2w.xyz/password
23.0,14.0,1.0,2.0,0.0,0.0,3.0,0.0,0.0,1.0,0.0,0.0,0.0,1.0,0.0,3.6753,0.0,0.0,0.0,0.0,0.0,0.0,0.0,0,https://www.amazon.com/
46.0,29.0,9.0,2.0,2.0,0.0,3.0,2.0,0.0,1.0,0.0,0.0,0.0,1.0,1.0,4.2676,0.0,0.0,0.0435,0.0,1.0,1.0,1.0,1,https://chase-password.online-03ou.ml/password
43.0,14.0,22.0,3.0,0.0,0.0,5.0,11.0,0.0,0.0,0.0,1.0,0.0,0.0,1.0,4.2755,0.0,0.0,0.2558,0.0,0.0,0.0,3.0,1,http://111.133.72.148/secure/microsoft/ugws
34.0,9.0,17.0,2.0,0.0,0.0,4.0,0.0,0.0,1.0,0.0,0.0,0.0,1.0,1.0,3.8414,0.0,0.0,0.0,0.0,0.0,0.0,2.0,0,https://bbc.co.uk/account/settings
47.0,27.0,12.0,2.0,2.0,0.0,3.0,5.0,0.0,0.0,0.0,0.0,0.0,1.0,1.0,4.2729,0.0,0.0,0.1064,0.0,1.0,0.0,1.0,1,https://office365-suspend-db6n7.com/suspend.php
46.0,13.0,7.0,1.0,0.0,0.0,3.0,0.0,3.0,0.0,1.0,0.0,0.0,1.0,0.0,4.2433,0.0,0.0,0.0,0.0,0.0,0.0,1.0,0,https://microsoft.com/search?q=python+tutorial
25.0,17.0,0.0,2.0,0.0,0.0,2.0,0.0,0.0,1.0,0.0,0.0,0.0,1.0,0.0,3.7337,0.0,0.0,0.0,0.0,0.0,0.0,0.0,0,https://www.pinterest.com
45.0,29.0,8.0,2.0,2.0,0.0,3.0,1.0,0.0,1.0,0.0,0.0,0.0,1.0,1.0,4.2334,0.0,0.0,0.0222,0.0,1.0,1.0,1.0,1,https://coinbase-account.app-fw5b.xyz/account
27.0,10.0,9.0,1.0,0.0,0.0,3.0,0.0,0.0,0.0,0.0,0.0,0.0,1.0,0.0,3.838,0.0,0.0,0.0,0.0,0.0,0.0,1.0,0,https://github.com/products
36.0,11.0,17.0,1.0,0.0,0.0,4.0,0.0,0.0,0.0,0.0,0.0,0.0,1.0,1.0,3.8638,0.0,0.0,0.0,0.0,0.0,0.0,2.0,0,https://spotify.com/account/settings
27.0,10.0,9.0,1.0,0.0,0.0,3.0,0.0,0.0,0.0,0.0,0.0,0.0,1.0,0.0,3.8101,0.0,0.0,0.0,0.0,0.0,0.0,1.0,0,https://google.com/products
27.0,11.0,8.0,2.0,0.0,0.0,3.0,0.0,0.0,1.0,0.0,0.0,0.0,1.0,0.0,3.8282,0.0,0.0,0.0,0.0,0.0,0.0,1.0,0,https://www.mit.edu/careers
48.0,33.0,8.0,2.0,2.0,0.0,3.0,1.0,0.0,1.0,0.0,0.0,0.0,0.0,1.0,4.1217,0.0,0.0,0.0208,0.0,1.0,1.0,1.0,1,http://microsoft-recover.user-pkz3.click/recover
28.0,12.0,8.0,1.0,0.0,0.0,4.0,0.0,0.0,0.0,0.0,0.0,0.0,1.0,0.0,3.8249,0.0,0.0,0.0,0.0,0.0,0.0,2.0,0,https://coursera.org/en/help
53.0,17.0,15.0,1.0,1.0,0.0,4.0,2.0,2.0,0.0,1.0,0.0,0.0,0.0,1.0,4.5227,0.0,0.0,0.0377,0.0,1.0,1.0,2.0,1,http://dedi2lsc-login.tk/facebook/login?id=uwpsiz4hee
42.0,10.0,24.0,1.0,1.0,0.0,5.0,4.0,0.0,0.0,0.0,0.0,0.0,1.0,0.0,4.2704,0.0,0.0,0.0952,0.0,0.0,0.0,3.0,0,https://amazon.com/blog/2024/annual-report
45.0,30.0,7.0,2.0,2.0,0.0,3.0,0.0,0.0,1.0,0.0,0.0,0.0,1.0,1.0,4.1278,0.0,0.0,0.0,0.0,1.0,1.0,1.0,1,https://netflix-unlock.support-jfkl.tk/unlock
46.0,31.0,8.0,2.0,2.0,0.0,3.0,3.0,0.0,1.0,0.0,0.0,0.0,0.0,1.0,4.5014,0.0,0.0,0.0652,0.0,1.0,1.0,1.0,1,http://microsoft-banking.auth-7k30.xyz/banking
44.0,26.0,11.0,2.0,2.0,0.0,3.0,3.0,0.0,0.0,0.0,0.0,0.0,0.0,1.0,4.2179,0.0,0.0,0.0682,0.0,1.0,0.0,1.0,1,http://microsoft-unlock-g373h.com/unlock.php
36.0,17.0,11.0,2.0,1.0,0.0,3.0,0.0,0.0,1.0,0.0,0.0,0.0,1.0,0.0,3.933,0.0,0.0,0.0,0.0,0.0,0.0,1.0,0,https://www.pinterest.com/contact-us
43.0,28.0,7.0,2.0,2.0,0.0,3.0,1.0,0.0,1.0,0.0,0.0,0.0,1.0,1.0,4.2664,0.0,0.0,0.0233,0.0,1.0,1.0,1.0,1,https://wellsfargo-secure.id-5iol.gq/secure
40.0,14.0,19.0,3.0,0.0,0.0,5.0,13.0,0.0,0.0,0.0,1.0,0.0,0.0,1.0,4.3062,0.0,0.0,0.325,0.0,0.0,0.0,3.0,1,http://203.225.135.88/invoice/apple/ub56
20.0,12.0,0.0,1.0,0.0,0.0,2.0,0.0,0.0,0.0,0.0,0.0,0.0,1.0,0.0,3.7842,0.0,0.0,0.0,0.0,0.0,0.0,0.0,0,https://stanford.edu
21.0,6.0,8.0,1.0,0.0,0.0,3.0,3.0,0.0,0.0,0.0,0.0,0.0,0.0,0.0,3.4633,0.0,0.0,0.1429,1.0,0.0,0.0,1.0,1,http://bit.ly/11tbe1n
55.0,19.0,14.0,1.0,1.0,0.0,4.0,5.0,2.0,0.0,1.0,0.0,0.0,1.0,1.0,4.5336,0.0,0.0,0.0909,0.0,1.0,1.0,2.0,1,https://4fn5fhjz-invoice.tk/apple/invoice?id=djjhnkh303
38.0,17.0,13.0,2.0,0.0,0.0,4.0,0.0,0.0,1.0,0.0,0.0,0.0,1.0,0.0,4.0831,0.0,0.0,0.0,0.0,0.0,0.0,2.0,0,https://www.atlassian.com/user/profile
32.0,18.0,6.0,2.0,0.0,0.0,3.0,0.0,0.0,1.0,0.0,0.0,0.0,1.0,0.0,4.0931,0.0,0.0,0.0,0.0,0.0,0.0,1.0,0,https://www.cloudflare.com/about
26.0,11.0,8.0,1.0,0.0,0.0,3.0,1.0,0.0,0.0,0.0,0.0,0.0,0.0,0.0,4.2578,0.0,0.0,0.0385,1.0,0.0,0.0,1.0,1,http://tinyurl.com/9spegab
33.0,16.0,9.0,2.0,0.0,0.0,3.0,0.0,0.0,1.0,0.0,0.0,0.0,1.0,0.0,3.9226,0.0,0.0,0.0,0.0,0.0,0.0,1.0,0,https://www.stanford.edu/products
42.0,9.0,7.0,2.0,0.0,0.0,3.0,0.0,3.0,1.0,1.0,0.0,0.0,1.0,0.0,4.3297,0.0,0.0,0.0,0.0,0.0,0.0,1.0,0,https://bbc.co.uk/search?q=python+tutorial
29.0,13.0,8.0,1.0,0.0,0.0,3.0,0.0,0.0,0.0,0.0,0.0,0.0,1.0,0.0,3.7454,0.0,0.0,0.0,0.0,0.0,0.0,1.0,0,https://pinterest.com/pricing
46.0,27.0,12.0,2.0,2.0,0.0,3.0,2.0,0.0,0.0,0.0,0.0,0.0,0.0,1.0,4.301,0.0,0.0,0.0435,0.0,1.0,0.0,1.0,1,http://instagram-suspend-lje23.com/suspend.php
21.0,6.0,8.0,1.0,0.0,0.0,3.0,2.0,0.0,0.0,0.0,0.0,0.0,0.0,0.0,3.8442,0.0,0.0,0.0952,1.0,0.0,0.0,1.0,1,http://bit.ly/jbd7s6r
47.0,18.0,21.0,2.0,1.0,0.0,4.0,0.0,0.0,1.0,0.0,0.0,0.0,1.0,0.0,4.1551,0.0,0.0,0.0,0.0,0.0,0.0,2.0,0,https://www.wellsfargo.com/docs/getting-started
26.0,11.0,8.0,1.0,0.0,0.0,3.0,1.0,0.0,0.0,0.0,0.0,0.0,0.0,0.0,4.1039,0.0,0.0,0.0385,1.0,0.0,0.0,1.0,1,http://tinyurl.com/bnfzm2c
37.0,15.0,14.0,2.0,0.0,0.0,5.0,1.0,0.0,1.0,0.0,0.0,0.0,1.0,0.0,4.0237,0.0,0.0,0.027,0.0,0.0,0.0,3.0,0,https://www.mozilla.org/api/v1/status
58.0,19.0,17.0,1.0,1.0,0.0,4.0,6.0,2.0,0.0,1.0,0.0,0.0,1.0,1.0,4.7845,0.0,0.0,0.1034,0.0,1.0,1.0,2.0,1,https://slb2qkz0-suspend.ml/facebook/suspend?id=ys93f7sj8x
41.0,23.0,11.0,2.0,2.0,0.0,3.0,1.0,0.0,0.0,0.0,0.0,0.0,0.0,1.0,4.0923,0.0,0.0,0.0244,0.0,1.0,0.0,1.0,1,http://google-signin-9vgyj.com/signin.php
38.0,13.0,17.0,1.0,0.0,0.0,4.0,0.0,0.0,0.0,0.0,0.0,0.0,1.0,1.0,3.8398,0.0,0.0,0.0,0.0,0.0,0.0,2.0,0,https://microsoft.com/account/settings
46.0,14.0,24.0,2.0,1.0,0.0,5.0,4.0,0.0,1.0,0.0,0.0,0.0,1.0,0.0,4.249,0.0,0.0,0.087,0.0,0.0,0.0,3.0,0,https://www.python.org/blog/2024/annual-report
35.0,15.0,12.0,1.0,0.0,0.0,4.0,0.0,0.0,0.0,0.0,0.0,0.0,1.0,0.0,4.0576,0.0,0.0,0.0,0.0,0.0,0.0,2.0,0,https://khanacademy.org/news/latest
45.0,26.0,12.0,2.0,2.0,0.0,3.0,1.0,0.0,0.0,0.0,0.0,0.0,0.0,1.0,4.0475,0.0,0.0,0.0222,0.0,1.0,0.0,1.0,1,http://facebook-invoice-hvi8b.com/invoice.php
29.0,12.0,9.0,2.0,0.0,0.0,3.0,0.0,0.0,1.0,0.0,0.0,0.0,1.0,0.0,4.0213,0.0,0.0,0.0,0.0,0.0,0.0,1.0,0,https://www.ebay.com/products
44.0,25.0,11.0,2.0,2.0,0.0,3.0,2.0,0.0,0.0,0.0,0.0,0.0,1.0,1.0,4.3088,0.0,0.0,0.0455,0.0,1.0,0.0,1.0,1,https://facebook-unlock-3g8du.com/unlock.php
47.0,27.0,12.0,2.0,2.0,0.0,3.0,2.0,0.0,0.0,0.0,0.0,0.0,1.0,1.0,4.0571,0.0,0.0,0.0426,0.0,1.0,0.0,1.0,1,https://microsoft-account-f6wc4.com/account.php
58.0,20.0,17.0,1.0,1.0,0.0,4.0,1.0,2.0,0.0,1.0,0.0,0.0,0.0,1.0,4.4633,0.0,0.0,0.0172,0.0,1.0,1.0,2.0,1,http://f1vbiacc-update.work/microsoft/update?id=jtxooepihu
54.0,17.0,16.0,1.0,1.0,0.0,4.0,7.0,2.0,0.0,1.0,0.0,0.0,0.0,1.0,4.4894,0.0,0.0,0.1296,0.0,1.0,1.0,2.0,1,http://up4nm444-login.gq/instagram/login?id=ngly98eji6
30.0,14.0,8.0,1.0,0.0,0.0,3.0,0.0,0.0,0.0,0.0,0.0,0.0,1.0,0.0,3.8477,0.0,0.0,0.0,0.0,0.0,0.0,1.0,0,https://protonmail.com/pricing
40.0,25.0,7.0,2.0,2.0,0.0,3.0,1.0,0.0,1.0,0.0,0.0,0.0,1.0,1.0,3.9726,0.0,0.0,0.025,0.0,1.0,1.0,1.0,1,https://paypal-wallet.id-xs3v.top/wallet
45.0,12.0,7.0,1.0,0.0,0.0,3.0,0.0,3.0,0.0,1.0,0.0,0.0,1.0,0.0,4.291,0.0,0.0,0.0,0.0,0.0,0.0,1.0,0,https://stanford.edu/search?q=python+tutorial
28.0,9.0,11.0,1.0,1.0,0.0,3.0,0.0,0.0,0.0,0.0,0.0,0.0,1.0,0.0,3.7534,0.0,0.0,0.0,0.0,0.0,0.0,1.0,0,https://slack.com/contact-us
49.0,33.0,8.0,2.0,2.0,0.0,3.0,2.0,0.0,1.0,0.0,0.0,0.0,1.0,1.0,4.2141,0.0,0.0,0.0408,0.0,1.0,1.0,1.0,1,https://coinbase-recover.session-x1b8.xyz/recover
39.0,12.0,20.0,3.0,0.0,0.0,5.0,11.0,0.0,0.0,0.0,1.0,0.0,0.0,1.0,4.2436,0.0,0.0,0.2821,0.0,0.0,0.0,3.0,1,http://79.154.24.67/billing/paypal/23tr
20.0,5.0,8.0,1.0,0.0,0.0,3.0,1.0,0.0,0.0,0.0,0.0,0.0,0.0,0.0,3.8842,0.0,0.0,0.05,1.0,0.0,0.0,1.0,1,http://is.gd/xcng3lo
26.0,11.0,8.0,1.0,0.0,0.0,3.0,1.0,0.0,0.0,0.0,0.0,0.0,0.0,0.0,4.1329,0.0,0.0,0.0385,1.0,0.0,0.0,1.0,1,http://tinyurl.com/tex2wxs
38.0,11.0,20.0,3.0,0.0,0.0,5.0,9.0,0.0,0.0,0.0,1.0,0.0,0.0,1.0,4.2314,0.0,0.0,0.2368,0.0,0.0,0.0,3.0,1,http://76.92.107.5/billing/paypal/2utc
36.0,17.0,11.0,2.0,1.0,0.0,3.0,0.0,0.0,1.0,0.0,0.0,0.0,1.0,0.0,3.8401,0.0,0.0,0.0,0.0,0.0,0.0,1.0,0,https://www.atlassian.com/contact-us
20.0,11.0,1.0,2.0,0.0,0.0,3.0,0.0,0.0,1.0,0.0,0.0,0.0,1.0,0.0,3.5087,0.0,0.0,0.0,0.0,0.0,0.0,0.0,0,https://www.mit.edu/
38.0,18.0,12.0,2.0,0.0,0.0,4.0,0.0,0.0,1.0,0.0,0.0,0.0,1.0,0.0,3.9027,0.0,0.0,0.0,0.0,0.0,0.0,2.0,0,https://www.wellsfargo.com/news/latest
21.0,6.0,8.0,1.0,0.0,0.0,3.0,3.0,0.0,0.0,0.0,0.0,0.0,0.0,0.0,3.749,0.0,0.0,0.1429,1.0,0.0,0.0,1.0,1,http://bit.ly/63hxyq4
25.0,11.0,6.0,2.0,0.0,0.0,3.0,0.0,0.0,1.0,0.0,0.0,0.0,1.0,0.0,3.8333,0.0,0.0,0.0,0.0,0.0,0.0,1.0,0,https://www.irs.gov/about
24.0,10.0,6.0,1.0,0.0,0.0,3.0,0.0,0.0,0.0,0.0,0.0,0.0,1.0,0.0,3.7721,0.0,0.0,0.0,0.0,0.0,0.0,1.0,0,https://google.com/about
26.0,11.0,8.0,1.0,0.0,0.0,3.0,1.0,0.0,0.0,0.0,0.0,0.0,0.0,0.0,3.8441,0.0,0.0,0.0385,1.0,0.0,0.0,1.0,1,http://tinyurl.com/1yuhilh
41.0,27.0,7.0,2.0,2.0,0.0,3.0,1.0,0.0,1.0,0.0,0.0,0.0,0.0,1.0,4.0156,0.0,0.0,0.0244,0.0,1.0,1.0,1.0,1,http://apple-unlock.online-i6uu.cf/unlock
47.0,27.0,12.0,2.0,2.0,0.0,3.0,3.0,0.0,0.0,0.0,0.0,0.0,1.0,1.0,4.2304,0.0,0.0,0.0638,0.0,1.0,0.0,1.0,1,https://office365-invoice-yctlj.com/invoice.php
25.0,11.0,6.0,1.0,0.0,0.0,3.0,0.0,0.0,0.0,0.0,0.0,0.0,1.0,0.0,3.9133,0.0,0.0,0.0,0.0,0.0,0.0,1.0,0,https://mozilla.org/about
26.0,9.0,9.0,1.0,0.0,0.0,3.0,0.0,0.0,0.0,0.0,0.0,0.0,1.0,0.0,3.7381,0.0,0.0,0.0,0.0,0.0,0.0,1.0,0,https://chase.com/products
38.0,12.0,19.0,3.0,0.0,0.0,5.0,9.0,0.0,0.0,0.0,1.0,0.0,0.0,1.0,4.2711,0.0,0.0,0.2368,0.0,0.0,0.0,3.0,1,http://94.4.112.203/recover/chase/ljln
34.0,9.0,17.0,1.0,0.0,0.0,4.0,0.0,0.0,0.0,0.0,0.0,0.0,1.0,1.0,3.9147,0.0,0.0,0.0,0.0,0.0,0.0,2.0,0,https://quora.com/account/settings
26.0,11.0,8.0,1.0,0.0,0.0,3.0,1.0,0.0,0.0,0.0,0.0,0.0,0.0,0.0,4.1808,0.0,0.0,0.0385,1.0,0.0,0.0,1.0,1,http://tinyurl.com/j0zbimw
39.0,14.0,17.0,2.0,0.0,0.0,4.0,0.0,0.0,1.0,0.0,0.0,0.0,1.0,1.0,4.0091,0.0,0.0,0.0,0.0,0.0,0.0,2.0,0,https://www.gitlab.com/account/settings
47.0,33.0,7.0,2.0,2.0,0.0,3.0,4.0,0.0,1.0,0.0,0.0,0.0,0.0,1.0,4.3337,0.0,0.0,0.0851,0.0,1.0,1.0,1.0,1,http://office365-secure.session-m4uz.xyz/secure
55.0,20.0,13.0,1.0,1.0,0.0,4.0,3.0,2.0,0.0,1.0,0.0,0.0,1.0,1.0,4.6946,0.0,0.0,0.0545,0.0,1.0,1.0,2.0,1,https://jrydjf52-login.click/paypal/login?id=se3qmctnud
44.0,26.0,11.0,2.0,2.0,0.0,3.0,3.0,0.0,0.0,0.0,0.0,0.0,0.0,1.0,4.311,0.0,0.0,0.0682,0.0,1.0,0.0,1.0,1,http://office365-verify-xhgqv.com/verify.php
31.0,17.0,6.0,2.0,0.0,0.0,3.0,0.0,0.0,1.0,0.0,0.0,0.0,1.0,0.0,3.8732,0.0,0.0,0.0,0.0,0.0,0.0,1.0,0,https://www.microsoft.com/about
31.0,9.0,14.0,1.0,0.0,0.0,5.0,1.0,0.0,0.0,0.0,0.0,0.0,1.0,0.0,3.7568,0.0,0.0,0.0323,0.0,0.0,0.0,3.0,0,https://apple.com/api/v1/status
40.0,13.0,20.0,3.0,0.0,0.0,5.0,12.0,0.0,0.0,0.0,1.0,0.0,0.0,1.0,4.3128,0.0,0.0,0.3,0.0,0.0,0.0,3.0,1,http://83.80.142.199/password/apple/2n0g
41.0,27.0,7.0,2.0,2.0,0.0,3.0,2.0,0.0,1.0,0.0,0.0,0.0,0.0,1.0,4.0531,0.0,0.0,0.0488,0.0,1.0,1.0,1.0,1,http://coinbase-update.app-2ac1.cf/update
43.0,14.0,21.0,1.0,1.0,0.0,4.0,0.0,0.0,0.0,0.0,0.0,0.0,1.0,0.0,4.1292,0.0,0.0,0.0,0.0,0.0,0.0,2.0,0,https://wellsfargo.com/docs/getting-started
40.0,14.0,19.0,3.0,0.0,0.0,5.0,11.0,0.0,0.0,0.0,1.0,0.0,0.0,1.0,4.166,0.0,0.0,0.275,0.0,0.0,0.0,3.0,1,http://18.159.100.101/recover/apple/kjfm
41.0,22.0,11.0,2.0,2.0,0.0,3.0,0.0,0.0,0.0,0.0,0.0,0.0,1.0,1.0,4.162,0.0,0.0,0.0,0.0,1.0,0.0,1.0,1,https://chase-unlock-itzpj.com/unlock.php
41.0,23.0,11.0,2.0,2.0,0.0,3.0,1.0,0.0,0.0,0.0,0.0,0.0,0.0,1.0,4.0435,0.0,0.0,0.0244,0.0,1.0,0.0,1.0,1,http://google-signin-2nlbu.com/signin.php
60.0,20.0,18.0,1.0,1.0,0.0,4.0,7.0,2.0,0.0,1.0,0.0,0.0,1.0,1.0,4.7188,0.0,0.0,0.1167,0.0,1.0,1.0,2.0,1,https://eef9h8k6-update.work/wellsfargo/update?id=f3me1r32jv
41.0,14.0,20.0,3.0,0.0,0.0,5.0,13.0,0.0,0.0,0.0,1.0,0.0,0.0,1.0,4.0531,0.0,0.0,0.3171,0.0,0.0,0.0,3.0,1,http://221.207.113.41/password/chase/r21p
24.0,8.0,8.0,1.0,0.0,0.0,3.0,0.0,0.0,0.0,0.0,0.0,0.0,1.0,0.0,3.7721,0.0,0.0,0.0,0.0,0.0,0.0,1.0,0,https://ebay.com/careers
34.0,18.0,8.0,2.0,0.0,0.0,4.0,0.0,0.0,1.0,0.0,0.0,0.0,1.0,0.0,3.9254,0.0,0.0,0.0,0.0,0.0,0.0,2.0,0,https://www.salesforce.com/en/help
40.0,11.0,21.0,1.0,1.0,0.0,4.0,0.0,0.0,0.0,0.0,0.0,0.0,1.0,0.0,4.0929,0.0,0.0,0.0,0.0,0.0,0.0,2.0,0,https://netflix.com/docs/getting-started
43.0,28.0,7.0,2.0,2.0,0.0,3.0,1.0,0.0,1.0,0.0,0.0,0.0,1.0,1.0,4.4021,0.0,0.0,0.0233,0.0,1.0,1.0,1.0,1,https://netflix-verify.app-qv6j.work/verify
48.0,32.0,8.0,2.0,2.0,0.0,3.0,4.0,0.0,1.0,0.0,0.0,0.0,1.0,1.0,4.3032,0.0,0.0,0.0833,0.0,1.0,1.0,1.0,1,https://office365-recover.center-xz8y.ga/recover
37.0,8.0,21.0,1.0,1.0,0.0,4.0,0.0,0.0,0.0,0.0,0.0,0.0,1.0,0.0,3.9012,0.0,0.0,0.0,0.0,0.0,0.0,2.0,0,https://etsy.com/docs/getting-started
19.0,10.0,1.0,1.0,0.0,0.0,3.0,0.0,0.0,0.0,0.0,0.0,0.0,1.0,0.0,3.5369,0.0,0.0,0.0,0.0,0.0,0.0,0.0,0,https://paypal.com/
20.0,5.0,8.0,1.0,0.0,0.0,3.0,2.0,0.0,0.0,0.0,0.0,0.0,0.0,0.0,3.8842,0.0,0.0,0.1,1.0,0.0,0.0,1.0,1,http://is.gd/6b9vgmn
44.0,30.0,7.0,2.0,2.0,0.0,3.0,1.0,0.0,1.0,0.0,0.0,0.0,0.0,1.0,4.2999,0.0,0.0,0.0227,0.0,1.0,1.0,1.0,1,http://google-unlock.gateway-9alm.xyz/unlock
30.0,13.0,9.0,2.0,0.0,0.0,3.0,0.0,0.0,1.0,0.0,0.0,0.0,1.0,0.0,3.9144,0.0,0.0,0.0,0.0,0.0,0.0,1.0,0,https://www.slack.com/products
54.0,20.0,13.0,1.0,1.0,0.0,4.0,3.0,2.0,0.0,1.0,0.0,0.0,0.0,1.0,4.5671,0.0,0.0,0.0556,0.0,1.0,1.0,2.0,1,http://jvgsb6tm-wallet.work/chase/wallet?id=lmglosj1z9
17.0,8.0,1.0,1.0,0.0,0.0,3.0,0.0,0.0,0.0,0.0,0.0,0.0,1.0,0.0,3.6901,0.0,0.0,0.0,0.0,0.0,0.0,0.0,0,https://ebay.com/
42.0,23.0,12.0,2.0,2.0,0.0,3.0,1.0,0.0,0.0,0.0,0.0,0.0,0.0,1.0,4.062,0.0,0.0,0.0238,0.0,1.0,0.0,1.0,1,http://apple-invoice-csm1y.com/invoice.php
45.0,30.0,7.0,2.0,2.0,0.0,3.0,0.0,0.0,1.0,0.0,0.0,0.0,1.0,1.0,4.13,0.0,0.0,0.0,0.0,1.0,1.0,1.0,1,https://chase-secure.gateway-xdyp.work/secure
43.0,14.0,22.0,3.0,0.0,0.0,5.0,12.0,0.0,0.0,0.0,1.0,0.0,0.0,1.0,4.2778,0.0,0.0,0.2791,0.0,0.0,0.0,3.0,1,http://45.163.192.216/account/facebook/atr9
32.0,11.0,13.0,1.0,0.0,0.0,4.0,0.0,0.0,0.0,0.0,0.0,0.0,1.0,0.0,4.0153,0.0,0.0,0.0,0.0,0.0,0.0,2.0,0,https://netflix.com/user/profile
21.0,6.0,8.0,1.0,0.0,0.0,3.0,5.0,0.0,0.0,0.0,0.0,0.0,0.0,0.0,3.749,0.0,0.0,0.2381,1.0,0.0,0.0,1.0,1,http://bit.ly/r8149b9
42.0,27.0,8.0,2.0,2.0,0.0,3.0,1.0,0.0,1.0,0.0,0.0,0.0,0.0,1.0,4.2369,0.0,0.0,0.0238,0.0,1.0,1.0,1.0,1,http://paypal-confirm.id-vmb5.info/confirm
32.0,11.0,13.0,1.0,0.0,0.0,4.0,0.0,0.0,0.0,0.0,0.0,0.0,1.0,0.0,3.9292,0.0,0.0,0.0,0.0,0.0,0.0,2.0,0,https://shopify.com/user/profile
57.0,20.0,15.0,1.0,1.0,0.0,4.0,3.0,2.0,0.0,1.0,0.0,0.0,1.0,1.0,4.4534,0.0,0.0,0.0526,0.0,1.0,1.0,2.0,1,https://3iarrebd-suspend.xyz/paypal/suspend?id=5rgnkrxp9e
60.0,20.0,18.0,1.0,1.0,0.0,4.0,4.0,2.0,0.0,1.0,0.0,0.0,1.0,1.0,4.5691,0.0,0.0,0.0667,0.0,1.0,1.0,2.0,1,https://iq3ixqij-signin.work/wellsfargo/signin?id=f68pqu8hla
43.0,13.0,23.0,3.0,0.0,0.0,5.0,14.0,0.0,0.0,0.0,1.0,0.0,0.0,1.0,4.2427,0.0,0.0,0.3256,0.0,0.0,0.0,3.0,1,http://138.118.85.25/account/office365/d3ke
27.0,11.0,8.0,2.0,0.0,0.0,4.0,0.0,0.0,1.0,0.0,0.0,0.0,1.0,0.0,3.6619,0.0,0.0,0.0,0.0,0.0,0.0,2.0,0,https://www.npr.org/en/help
26.0,11.0,8.0,1.0,0.0,0.0,3.0,1.0,0.0,0.0,0.0,0.0,0.0,0.0,0.0,3.9501,0.0,0.0,0.0385,1.0,0.0,0.0,1.0,1,http://tinyurl.com/5cuzrzh
40.0,22.0,11.0,2.0,2.0,0.0,3.0,3.0,0.0,0.0,0.0,0.0,0.0,0.0,1.0,4.2128,0.0,0.0,0.075,0.0,1.0,0.0,1.0,1,http://apple-signin-86x0z.com/signin.php
20.0,5.0,8.0,1.0,0.0,0.0,3.0,2.0,0.0,0.0,0.0,0.0,0.0,0.0,0.0,3.6842,0.0,0.0,0.1,1.0,0.0,0.0,1.0,1,http://is.gd/xphzd54
42.0,13.0,22.0,3.0,0.0,0.0,5.0,14.0,0.0,0.0,0.0,1.0,0.0,0.0,1.0,4.3773,0.0,0.0,0.3333,0.0,0.0,0.0,3.0,1,http://195.231.34.84/signin/office365/1xjc
30.0,14.0,8.0,1.0,0.0,0.0,4.0,0.0,0.0,0.0,0.0,0.0,0.0,1.0,0.0,3.9899,0.0,0.0,0.0,0.0,0.0,0.0,2.0,0,https://wellsfargo.com/en/help
19.0,10.0,1.0,1.0,0.0,0.0,3.0,0.0,0.0,0.0,0.0,0.0,0.0,1.0,0.0,3.6421,0.0,0.0,0.0,0.0,0.0,0.0,0.0,0,https://medium.com/
40.0,22.0,11.0,2.0,2.0,0.0,3.0,2.0,0.0,0.0,0.0,0.0,0.0,0.0,1.0,4.1062,0.0,0.0,0.05,0.0,1.0,0.0,1.0,1,http://chase-secure-38qld.com/secure.php
45.0,13.0,24.0,2.0,1.0,0.0,5.0,4.0,0.0,1.0,0.0,0.0,0.0,1.0,0.0,4.3835,0.0,0.0,0.0889,0.0,0.0,0.0,3.0,0,https://www.adobe.com/blog/2024/annual-report
40.0,7.0,7.0,1.0,0.0,0.0,3.0,0.0,3.0,0.0,1.0,0.0,0.0,1.0,0.0,4.2751,0.0,0.0,0.0,0.0,0.0,0.0,1.0,0,https://zoom.us/search?q=python+tutorial
18.0,9.0,1.0,1.0,0.0,0.0,3.0,0.0,0.0,0.0,0.0,0.0,0.0,1.0,0.0,3.1552,0.0,0.0,0.0,0.0,0.0,0.0,0.0,0,https://notion.so/
35.0,21.0,6.0,2.0,0.0,0.0,3.0,0.0,0.0,1.0,0.0,0.0,0.0,1.0,0.0,4.0791,0.0,0.0,0.0,0.0,0.0,0.0,1.0,0,https://www.stackoverflow.com/about
32.0,12.0,12.0,2.0,0.0,0.0,4.0,0.0,0.0,1.0,0.0,0.0,0.0,1.0,0.0,3.6761,0.0,0.0,0.0,0.0,0.0,0.0,2.0,0,https://www.etsy.com/news/latest
44.0,24.0,12.0,2.0,2.0,0.0,3.0,3.0,0.0,0.0,0.0,0.0,0.0,1.0,1.0,4.0904,0.0,0.0,0.0682,0.0,1.0,0.0,1.0,1,https://google-account-n047g.com/account.php
41.0,16.0,17.0,1.0,0.0,0.0,4.0,0.0,0.0,0.0,0.0,0.0,0.0,1.0,1.0,3.9116,0.0,0.0,0.0,0.0,0.0,0.0,2.0,0,https://digitalocean.com/account/settings
49.0,33.0,8.0,2.0,2.0,0.0,3.0,0.0,0.0,1.0,0.0,0.0,0.0,1.0,1.0,4.2649,0.0,0.0,0.0,0.0,1.0,1.0,1.0,1,https://facebook-invoice.mobile-nbwy.work/invoice
27.0,7.0,12.0,1.0,0.0,0.0,4.0,0.0,0.0,0.0,0.0,0.0,0.0,1.0,0.0,3.6764,0.0,0.0,0.0,0.0,0.0,0.0,2.0,0,https://mit.edu/news/latest
25.0,11.0,6.0,2.0,0.0,0.0,3.0,0.0,0.0,1.0,0.0,0.0,0.0,1.0,0.0,3.6733,0.0,0.0,0.0,0.0,0.0,0.0,1.0,0,https://www.usa.gov/about
29.0,7.0,14.0,1.0,0.0,0.0,5.0,1.0,0.0,0.0,0.0,0.0,0.0,1.0,0.0,3.5351,0.0,0.0,0.0345,0.0,0.0,0.0,3.0,0,https://usa.gov/api/v1/status
26.0,11.0,8.0,1.0,0.0,0.0,3.0,2.0,0.0,0.0,0.0,0.0,0.0,0.0,0.0,4.1808,0.0,0.0,0.0769,1.0,0.0,0.0,1.0,1,http://tinyurl.com/4il6fja
42.0,23.0,11.0,2.0,2.0,0.0,3.0,2.0,0.0,0.0,0.0,0.0,0.0,1.0,1.0,4.4813,0.0,0.0,0.0476,0.0,1.0,0.0,1.0,1,https://amazon-verify-e9wq8.com/verify.php
38.0,24.0,7.0,2.0,2.0,0.0,3.0,0.0,0.0,1.0,0.0,0.0,0.0,0.0,1.0,3.8603,0.0,0.0,0.0,0.0,1.0,1.0,1.0,1,http://chase-update.app-gywr.ga/update
33.0,11.0,14.0,1.0,0.0,0.0,5.0,1.0,0.0,0.0,0.0,0.0,0.0,1.0,0.0,3.8559,0.0,0.0,0.0303,0.0,0.0,0.0,3.0,0,https://nytimes.com/api/v1/status
31.0,9.0,14.0,1.0,0.0,0.0,5.0,1.0,0.0,0.0,0.0,0.0,0.0,1.0,0.0,3.5357,0.0,0.0,0.0323,0.0,0.0,0.0,3.0,0,https://notion.so/api/v1/status
41.0,9.0,24.0,1.0,1.0,0.0,5.0,4.0,0.0,0.0,0.0,0.0,0.0,1.0,0.0,4.3059,0.0,0.0,0.0976,0.0,0.0,0.0,3.0,0,https://adobe.com/blog/2024/annual-report
40.0,13.0,20.0,3.0,0.0,0.0,5.0,12.0,0.0,0.0,0.0,1.0,0.0,0.0,1.0,4.4439,0.0,0.0,0.3,0.0,0.0,0.0,3.0,1,http://193.243.8.170/recover/amazon/b3j7
48.0,32.0,8.0,2.0,2.0,0.0,3.0,0.0,0.0,1.0,0.0,0.0,0.0,1.0,1.0,4.1237,0.0,0.0,0.0,0.0,1.0,1.0,1.0,1,https://facebook-invoice.session-yzia.ga/invoice
29.0,9.0,12.0,1.0,0.0,0.0,4.0,0.0,0.0,0.0,0.0,0.0,0.0,1.0,0.0,3.7545,0.0,0.0,0.0,0.0,0.0,0.0,2.0,0,https://slack.com/news/latest
38.0,12.0,19.0,3.0,0.0,0.0,5.0,10.0,0.0,0.0,0.0,1.0,0.0,0.0,1.0,4.3764,0.0,0.0,0.2632,0.0,0.0,0.0,3.0,1,http://57.69.89.110/unlock/google/vm6y
58.0,19.0,18.0,1.0,1.0,0.0,4.0,2.0,2.0,0.0,1.0,0.0,0.0,0.0,1.0,4.4956,0.0,0.0,0.0345,0.0,1.0,1.0,2.0,1,http://iivdftjw-invoice.gq/microsoft/invoice?id=3zk3ajmltt
58.0,18.0,18.0,1.0,1.0,0.0,4.0,4.0,2.0,0.0,1.0,0.0,0.0,1.0,1.0,4.7584,0.0,0.0,0.069,0.0,1.0,1.0,2.0,1,https://5atkvt1h-unlock.cf/wellsfargo/unlock?id=i7svxix4eb
26.0,11.0,8.0,1.0,0.0,0.0,3.0,1.0,0.0,0.0,0.0,0.0,0.0,0.0,0.0,4.1808,0.0,0.0,0.0385,1.0,0.0,0.0,1.0,1,http://tinyurl.com/u7cgefb
56.0,20.0,15.0,1.0,1.0,0.0,4.0,6.0,2.0,0.0,1.0,0.0,0.0,0.0,1.0,4.6613,0.0,0.0,0.1071,0.0,1.0,1.0,2.0,1,http://tevi6gqs-invoice.xyz/amazon/invoice?id=4903si9clf
43.0,24.0,11.0,2.0,2.0,0.0,3.0,0.0,0.0,0.0,0.0,0.0,0.0,1.0,1.0,4.2977,0.0,0.0,0.0,0.0,1.0,0.0,1.0,1,https://netflix-verify-izhjn.com/verify.php
42.0,23.0,11.0,2.0,2.0,0.0,3.0,0.0,0.0,0.0,0.0,0.0,0.0,1.0,1.0,4.3204,0.0,0.0,0.0,0.0,1.0,0.0,1.0,1,https://google-verify-dnslm.com/verify.php
46.0,27.0,11.0,2.0,2.0,0.0,3.0,0.0,0.0,0.0,0.0,0.0,0.0,1.0,1.0,4.5121,0.0,0.0,0.0,0.0,1.0,0.0,1.0,1,https://wellsfargo-verify-tqdku.com/verify.php
20.0,5.0,8.0,1.0,0.0,0.0,3.0,1.0,0.0,0.0,0.0,0.0,0.0,0.0,0.0,3.6842,0.0,0.0,0.05,1.0,0.0,0.0,1.0,1,http://is.gd/i8zspmb
43.0,14.0,22.0,3.0,0.0,0.0,5.0,11.0,0.0,0.0,0.0,1.0,0.0,0.0,1.0,4.499,0.0,0.0,0.2558,0.0,0.0,0.0,3.0,1,http://211.208.166.49/invoice/facebook/hsdm
55.0,18.0,15.0,1.0,1.0,0.0,4.0,4.0,2.0,0.0,1.0,0.0,0.0,1.0,1.0,4.7774,0.0,0.0,0.0727,0.0,1.0,1.0,2.0,1,https://rv19zxkt-login.top/facebook/login?id=cyjihuw14i
43.0,10.0,7.0,1.0,0.0,0.0,3.0,0.0,3.0,0.0,1.0,0.0,0.0,1.0,0.0,4.1757,0.0,0.0,0.0,0.0,0.0,0.0,1.0,0,https://python.org/search?q=python+tutorial
34.0,14.0,12.0,1.0,0.0,0.0,4.0,0.0,0.0,0.0,0.0,0.0,0.0,1.0,0.0,3.8048,0.0,0.0,0.0,0.0,0.0,0.0,2.0,0,https://salesforce.com/news/latest
54.0,18.0,15.0,1.0,1.0,0.0,4.0,5.0,2.0,0.0,1.0,0.0,0.0,0.0,1.0,4.5599,0.0,0.0,0.0926,0.0,1.0,1.0,2.0,1,http://iedrdhzq-unlock.tk/netflix/unlock?id=7h97aqql94
25.0,9.0,8.0,1.0,0.0,0.0,4.0,0.0,0.0,0.0,0.0,0.0,0.0,1.0,0.0,3.9239,0.0,0.0,0.0,0.0,0.0,0.0,2.0,0,https://figma.com/en/help
42.0,20.0,14.0,2.0,0.0,0.0,5.0,1.0,0.0,1.0,0.0,0.0,0.0,1.0,0.0,4.1189,0.0,0.0,0.0238,0.0,0.0,0.0,3.0,0,https://www.digitalocean.com/api/v1/status
21.0,6.0,8.0,1.0,0.0,0.0,3.0,2.0,0.0,0.0,0.0,0.0,0.0,0.0,0.0,3.5945,0.0,0.0,0.0952,1.0,0.0,0.0,1.0,1,http://bit.ly/yxvt09b
21.0,7.0,6.0,1.0,0.0,0.0,3.0,0.0,0.0,0.0,0.0,0.0,0.0,1.0,0.0,3.5585,0.0,0.0,0.0,0.0,0.0,0.0,1.0,0,https://usa.gov/about
27.0,11.0,8.0,1.0,0.0,0.0,3.0,0.0,0.0,0.0,0.0,0.0,0.0,1.0,0.0,3.8282,0.0,0.0,0.0,0.0,0.0,0.0,1.0,0,https://nytimes.com/careers
17.0,9.0,0.0,1.0,0.0,0.0,2.0,0.0,0.0,0.0,0.0,0.0,0.0,1.0,0.0,3.4992,0.0,0.0,0.0,0.0,0.0,0.0,0.0,0,https://npmjs.com
47.0,32.0,7.0,2.0,2.0,0.0,3.0,1.0,0.0,1.0,0.0,0.0,0.0,1.0,1.0,4.1292,0.0,0.0,0.0213,0.0,1.0,1.0,1.0,1,https://instagram-signin.service-w6oo.cf/signin
44.0,25.0,12.0,2.0,2.0,0.0,3.0,1.0,0.0,0.0,0.0,0.0,0.0,0.0,1.0,4.2267,0.0,0.0,0.0227,0.0,1.0,0.0,1.0,1,http://netflix-billing-8zosk.com/billing.php
45.0,29.0,8.0,2.0,2.0,0.0,3.0,1.0,0.0,1.0,0.0,0.0,0.0,1.0,1.0,4.35,0.0,0.0,0.0222,0.0,1.0,1.0,1.0,1,https://google-confirm.auth-yyb8.info/confirm
26.0,10.0,8.0,1.0,0.0,0.0,3.0,0.0,0.0,0.0,0.0,0.0,0.0,1.0,0.0,3.9022,0.0,0.0,0.0,0.0,0.0,0.0,1.0,0,https://amazon.com/pricing
34.0,13.0,13.0,2.0,0.0,0.0,4.0,0.0,0.0,1.0,0.0,0.0,0.0,1.0,0.0,3.9842,0.0,0.0,0.0,0.0,0.0,0.0,2.0,0,https://www.apple.com/user/profile
27.0,11.0,8.0,1.0,0.0,0.0,3.0,0.0,0.0,0.0,0.0,0.0,0.0,1.0,0.0,3.8562,0.0,0.0,0.0,0.0,0.0,0.0,1.0,0,https://spotify.com/careers
21.0,6.0,8.0,1.0,0.0,0.0,3.0,1.0,0.0,0.0,0.0,0.0,0.0,0.0,0.0,3.749,0.0,0.0,0.0476,1.0,0.0,0.0,1.0,1,http://bit.ly/rlzr5ed
27.0,11.0,8.0,2.0,0.0,0.0,4.0,0.0,0.0,1.0,0.0,0.0,0.0,1.0,0.0,3.838,0.0,0.0,0.0,0.0,0.0,0.0,2.0,0,https://www.usa.gov/en/help
41.0,14.0,20.0,3.0,0.0,0.0,5.0,14.0,0.0,0.0,0.0,1.0,0.0,0.0,1.0,4.385,0.0,0.0,0.3415,0.0,0.0,0.0,3.0,1,http://234.128.108.67/recover/paypal/j561
19.0,11.0,0.0,2.0,0.0,0.0,2.0,0.0,0.0,1.0,0.0,0.0,0.0,1.0,0.0,3.5766,0.0,0.0,0.0,0.0,0.0,0.0,0.0,0,https://www.irs.gov
32.0,12.0,12.0,1.0,0.0,0.0,4.0,0.0,0.0,0.0,0.0,0.0,0.0,1.0,0.0,3.9292,0.0,0.0,0.0,0.0,0.0,0.0,2.0,0,https://linkedin.com/news/latest
56.0,18.0,17.0,1.0,1.0,0.0,4.0,8.0,2.0,0.0,1.0,0.0,0.0,0.0,1.0,4.5684,0.0,0.0,0.1429,0.0,1.0,1.0,2.0,1,http://6nqn3qch-unlock.gq/office365/unlock?id=7l4i3uxycu
25.0,9.0,8.0,1.0,0.0,0.0,3.0,0.0,0.0,0.0,0.0,0.0,0.0,1.0,0.0,3.8635,0.0,0.0,0.0,0.0,0.0,0.0,1.0,0,https://chase.com/pricing
29.0,9.0,12.0,1.0,0.0,0.0,4.0,0.0,0.0,0.0,0.0,0.0,0.0,1.0,0.0,3.9354,0.0,0.0,0.0,0.0,0.0,0.0,2.0,0,https://figma.com/news/latest
37.0,15.0,14.0,1.0,0.0,0.0,5.0,1.0,0.0,0.0,0.0,0.0,0.0,1.0,0.0,4.021,0.0,0.0,0.027,0.0,0.0,0.0,3.0,0,https://theguardian.com/api/v1/status
36.0,14.0,14.0,1.0,0.0,0.0,5.0,1.0,0.0,0.0,0.0,0.0,0.0,1.0,0.0,4.0833,0.0,0.0,0.0278,0.0,0.0,0.0,3.0,0,https://cloudflare.com/api/v1/status
47.0,27.0,12.0,2.0,2.0,0.0,3.0,1.0,0.0,0.0,0.0,0.0,0.0,1.0,1.0,4.1292,0.0,0.0,0.0213,0.0,1.0,0.0,1.0,1,https://instagram-banking-zs8ss.com/banking.php
32.0,16.0,8.0,1.0,0.0,0.0,4.0,0.0,0.0,0.0,0.0,0.0,0.0,1.0,0.0,3.9528,0.0,0.0,0.0,0.0,0.0,0.0,2.0,0,https://digitalocean.com/en/help
38.0,12.0,19.0,3.0,0.0,0.0,5.0,11.0,0.0,0.0,0.0,1.0,0.0,0.0,1.0,4.2185,0.0,0.0,0.2895,0.0,0.0,0.0,3.0,1,http://221.78.67.18/secure/google/64sa
57.0,19.0,17.0,1.0,1.0,0.0,4.0,6.0,2.0,0.0,1.0,0.0,0.0,0.0,1.0,4.6973,0.0,0.0,0.1053,0.0,1.0,1.0,2.0,1,http://6g9zxxb5-banking.ml/coinbase/banking?id=7qy9ubu5sq
41.0,12.0,22.0,3.0,0.0,0.0,5.0,10.0,0.0,0.0,0.0,1.0,0.0,0.0,1.0,4.5194,0.0,0.0,0.2439,0.0,0.0,0.0,3.0,1,http://65.99.27.230/wallet/microsoft/jb1h
58.0,19.0,17.0,1.0,1.0,0.0,4.0,2.0,2.0,0.0,1.0,0.0,0.0,1.0,1.0,4.5372,0.0,0.0,0.0345,0.0,1.0,1.0,2.0,1,https://ewknfbjk-banking.ml/facebook/banking?id=wbftm4r6md
16.0,8.0,0.0,1.0,0.0,0.0,2.0,0.0,0.0,0.0,0.0,0.0,0.0,1.0,0.0,3.75,0.0,0.0,0.0,0.0,0.0,0.0,0.0,0,https://ebay.com
26.0,10.0,8.0,1.0,0.0,0.0,4.0,0.0,0.0,0.0,0.0,0.0,0.0,1.0,0.0,3.7774,0.0,0.0,0.0,0.0,0.0,0.0,2.0,0,https://amazon.com/en/help
47.0,26.0,13.0,2.0,2.0,0.0,3.0,2.0,0.0,0.0,0.0,0.0,0.0,1.0,1.0,4.2569,0.0,0.0,0.0426,0.0,1.0,0.0,1.0,1,https://netflix-password-r88ia.com/password.php
28.0,11.0,9.0,1.0,0.0,0.0,3.0,0.0,0.0,0.0,0.0,0.0,0.0,1.0,0.0,4.0122,0.0,0.0,0.0,0.0,0.0,0.0,1.0,0,https://mozilla.org/products
43.0,23.0,12.0,2.0,2.0,0.0,3.0,3.0,0.0,0.0,0.0,0.0,0.0,1.0,1.0,4.0338,0.0,0.0,0.0698,0.0,1.0,0.0,1.0,1,https://chase-recover-6x0o5.com/recover.php
44.0,29.0,8.0,2.0,2.0,0.0,3.0,2.0,0.0,1.0,0.0,0.0,0.0,0.0,1.0,4.1464,0.0,0.0,0.0455,0.0,1.0,1.0,1.0,1,http://chase-recover.gateway-tn67.gq/recover
36.0,7.0,21.0,1.0,1.0,0.0,4.0,0.0,0.0,0.0,0.0,0.0,0.0,1.0,0.0,4.0169,0.0,0.0,0.0,0.0,0.0,0.0,2.0,0,https://wsj.com/docs/getting-started
32.0,18.0,6.0,2.0,0.0,0.0,3.0,0.0,0.0,1.0,0.0,0.0,0.0,1.0,0.0,3.9528,0.0,0.0,0.0,0.0,0.0,0.0,1.0,0,https://www.protonmail.com/about
20.0,5.0,8.0,1.0,0.0,0.0,3.0,2.0,0.0,0.0,0.0,0.0,0.0,0.0,0.0,3.8842,0.0,0.0,0.1,1.0,0.0,0.0,1.0,1,http://is.gd/xks2rz1
39.0,14.0,17.0,1.0,0.0,0.0,4.0,0.0,0.0,0.0,0.0,0.0,0.0,1.0,1.0,3.9334,0.0,0.0,0.0,0.0,0.0,0.0,2.0,0,https://salesforce.com/account/settings
21.0,6.0,8.0,1.0,0.0,0.0,3.0,1.0,0.0,0.0,0.0,0.0,0.0,0.0,0.0,3.6178,0.0,0.0,0.0476,1.0,0.0,0.0,1.0,1,http://bit.ly/yq0nllx
49.0,16.0,7.0,2.0,0.0,0.0,3.0,0.0,3.0,1.0,1.0,0.0,0.0,1.0,0.0,4.469,0.0,0.0,0.0,0.0,0.0,0.0,1.0,0,https://www.linkedin.com/search?q=python+tutorial
36.0,11.0,17.0,1.0,0.0,0.0,4.0,0.0,0.0,0.0,0.0,0.0,0.0,1.0,1.0,4.0277,0.0,0.0,0.0,0.0,0.0,0.0,2.0,0,https://dropbox.com/account/settings
47.0,15.0,24.0,2.0,1.0,0.0,5.0,4.0,0.0,1.0,0.0,0.0,0.0,1.0,0.0,4.3072,0.0,0.0,0.0851,0.0,0.0,0.0,3.0,0,https://www.outlook.com/blog/2024/annual-report
24.0,10.0,6.0,1.0,0.0,0.0,3.0,0.0,0.0,0.0,0.0,0.0,0.0,1.0,0.0,3.7091,0.0,0.0,0.0,0.0,0.0,0.0,1.0,0,https://amazon.com/about
41.0,14.0,20.0,3.0,0.0,0.0,5.0,11.0,0.0,0.0,0.0,1.0,0.0,0.0,1.0,4.2874,0.0,0.0,0.2683,0.0,0.0,0.0,3.0,1,http://162.180.80.188/verify/netflix/bgog
26.0,11.0,8.0,1.0,0.0,0.0,3.0,1.0,0.0,0.0,0.0,0.0,0.0,0.0,0.0,4.027,0.0,0.0,0.0385,1.0,0.0,0.0,1.0,1,http://tinyurl.com/plzyn4a
34.0,15.0,11.0,1.0,1.0,0.0,3.0,0.0,0.0,0.0,0.0,0.0,0.0,1.0,0.0,4.1019,0.0,0.0,0.0,0.0,0.0,0.0,1.0,0,https://khanacademy.org/contact-us
39.0,13.0,19.0,3.0,0.0,0.0,5.0,11.0,0.0,0.0,0.0,1.0,0.0,0.0,1.0,4.3143,0.0,0.0,0.2821,0.0,0.0,0.0,3.0,1,http://94.13.228.154/verify/paypal/xq1v
32.0,11.0,13.0,1.0,0.0,0.0,4.0,0.0,0.0,0.0,0.0,0.0,0.0,1.0,0.0,3.9917,0.0,0.0,0.0,0.0,0.0,0.0,2.0,0,https://nytimes.com/user/profile
20.0,5.0,8.0,1.0,0.0,0.0,3.0,2.0,0.0,0.0,0.0,0.0,0.0,0.0,0.0,3.6842,0.0,0.0,0.1,1.0,0.0,0.0,1.0,1,http://is.gd/hww8sf5
32.0,13.0,11.0,1.0,1.0,0.0,3.0,0.0,0.0,0.0,0.0,0.0,0.0,1.0,0.0,4.1403,0.0,0.0,0.0,0.0,0.0,0.0,1.0,0,https://wikipedia.org/contact-us
23.0,14.0,1.0,2.0,0.0,0.0,3.0,0.0,0.0,1.0,0.0,0.0,0.0,1.0,0.0,3.5555,0.0,0.0,0.0,0.0,0.0,0.0,0.0,0,https://www.python.org/
37.0,12.0,18.0,3.0,0.0,0.0,5.0,11.0,0.0,0.0,0.0,1.0,0.0,0.0,1.0,3.8747,0.0,0.0,0.2973,0.0,0.0,0.0,3.0,1,http://201.45.11.66/wallet/apple/6ct5
29.0,10.0,11.0,1.0,1.0,0.0,3.0,0.0,0.0,0.0,0.0,0.0,0.0,1.0,0.0,3.8404,0.0,0.0,0.0,0.0,0.0,0.0,1.0,0,https://google.com/contact-us
49.0,34.0,7.0,2.0,2.0,0.0,3.0,1.0,0.0,1.0,0.0,0.0,0.0,1.0,1.0,4.2295,0.0,0.0,0.0204,0.0,1.0,1.0,1.0,1,https://instagram-secure.support-f3ll.info/secure
28.0,11.0,9.0,1.0,0.0,0.0,3.0,0.0,0.0,0.0,0.0,0.0,0.0,1.0,0.0,3.7709,0.0,0.0,0.0,0.0,0.0,0.0,1.0,0,https://spotify.com/products
25.0,11.0,6.0,2.0,0.0,0.0,3.0,0.0,0.0,1.0,0.0,0.0,0.0,1.0,0.0,3.7035,0.0,0.0,0.0,0.0,0.0,0.0,1.0,0,https://www.wsj.com/about
59.0,21.0,17.0,1.0,1.0,0.0,4.0,5.0,2.0,0.0,1.0,0.0,0.0,0.0,1.0,4.6244,0.0,0.0,0.0847,0.0,1.0,1.0,2.0,1,http://byow59bo-billing.work/coinbase/billing?id=39hjgo2qpz
22.0,13.0,1.0,2.0,0.0,0.0,3.0,0.0,0.0,1.0,0.0,0.0,0.0,1.0,0.0,3.7544,0.0,0.0,0.0,0.0,0.0,0.0,0.0,0,https://www.figma.com/
21.0,13.0,0.0,1.0,0.0,0.0,2.0,0.0,0.0,0.0,0.0,0.0,0.0,1.0,0.0,3.8802,0.0,0.0,0.0,0.0,0.0,0.0,0.0,0,https://wikipedia.org
33.0,14.0,11.0,2.0,1.0,0.0,3.0,0.0,0.0,1.0,0.0,0.0,0.0,1.0,0.0,3.8967,0.0,0.0,0.0,0.0,0.0,0.0,1.0,0,https://www.python.org/contact-us
20.0,5.0,8.0,1.0,0.0,0.0,3.0,3.0,0.0,0.0,0.0,0.0,0.0,0.0,0.0,3.7842,0.0,0.0,0.15,1.0,0.0,0.0,1.0,1,http://is.gd/dqh75l2
39.0,11.0,21.0,3.0,0.0,0.0,5.0,8.0,0.0,0.0,0.0,1.0,0.0,0.0,1.0,4.2823,0.0,0.0,0.2051,0.0,0.0,0.0,3.0,1,http://62.176.47.6/secure/coinbase/gqae
21.0,6.0,8.0,1.0,0.0,0.0,3.0,1.0,0.0,0.0,0.0,0.0,0.0,0.0,0.0,3.8442,0.0,0.0,0.0476,1.0,0.0,0.0,1.0,1,http://bit.ly/gfvpax5
41.0,12.0,22.0,3.0,0.0,0.0,5.0,10.0,0.0,0.0,0.0,1.0,0.0,0.0,1.0,4.4522,0.0,0.0,0.2439,0.0,0.0,0.0,3.0,1,http://50.69.45.191/billing/facebook/dwp1
46.0,15.0,24.0,3.0,0.0,0.0,5.0,13.0,0.0,0.0,0.0,1.0,0.0,0.0,1.0,4.4642,0.0,0.0,0.2826,0.0,0.0,0.0,3.0,1,http://197.165.136.152/invoice/wellsfargo/ia1s
31.0,11.0,12.0,1.0,0.0,0.0,4.0,0.0,0.0,0.0,0.0,0.0,0.0,1.0,0.0,4.0023,0.0,0.0,0.0,0.0,0.0,0.0,2.0,0,https://dropbox.com/news/latest
29.0,10.0,11.0,1.0,1.0,0.0,3.0,0.0,0.0,0.0,0.0,0.0,0.0,1.0,0.0,3.7194,0.0,0.0,0.0,0.0,0.0,0.0,1.0,0,https://amazon.com/contact-us
58.0,19.0,18.0,1.0,1.0,0.0,4.0,6.0,2.0,0.0,1.0,0.0,0.0,0.0,1.0,4.6188,0.0,0.0,0.1034,0.0,1.0,1.0,2.0,1,http://tx3doqn6-suspend.gq/office365/suspend?id=btanlvn5yu
64.0,23.0,19.0,1.0,1.0,0.0,4.0,7.0,2.0,0.0,1.0,0.0,0.0,1.0,1.0,4.5894,0.0,0.0,0.1094,0.0,1.0,1.0,2.0,1,https://8h7d4772-password.click/instagram/password?id=urmspvpxo3
26.0,12.0,6.0,2.0,0.0,0.0,3.0,0.0,0.0,1.0,0.0,0.0,0.0,1.0,0.0,3.7962,0.0,0.0,0.0,0.0,0.0,0.0,1.0,0,https://www.etsy.com/about
35.0,10.0,17.0,1.0,0.0,0.0,4.0,0.0,0.0,0.0,0.0,0.0,0.0,1.0,1.0,3.8757,0.0,0.0,0.0,0.0,0.0,0.0,2.0,0,https://medium.com/account/settings
45.0,29.0,8.0,2.0,2.0,0.0,3.0,0.0,0.0,1.0,0.0,0.0,0.0,1.0,1.0,4.1912,0.0,0.0,0.0,0.0,1.0,1.0,1.0,1,https://facebook-suspend.user-cjgo.ga/suspend
23.0,14.0,1.0,1.0,0.0,0.0,3.0,0.0,0.0,0.0,0.0,0.0,0.0,1.0,0.0,3.969,0.0,0.0,0.0,0.0,0.0,0.0,0.0,0,https://wellsfargo.com/
54.0,18.0,14.0,1.0,1.0,0.0,4.0,6.0,2.0,0.0,1.0,0.0,0.0,1.0,1.0,4.5932,0.0,0.0,0.1111,0.0,1.0,1.0,2.0,1,https://zkcp6x89-wallet.cf/paypal/wallet?id=zrb288ajzu
43.0,29.0,6.0,2.0,2.0,0.0,3.0,1.0,0.0,1.0,0.0,0.0,0.0,1.0,1.0,4.0537,0.0,0.0,0.0233,0.0,1.0,1.0,1.0,1,https://google-login.mobile-3hqc.info/login
40.0,22.0,11.0,2.0,2.0,0.0,3.0,3.0,0.0,0.0,0.0,0.0,0.0,0.0,1.0,4.0373,0.0,0.0,0.075,0.0,1.0,0.0,1.0,1,http://chase-secure-82t0d.com/secure.php
20.0,5.0,8.0,1.0,0.0,0.0,3.0,0.0,0.0,0.0,0.0,0.0,0.0,0.0,0.0,3.7842,0.0,0.0,0.0,1.0,0.0,0.0,1.0,1,http://is.gd/cfmoorr
40.0,11.0,21.0,1.0,1.0,0.0,4.0,0.0,0.0,0.0,0.0,0.0,0.0,1.0,0.0,3.9618,0.0,0.0,0.0,0.0,0.0,0.0,2.0,0,https://nytimes.com/docs/getting-started
35.0,14.0,13.0,2.0,0.0,0.0,4.0,0.0,0.0,1.0,0.0,0.0,0.0,1.0,0.0,4.1719,0.0,0.0,0.0,0.0,0.0,0.0,2.0,0,https://www.amazon.com/user/profile
19.0,10.0,1.0,1.0,0.0,0.0,3.0,0.0,0.0,0.0,0.0,0.0,0.0,1.0,0.0,3.6421,0.0,0.0,0.0,0.0,0.0,0.0,0.0,0,https://github.com/
60.0,19.0,19.0,1.0,1.0,0.0,4.0,5.0,2.0,0.0,1.0,0.0,0.0,1.0,1.0,4.7372,0.0,0.0,0.0833,0.0,1.0,1.0,2.0,1,https://rx3yr5v3-confirm.tk/wellsfargo/confirm?id=zrvmxp1x4r
29.0,21.0,0.0,2.0,0.0,0.0,2.0,0.0,0.0,1.0,0.0,0.0,0.0,1.0,0.0,3.9783,0.0,0.0,0.0,0.0,0.0,0.0,0.0,0,https://www.stackoverflow.com
37.0,18.0,11.0,2.0,1.0,0.0,3.0,0.0,0.0,1.0,0.0,0.0,0.0,1.0,0.0,4.0131,0.0,0.0,0.0,0.0,0.0,0.0,1.0,0,https://www.salesforce.com/contact-us
45.0,26.0,11.0,2.0,2.0,0.0,3.0,0.0,0.0,0.0,0.0,0.0,0.0,1.0,1.0,4.1023,0.0,0.0,0.0,0.0,1.0,0.0,1.0,1,https://microsoft-signin-jyzix.com/signin.php
30.0,10.0,12.0,1.0,0.0,0.0,4.0,0.0,0.0,0.0,0.0,0.0,0.0,1.0,0.0,3.7899,0.0,0.0,0.0,0.0,0.0,0.0,2.0,0,https://amazon.com/news/latest
46.0,17.0,21.0,1.0,1.0,0.0,4.0,0.0,0.0,0.0,0.0,0.0,0.0,1.0,0.0,4.194,0.0,0.0,0.0,0.0,0.0,0.0,2.0,0,https://stackoverflow.com/docs/getting-started
43.0,14.0,21.0,2.0,1.0,0.0,4.0,0.0,0.0,1.0,0.0,0.0,0.0,1.0,0.0,4.0941,0.0,0.0,0.0,0.0,0.0,0.0,2.0,0,https://www.medium.com/docs/getting-started
43.0,23.0,12.0,2.0,2.0,0.0,3.0,0.0,0.0,0.0,0.0,0.0,0.0,1.0,1.0,4.0338,0.0,0.0,0.0,0.0,1.0,0.0,1.0,1,https://chase-recover-koybj.com/recover.php
43.0,24.0,12.0,2.0,2.0,0.0,3.0,2.0,0.0,0.0,0.0,0.0,0.0,0.0,1.0,4.2199,0.0,0.0,0.0465,0.0,1.0,0.0,1.0,1,http://google-suspend-b1lw8.com/suspend.php
20.0,5.0,8.0,1.0,0.0,0.0,3.0,1.0,0.0,0.0,0.0,0.0,0.0,0.0,0.0,3.7842,0.0,0.0,0.05,1.0,0.0,0.0,1.0,1,http://is.gd/kmmi7jo
20.0,5.0,8.0,1.0,0.0,0.0,3.0,1.0,0.0,0.0,0.0,0.0,0.0,0.0,0.0,3.8842,0.0,0.0,0.05,1.0,0.0,0.0,1.0,1,http://is.gd/lxhkb5n
19.0,11.0,0.0,1.0,0.0,0.0,2.0,0.0,0.0,0.0,0.0,0.0,0.0,1.0,0.0,3.6163,0.0,0.0,0.0,0.0,0.0,0.0,0.0,0,https://shopify.com
40.0,14.0,19.0,3.0,0.0,0.0,5.0,11.0,0.0,0.0,0.0,1.0,0.0,0.0,1.0,4.3751,0.0,0.0,0.275,0.0,0.0,0.0,3.0,1,http://242.250.76.160/invoice/chase/bkxc
31.0,10.0,13.0,1.0,0.0,0.0,4.0,0.0,0.0,0.0,0.0,0.0,0.0,1.0,0.0,3.9378,0.0,0.0,0.0,0.0,0.0,0.0,2.0,0,https://medium.com/user/profile
36.0,14.0,14.0,2.0,0.0,0.0,5.0,1.0,0.0,1.0,0.0,0.0,0.0,1.0,0.0,3.9065,0.0,0.0,0.0278,0.0,0.0,0.0,3.0,0,https://www.python.org/api/v1/status
26.0,7.0,11.0,1.0,1.0,0.0,3.0,0.0,0.0,0.0,0.0,0.0,0.0,1.0,0.0,3.7672,0.0,0.0,0.0,0.0,0.0,0.0,1.0,0,https://wsj.com/contact-us
38.0,10.0,21.0,3.0,0.0,0.0,5.0,8.0,0.0,0.0,0.0,1.0,0.0,0.0,1.0,4.2185,0.0,0.0,0.2105,0.0,0.0,0.0,3.0,1,http://97.77.96.7/password/google/u5mb
20.0,5.0,8.0,1.0,0.0,0.0,3.0,3.0,0.0,0.0,0.0,0.0,0.0,0.0,0.0,3.9842,0.0,0.0,0.15,1.0,0.0,0.0,1.0,1,http://is.gd/mq70k8v
29.0,13.0,8.0,3.0,0.0,0.0,3.0,0.0,0.0,2.0,0.0,0.0,0.0,1.0,0.0,3.8573,0.0,0.0,0.0,0.0,0.0,0.0,1.0,0,https://www.bbc.co.uk/careers
37.0,12.0,18.0,3.0,0.0,0.0,5.0,11.0,0.0,0.0,0.0,1.0,0.0,0.0,1.0,3.9802,0.0,0.0,0.2973,0.0,0.0,0.0,3.0,1,http://181.2.161.86/unlock/apple/8u1f
28.0,7.0,13.0,1.0,0.0,0.0,4.0,0.0,0.0,0.0,0.0,0.0,0.0,1.0,0.0,3.8249,0.0,0.0,0.0,0.0,0.0,0.0,2.0,0,https://mit.edu/user/profile
50.0,35.0,8.0,2.0,2.0,0.0,3.0,0.0,0.0,1.0,0.0,0.0,0.0,0.0,1.0,4.0513,0.0,0.0,0.0,0.0,1.0,1.0,1.0,1,http://microsoft-invoice.online-ebtg.click/invoice
43.0,15.0,21.0,3.0,0.0,0.0,5.0,12.0,0.0,0.0,0.0,1.0,0.0,0.0,1.0,4.4235,0.0,0.0,0.2791,0.0,0.0,0.0,3.0,1,http://144.139.165.169/unlock/facebook/mejg
43.0,27.0,8.0,2.0,2.0,0.0,3.0,0.0,0.0,1.0,0.0,0.0,0.0,1.0,1.0,4.1116,0.0,0.0,0.0,0.0,1.0,1.0,1.0,1,https://coinbase-suspend.id-yleg.ga/suspend
37.0,20.0,9.0,2.0,0.0,0.0,3.0,0.0,0.0,1.0,0.0,0.0,0.0,1.0,0.0,4.1549,0.0,0.0,0.0,0.0,0.0,0.0,1.0,0,https://www.digitalocean.com/products
45.0,26.0,11.0,2.0,2.0,0.0,3.0,1.0,0.0,0.0,0.0,0.0,0.0,1.0,1.0,4.2225,0.0,0.0,0.0222,0.0,1.0,0.0,1.0,1,https://microsoft-unlock-bit3a.com/unlock.php
59.0,19.0,19.0,1.0,1.0,0.0,4.0,4.0,2.0,0.0,1.0,0.0,0.0,0.0,1.0,4.6872,0.0,0.0,0.0678,0.0,1.0,1.0,2.0,1,http://74k0cbhn-invoice.tk/wellsfargo/invoice?id=1xhdorstqi
42.0,23.0,11.0,2.0,2.0,0.0,3.0,4.0,0.0,0.0,0.0,0.0,0.0,1.0,1.0,4.1213,0.0,0.0,0.0952,0.0,1.0,0.0,1.0,1,https://google-secure-l2144.com/secure.php
21.0,6.0,8.0,1.0,0.0,0.0,3.0,2.0,0.0,0.0,0.0,0.0,0.0,0.0,0.0,3.6538,0.0,0.0,0.0952,1.0,0.0,0.0,1.0,1,http://bit.ly/wl40eib
23.0,14.0,1.0,2.0,0.0,0.0,3.0,0.0,0.0,1.0,0.0,0.0,0.0,1.0,0.0,3.6425,0.0,0.0,0.0,0.0,0.0,0.0,0.0,0,https://www.paypal.com/
30.0,14.0,8.0,1.0,0.0,0.0,3.0,0.0,0.0,0.0,0.0,0.0,0.0,1.0,0.0,4.1899,0.0,0.0,0.0,0.0,0.0,0.0,1.0,0,https://cloudflare.com/pricing
46.0,14.0,24.0,1.0,1.0,0.0,5.0,4.0,0.0,0.0,0.0,0.0,0.0,1.0,0.0,4.3524,0.0,0.0,0.087,0.0,0.0,0.0,3.0,0,https://wellsfargo.com/blog/2024/annual-report
46.0,14.0,24.0,2.0,1.0,0.0,5.0,4.0,0.0,1.0,0.0,0.0,0.0,1.0,0.0,4.3524,0.0,0.0,0.087,0.0,0.0,0.0,3.0,0,https://www.amazon.com/blog/2024/annual-report
20.0,11.0,1.0,1.0,0.0,0.0,3.0,0.0,0.0,0.0,0.0,0.0,0.0,1.0,0.0,3.5842,0.0,0.0,0.0,0.0,0.0,0.0,0.0,0,https://shopify.com/
56.0,20.0,14.0,1.0,1.0,0.0,4.0,4.0,2.0,0.0,1.0,0.0,0.0,1.0,1.0,4.4317,0.0,0.0,0.0714,0.0,1.0,1.0,2.0,1,https://p0ig6qux-account.top/chase/account?id=dy5adbtit7
44.0,26.0,11.0,2.0,2.0,0.0,3.0,1.0,0.0,0.0,0.0,0.0,0.0,0.0,1.0,4.1441,0.0,0.0,0.0227,0.0,1.0,0.0,1.0,1,http://instagram-update-z0srp.com/update.php
16.0,7.0,1.0,1.0,0.0,0.0,3.0,0.0,0.0,0.0,0.0,0.0,0.0,1.0,0.0,3.3278,0.0,0.0,0.0,0.0,0.0,0.0,0.0,0,https://npr.org/
20.0,5.0,8.0,1.0,0.0,0.0,3.0,2.0,0.0,0.0,0.0,0.0,0.0,0.0,0.0,3.8842,0.0,0.0,0.1,1.0,0.0,0.0,1.0,1,http://is.gd/2b0znld
23.0,7.0,8.0,1.0,0.0,0.0,3.0,0.0,0.0,0.0,0.0,0.0,0.0,1.0,0.0,3.882,0.0,0.0,0.0,0.0,0.0,0.0,1.0,0,https://usa.gov/pricing
42.0,11.0,24.0,3.0,0.0,0.0,5.0,8.0,0.0,0.0,0.0,1.0,0.0,0.0,1.0,4.425,0.0,0.0,0.1905,0.0,0.0,0.0,3.0,1,http://34.39.8.208/password/microsoft/gixz
44.0,15.0,22.0,3.0,0.0,0.0,5.0,14.0,0.0,0.0,0.0,1.0,0.0,0.0,1.0,4.4511,0.0,0.0,0.3182,0.0,0.0,0.0,3.0,1,http://140.139.245.233/billing/facebook/az39
32.0,7.0,17.0,1.0,0.0,0.0,4.0,0.0,0.0,0.0,0.0,0.0,0.0,1.0,1.0,3.7775,0.0,0.0,0.0,0.0,0.0,0.0,2.0,0,https://npr.org/account/settings
37.0,12.0,18.0,3.0,0.0,0.0,5.0,10.0,0.0,0.0,0.0,1.0,0.0,0.0,1.0,4.2062,0.0,0.0,0.2703,0.0,0.0,0.0,3.0,1,http://160.83.8.201/wallet/chase/bvb4
20.0,5.0,8.0,1.0,0.0,0.0,3.0,0.0,0.0,0.0,0.0,0.0,0.0,0.0,0.0,3.6464,0.0,0.0,0.0,1.0,0.0,0.0,1.0,1,http://is.gd/tfuvqud
41.0,15.0,19.0,3.0,0.0,0.0,5.0,13.0,0.0,0.0,0.0,1.0,0.0,0.0,1.0,3.9859,0.0,0.0,0.3171,0.0,0.0,0.0,3.0,1,http://117.167.225.171/billing/apple/t7gj
38.0,13.0,17.0,3.0,0.0,0.0,4.0,0.0,0.0,2.0,0.0,0.0,0.0,1.0,1.0,3.9354,0.0,0.0,0.0,0.0,0.0,0.0,2.0,0,https://www.bbc.co.uk/account/settings
46.0,27.0,12.0,2.0,2.0,0.0,3.0,2.0,0.0,0.0,0.0,0.0,0.0,0.0,1.0,3.9771,0.0,0.0,0.0435,0.0,1.0,0.0,1.0,1,http://microsoft-account-c1ur8.com/account.php
27.0,11.0,8.0,1.0,0.0,0.0,3.0,0.0,0.0,0.0,0.0,0.0,0.0,1.0,0.0,4.0043,0.0,0.0,0.0,0.0,0.0,0.0,1.0,0,https://netflix.com/pricing
42.0,28.0,7.0,2.0,2.0,0.0,3.0,2.0,0.0,1.0,0.0,0.0,0.0,0.0,1.0,4.1829,0.0,0.0,0.0476,0.0,1.0,1.0,1.0,1,http://paypal-verify.team-5o1r.info/verify
27.0,11.0,8.0,2.0,0.0,0.0,3.0,0.0,0.0,1.0,0.0,0.0,0.0,1.0,0.0,3.8562,0.0,0.0,0.0,0.0,0.0,0.0,1.0,0,https://www.usa.gov/careers
23.0,9.0,6.0,1.0,0.0,0.0,3.0,0.0,0.0,0.0,0.0,0.0,0.0,1.0,0.0,3.7294,0.0,0.0,0.0,0.0,0.0,0.0,1.0,0,https://quora.com/about
42.0,13.0,21.0,1.0,1.0,0.0,4.0,0.0,0.0,0.0,0.0,0.0,0.0,1.0,0.0,3.9337,0.0,0.0,0.0,0.0,0.0,0.0,2.0,0,https://atlassian.com/docs/getting-started
41.0,23.0,11.0,2.0,2.0,0.0,3.0,1.0,0.0,0.0,0.0,0.0,0.0,0.0,1.0,4.2595,0.0,0.0,0.0244,0.0,1.0,0.0,1.0,1,http://amazon-secure-i7yvr.com/secure.php
57.0,21.0,15.0,1.0,1.0,0.0,4.0,6.0,2.0,0.0,1.0,0.0,0.0,0.0,1.0,4.5781,0.0,0.0,0.1053,0.0,1.0,1.0,2.0,1,http://cz7u1tiv-billing.info/google/billing?id=3d09aj1mpe
25.0,9.0,8.0,2.0,0.0,0.0,3.0,0.0,0.0,1.0,0.0,0.0,0.0,1.0,0.0,3.8635,0.0,0.0,0.0,0.0,0.0,0.0,1.0,0,https://bbc.co.uk/pricing
29.0,8.0,13.0,1.0,0.0,0.0,4.0,0.0,0.0,0.0,0.0,0.0,0.0,1.0,0.0,4.0733,0.0,0.0,0.0,0.0,0.0,0.0,2.0,0,https://ebay.com/user/profile
50.0,34.0,8.0,2.0,2.0,0.0,3.0,1.0,0.0,1.0,0.0,0.0,0.0,1.0,1.0,4.0329,0.0,0.0,0.02,0.0,1.0,1.0,1.0,1,https://netflix-invoice.service-kle1.click/invoice
43.0,27.0,8.0,2.0,2.0,0.0,3.0,1.0,0.0,1.0,0.0,0.0,0.0,1.0,1.0,4.2512,0.0,0.0,0.0233,0.0,1.0,1.0,1.0,1,https://paypal-invoice.user-nv8t.ml/invoice
24.0,10.0,6.0,1.0,0.0,0.0,3.0,0.0,0.0,0.0,0.0,0.0,0.0,1.0,0.0,3.8035,0.0,0.0,0.0,0.0,0.0,0.0,1.0,0,https://gitlab.com/about
29.0,12.0,9.0,1.0,0.0,0.0,3.0,0.0,0.0,0.0,0.0,0.0,0.0,1.0,0.0,3.7194,0.0,0.0,0.0,0.0,0.0,0.0,1.0,0,https://coursera.org/products
31.0,10.0,13.0,1.0,0.0,0.0,4.0,0.0,0.0,0.0,0.0,0.0,0.0,1.0,0.0,3.9134,0.0,0.0,0.0,0.0,0.0,0.0,2.0,0,https://reddit.com/user/profile
36.0,19.0,9.0,2.0,0.0,0.0,3.0,0.0,0.0,1.0,0.0,0.0,0.0,1.0,0.0,4.1972,0.0,0.0,0.0,0.0,0.0,0.0,1.0,0,https://www.khanacademy.org/products
41.0,22.0,11.0,2.0,2.0,0.0,3.0,0.0,0.0,0.0,0.0,0.0,0.0,1.0,1.0,4.1923,0.0,0.0,0.0,0.0,1.0,0.0,1.0,1,https://chase-unlock-bfekj.com/unlock.php
43.0,18.0,17.0,2.0,0.0,0.0,4.0,0.0,0.0,1.0,0.0,0.0,0.0,1.0,1.0,4.0429,0.0,0.0,0.0,0.0,0.0,0.0,2.0,0,https://www.salesforce.com/account/settings
25.0,9.0,8.0,1.0,0.0,0.0,3.0,0.0,0.0,0.0,0.0,0.0,0.0,1.0,0.0,3.5631,0.0,0.0,0.0,0.0,0.0,0.0,1.0,0,https://chase.com/careers
49.0,34.0,8.0,2.0,2.0,0.0,3.0,1.0,0.0,1.0,0.0,0.0,0.0,0.0,1.0,4.3058,0.0,0.0,0.0204,0.0,1.0,1.0,1.0,1,http://facebook-recover.gateway-zhd8.info/recover
56.0,21.0,14.0,1.0,1.0,0.0,4.0,1.0,2.0,0.0,1.0,0.0,0.0,0.0,1.0,4.5818,0.0,0.0,0.0179,0.0,1.0,1.0,2.0,1,http://xjeykznn-recover.info/chase/recover?id=uwzrpsoy4b
29.0,13.0,8.0,1.0,0.0,0.0,3.0,0.0,0.0,0.0,0.0,0.0,0.0,1.0,0.0,3.6764,0.0,0.0,0.0,0.0,0.0,0.0,1.0,0,https://pinterest.com/careers
44.0,26.0,11.0,2.0,2.0,0.0,3.0,4.0,0.0,0.0,0.0,0.0,0.0,0.0,1.0,4.1635,0.0,0.0,0.0909,0.0,1.0,0.0,1.0,1,http://office365-secure-ep2rv.com/secure.php
20.0,5.0,8.0,1.0,0.0,0.0,3.0,1.0,0.0,0.0,0.0,0.0,0.0,0.0,0.0,3.6464,0.0,0.0,0.05,1.0,0.0,0.0,1.0,1,http://is.gd/rsint5e
26.0,11.0,8.0,1.0,0.0,0.0,3.0,3.0,0.0,0.0,0.0,0.0,0.0,0.0,0.0,4.1808,0.0,0.0,0.1154,1.0,0.0,0.0,1.0,1,http://tinyurl.com/s86pyb5
38.0,12.0,19.0,3.0,0.0,0.0,5.0,12.0,0.0,0.0,0.0,1.0,0.0,0.0,1.0,4.3039,0.0,0.0,0.3158,0.0,0.0,0.0,3.0,1,http://177.10.29.13/login/netflix/89v4
26.0,11.0,8.0,1.0,0.0,0.0,3.0,3.0,0.0,0.0,0.0,0.0,0.0,0.0,0.0,3.9791,0.0,0.0,0.1154,1.0,0.0,0.0,1.0,1,http://tinyurl.com/61t3cpu
28.0,7.0,13.0,1.0,0.0,0.0,4.0,0.0,0.0,0.0,0.0,0.0,0.0,1.0,0.0,3.8249,0.0,0.0,0.0,0.0,0.0,0.0,2.0,0,https://zoom.us/user/profile
31.0,11.0,12.0,1.0,0.0,0.0,4.0,0.0,0.0,0.0,0.0,0.0,0.0,1.0,0.0,3.7811,0.0,0.0,0.0,0.0,0.0,0.0,2.0,0,https://nytimes.com/news/latest
25.0,9.0,8.0,1.0,0.0,0.0,3.0,0.0,0.0,0.0,0.0,0.0,0.0,1.0,0.0,3.7533,0.0,0.0,0.0,0.0,0.0,0.0,1.0,0,https://slack.com/careers
34.0,9.0,17.0,1.0,0.0,0.0,4.0,0.0,0.0,0.0,0.0,0.0,0.0,1.0,1.0,3.6901,0.0,0.0,0.0,0.0,0.0,0.0,2.0,0,https://twitch.tv/account/settings
40.0,8.0,24.0,1.0,1.0,0.0,5.0,4.0,0.0,0.0,0.0,0.0,0.0,1.0,0.0,4.3128,0.0,0.0,0.1,0.0,0.0,0.0,3.0,0,https://etsy.com/blog/2024/annual-report
23.0,15.0,0.0,2.0,0.0,0.0,2.0,0.0,0.0,1.0,0.0,0.0,0.0,1.0,0.0,3.6753,0.0,0.0,0.0,0.0,0.0,0.0,0.0,0,https://docs.python.org
54.0,18.0,14.0,1.0,1.0,0.0,4.0,5.0,2.0,0.0,1.0,0.0,0.0,1.0,1.0,4.7202,0.0,0.0,0.0926,0.0,1.0,1.0,2.0,1,https://qk6g5osc-secure.ml/amazon/secure?id=zvk42w6tsz
27.0,11.0,8.0,1.0,0.0,0.0,3.0,0.0,0.0,0.0,0.0,0.0,0.0,1.0,0.0,3.9582,0.0,0.0,0.0,0.0,0.0,0.0,1.0,0,https://mozilla.org/pricing
22.0,13.0,1.0,2.0,0.0,0.0,3.0,0.0,0.0,1.0,0.0,0.0,0.0,1.0,0.0,3.5726,0.0,0.0,0.0,0.0,0.0,0.0,0.0,0,https://www.npmjs.com/
27.0,11.0,8.0,1.0,0.0,0.0,3.0,0.0,0.0,0.0,0.0,0.0,0.0,1.0,0.0,3.8282,0.0,0.0,0.0,0.0,0.0,0.0,1.0,0,https://spotify.com/pricing
26.0,17.0,1.0,1.0,0.0,0.0,3.0,0.0,0.0,0.0,0.0,0.0,0.0,1.0,0.0,3.998,0.0,0.0,0.0,0.0,0.0,0.0,0.0,0,https://stackoverflow.com/
25.0,16.0,1.0,1.0,0.0,0.0,3.0,0.0,0.0,0.0,0.0,0.0,0.0,1.0,0.0,3.9435,0.0,0.0,0.0,0.0,0.0,0.0,0.0,0,https://digitalocean.com/
31.0,14.0,9.0,2.0,0.0,0.0,3.0,0.0,0.0,1.0,0.0,0.0,0.0,1.0,0.0,3.9134,0.0,0.0,0.0,0.0,0.0,0.0,1.0,0,https://www.paypal.com/products
16.0,7.0,1.0,1.0,0.0,0.0,3.0,0.0,0.0,0.0,0.0,0.0,0.0,1.0,0.0,3.4056,0.0,0.0,0.0,0.0,0.0,0.0,0.0,0,https://mit.edu/
36.0,14.0,14.0,1.0,0.0,0.0,5.0,1.0,0.0,0.0,0.0,0.0,0.0,1.0,0.0,3.9484,0.0,0.0,0.0278,0.0,0.0,0.0,3.0,0,https://salesforce.com/api/v1/status
34.0,13.0,13.0,1.0,0.0,0.0,4.0,0.0,0.0,0.0,0.0,0.0,0.0,1.0,0.0,4.0209,0.0,0.0,0.0,0.0,0.0,0.0,2.0,0,https://wikipedia.org/user/profile
26.0,9.0,9.0,1.0,0.0,0.0,3.0,0.0,0.0,0.0,0.0,0.0,0.0,1.0,0.0,3.7962,0.0,0.0,0.0,0.0,0.0,0.0,1.0,0,https://apple.com/products
43.0,13.0,23.0,3.0,0.0,0.0,5.0,10.0,0.0,0.0,0.0,1.0,0.0,0.0,1.0,4.3243,0.0,0.0,0.2326,0.0,0.0,0.0,3.0,1,http://88.42.205.103/banking/instagram/plhh
32.0,13.0,11.0,1.0,1.0,0.0,3.0,0.0,0.0,0.0,0.0,0.0,0.0,1.0,0.0,3.715,0.0,0.0,0.0,0.0,0.0,0.0,1.0,0,https://atlassian.com/contact-us
26.0,11.0,8.0,1.0,0.0,0.0,3.0,0.0,0.0,0.0,0.0,0.0,0.0,0.0,0.0,3.8731,0.0,0.0,0.0,1.0,0.0,0.0,1.0,1,http://tinyurl.com/bopcrhy
20.0,5.0,8.0,1.0,0.0,0.0,3.0,1.0,0.0,0.0,0.0,0.0,0.0,0.0,0.0,3.6842,0.0,0.0,0.05,1.0,0.0,0.0,1.0,1,http://is.gd/4ninzsq
35.0,10.0,17.0,1.0,0.0,0.0,4.0,0.0,0.0,0.0,0.0,0.0,0.0,1.0,1.0,3.9002,0.0,0.0,0.0,0.0,0.0,0.0,2.0,0,https://reddit.com/account/settings
31.0,15.0,8.0,2.0,0.0,0.0,3.0,0.0,0.0,1.0,0.0,0.0,0.0,1.0,0.0,4.0826,0.0,0.0,0.0,0.0,0.0,0.0,1.0,0,https://www.netflix.com/careers
40.0,14.0,19.0,3.0,0.0,0.0,5.0,12.0,0.0,0.0,0.0,1.0,0.0,0.0,1.0,4.2373,0.0,0.0,0.3,0.0,0.0,0.0,3.0,1,http://188.222.119.86/secure/google/zw7z
42.0,26.0,8.0,2.0,2.0,0.0,3.0,2.0,0.0,1.0,0.0,0.0,0.0,1.0,1.0,3.9667,0.0,0.0,0.0476,0.0,1.0,1.0,1.0,1,https://google-account.app-44cy.ga/account
33.0,13.0,12.0,1.0,0.0,0.0,4.0,0.0,0.0,0.0,0.0,0.0,0.0,1.0,0.0,3.6741,0.0,0.0,0.0,0.0,0.0,0.0,2.0,0,https://atlassian.com/news/latest
21.0,6.0,8.0,1.0,0.0,0.0,3.0,1.0,0.0,0.0,0.0,0.0,0.0,0.0,0.0,3.8442,0.0,0.0,0.0476,1.0,0.0,0.0,1.0,1,http://bit.ly/isavjd7
31.0,17.0,6.0,1.0,0.0,0.0,3.0,0.0,0.0,0.0,0.0,0.0,0.0,1.0,0.0,4.0911,0.0,0.0,0.0,0.0,0.0,0.0,1.0,0,https://stackoverflow.com/about
44.0,26.0,11.0,2.0,2.0,0.0,3.0,4.0,0.0,0.0,0.0,0.0,0.0,0.0,1.0,4.1984,0.0,0.0,0.0909,0.0,1.0,0.0,1.0,1,http://office365-secure-nt6ac.com/secure.php
28.0,9.0,11.0,2.0,1.0,0.0,3.0,0.0,0.0,1.0,0.0,0.0,0.0,1.0,0.0,3.709,0.0,0.0,0.0,0.0,0.0,0.0,1.0,0,https://bbc.co.uk/contact-us
45.0,31.0,7.0,2.0,2.0,0.0,3.0,4.0,0.0,1.0,0.0,0.0,0.0,0.0,1.0,4.3581,0.0,0.0,0.0889,0.0,1.0,1.0,1.0,1,http://office365-unlock.mobile-0cwp.tk/unlock
54.0,18.0,14.0,1.0,1.0,0.0,4.0,5.0,2.0,0.0,1.0,0.0,0.0,1.0,1.0,4.6109,0.0,0.0,0.0926,0.0,1.0,1.0,2.0,1,https://ijesvup4-secure.ml/google/secure?id=10h9tn4cxk
37.0,15.0,14.0,2.0,0.0,0.0,5.0,1.0,0.0,1.0,0.0,0.0,0.0,1.0,0.0,3.9669,0.0,0.0,0.027,0.0,0.0,0.0,3.0,0,https://www.nytimes.com/api/v1/status
22.0,14.0,0.0,2.0,0.0,0.0,2.0,0.0,0.0,1.0,0.0,0.0,0.0,1.0,0.0,3.7544,0.0,0.0,0.0,0.0,0.0,0.0,0.0,0,https://www.reddit.com
21.0,6.0,8.0,1.0,0.0,0.0,3.0,4.0,0.0,0.0,0.0,0.0,0.0,0.0,0.0,3.6897,0.0,0.0,0.1905,1.0,0.0,0.0,1.0,1,http://bit.ly/9a93t5q
43.0,24.0,12.0,2.0,2.0,0.0,3.0,0.0,0.0,0.0,0.0,0.0,0.0,0.0,1.0,3.9034,0.0,0.0,0.0,0.0,1.0,0.0,1.0,1,http://google-recover-nllbl.com/recover.php
58.0,21.0,16.0,1.0,1.0,0.0,4.0,4.0,2.0,0.0,1.0,0.0,0.0,0.0,1.0,4.7222,0.0,0.0,0.069,0.0,1.0,1.0,2.0,1,http://rfzi1rlk-unlock.click/coinbase/unlock?id=j4v6e2dqxr
29.0,9.0,12.0,1.0,0.0,0.0,4.0,0.0,0.0,0.0,0.0,0.0,0.0,1.0,0.0,3.5336,0.0,0.0,0.0,0.0,0.0,0.0,2.0,0,https://twitch.tv/news/latest
43.0,14.0,21.0,2.0,1.0,0.0,4.0,0.0,0.0,1.0,0.0,0.0,0.0,1.0,0.0,4.0941,0.0,0.0,0.0,0.0,0.0,0.0,2.0,0,https://www.office.com/docs/getting-started
26.0,7.0,11.0,1.0,1.0,0.0,3.0,0.0,0.0,0.0,0.0,0.0,0.0,1.0,0.0,3.8731,0.0,0.0,0.0,0.0,0.0,0.0,1.0,0,https://irs.gov/contact-us
55.0,19.0,15.0,1.0,1.0,0.0,4.0,3.0,2.0,0.0,1.0,0.0,0.0,0.0,1.0,4.4178,0.0,0.0,0.0545,0.0,1.0,1.0,2.0,1,http://tg1eauoc-account.tk/google/account?id=jgxey4x9ys
40.0,14.0,19.0,3.0,0.0,0.0,5.0,12.0,0.0,0.0,0.0,1.0,0.0,0.0,1.0,4.3128,0.0,0.0,0.3,0.0,0.0,0.0,3.0,1,http://147.86.237.215/login/netflix/t6fv
39.0,14.0,18.0,3.0,0.0,0.0,5.0,13.0,0.0,0.0,0.0,1.0,0.0,0.0,1.0,4.2823,0.0,0.0,0.3333,0.0,0.0,0.0,3.0,1,http://176.175.235.84/secure/chase/l8v4
55.0,19.0,15.0,1.0,1.0,0.0,4.0,2.0,2.0,0.0,1.0,0.0,0.0,0.0,1.0,4.6129,0.0,0.0,0.0364,0.0,1.0,1.0,2.0,1,http://qsuak6za-confirm.gq/google/confirm?id=ukhckzi3cz
37.0,12.0,17.0,2.0,0.0,0.0,4.0,0.0,0.0,1.0,0.0,0.0,0.0,1.0,1.0,4.0237,0.0,0.0,0.0,0.0,0.0,0.0,2.0,0,https://www.ebay.com/account/settings
25.0,9.0,8.0,1.0,0.0,0.0,4.0,0.0,0.0,0.0,0.0,0.0,0.0,1.0,0.0,3.7639,0.0,0.0,0.0,0.0,0.0,0.0,2.0,0,https://slack.com/en/help
26.0,11.0,8.0,1.0,0.0,0.0,3.0,1.0,0.0,0.0,0.0,0.0,0.0,0.0,0.0,3.9172,0.0,0.0,0.0385,1.0,0.0,0.0,1.0,1,http://tinyurl.com/tt0bbsu
59.0,21.0,17.0,1.0,1.0,0.0,4.0,5.0,2.0,0.0,1.0,0.0,0.0,0.0,1.0,4.4127,0.0,0.0,0.0847,0.0,1.0,1.0,2.0,1,http://kaonfjjk-invoice.info/coinbase/invoice?id=4auedi6214
45.0,26.0,11.0,2.0,2.0,0.0,3.0,4.0,0.0,0.0,0.0,0.0,0.0,1.0,1.0,4.3391,0.0,0.0,0.0889,0.0,1.0,0.0,1.0,1,https://office365-update-qom9v.com/update.php
19.0,10.0,1.0,1.0,0.0,0.0,3.0,0.0,0.0,0.0,0.0,0.0,0.0,1.0,0.0,3.4316,0.0,0.0,0.0,0.0,0.0,0.0,0.0,0,https://python.org/
37.0,8.0,21.0,1.0,1.0,0.0,4.0,0.0,0.0,0.0,0.0,0.0,0.0,1.0,0.0,4.0468,0.0,0.0,0.0,0.0,0.0,0.0,2.0,0,https://ebay.com/docs/getting-started
33.0,17.0,8.0,1.0,0.0,0.0,3.0,0.0,0.0,0.0,0.0,0.0,0.0,1.0,0.0,4.2256,0.0,0.0,0.0,0.0,0.0,0.0,1.0,0,https://stackoverflow.com/pricing
43.0,13.0,23.0,3.0,0.0,0.0,5.0,13.0,0.0,0.0,0.0,1.0,0.0,0.0,1.0,4.4524,0.0,0.0,0.3023,0.0,0.0,0.0,3.0,1,http://193.38.160.83/invoice/instagram/f753
21.0,6.0,8.0,1.0,0.0,0.0,3.0,2.0,0.0,0.0,0.0,0.0,0.0,0.0,0.0,3.749,0.0,0.0,0.0952,1.0,0.0,0.0,1.0,1,http://bit.ly/fu4gf5h
51.0,18.0,7.0,2.0,0.0,0.0,3.0,0.0,3.0,1.0,1.0,0.0,0.0,1.0,0.0,4.3068,0.0,0.0,0.0,0.0,0.0,0.0,1.0,0,https://www.protonmail.com/search?q=python+tutorial
30.0,14.0,8.0,2.0,0.0,0.0,4.0,0.0,0.0,1.0,0.0,0.0,0.0,1.0,0.0,3.8151,0.0,0.0,0.0,0.0,0.0,0.0,2.0,0,https://www.paypal.com/en/help
31.0,15.0,8.0,2.0,0.0,0.0,3.0,0.0,0.0,1.0,0.0,0.0,0.0,1.0,0.0,4.0424,0.0,0.0,0.0,0.0,0.0,0.0,1.0,0,https://www.mozilla.org/pricing
45.0,26.0,11.0,2.0,2.0,0.0,3.0,3.0,0.0,0.0,0.0,0.0,0.0,1.0,1.0,4.3114,0.0,0.0,0.0667,0.0,1.0,0.0,1.0,1,https://office365-update-vgcew.com/update.php
21.0,6.0,8.0,1.0,0.0,0.0,3.0,2.0,0.0,0.0,0.0,0.0,0.0,0.0,0.0,3.8442,0.0,0.0,0.0952,1.0,0.0,0.0,1.0,1,http://bit.ly/48gcxbj
34.0,18.0,8.0,2.0,0.0,0.0,3.0,0.0,0.0,1.0,0.0,0.0,0.0,1.0,0.0,4.2561,0.0,0.0,0.0,0.0,0.0,0.0,1.0,0,https://www.cloudflare.com/pricing
24.0,8.0,8.0,1.0,0.0,0.0,4.0,0.0,0.0,0.0,0.0,0.0,0.0,1.0,0.0,3.6054,0.0,0.0,0.0,0.0,0.0,0.0,2.0,0,https://etsy.com/en/help
47.0,31.0,8.0,2.0,2.0,0.0,3.0,1.0,0.0,1.0,0.0,0.0,0.0,1.0,1.0,4.1795,0.0,0.0,0.0213,0.0,1.0,1.0,1.0,1,https://netflix-invoice.support-ne9y.cf/invoice
41.0,23.0,11.0,2.0,2.0,0.0,3.0,2.0,0.0,0.0,0.0,0.0,0.0,0.0,1.0,4.2083,0.0,0.0,0.0488,0.0,1.0,0.0,1.0,1,http://paypal-verify-39rrb.com/verify.php
26.0,11.0,8.0,1.0,0.0,0.0,3.0,2.0,0.0,0.0,0.0,0.0,0.0,0.0,0.0,3.9022,0.0,0.0,0.0769,1.0,0.0,0.0,1.0,1,http://tinyurl.com/to2mr4y
33.0,12.0,13.0,1.0,0.0,0.0,4.0,0.0,0.0,0.0,0.0,0.0,0.0,1.0,0.0,3.9226,0.0,0.0,0.0,0.0,0.0,0.0,2.0,0,https://stanford.edu/user/profile
52.0,19.0,7.0,2.0,0.0,0.0,3.0,0.0,3.0,1.0,1.0,0.0,0.0,1.0,0.0,4.421,0.0,0.0,0.0,0.0,0.0,0.0,1.0,0,https://www.theguardian.com/search?q=python+tutorial
32.0,13.0,11.0,2.0,1.0,0.0,3.0,0.0,0.0,1.0,0.0,0.0,0.0,1.0,0.0,3.6512,0.0,0.0,0.0,0.0,0.0,0.0,1.0,0,https://www.twitch.tv/contact-us
48.0,33.0,7.0,2.0,2.0,0.0,3.0,2.0,0.0,1.0,0.0,0.0,0.0,1.0,1.0,4.3457,0.0,0.0,0.0417,0.0,1.0,1.0,1.0,1,https://microsoft-wallet.service-e38r.xyz/wallet
22.0,13.0,1.0,1.0,0.0,0.0,3.0,0.0,0.0,0.0,0.0,0.0,0.0,1.0,0.0,3.5383,0.0,0.0,0.0,0.0,0.0,0.0,0.0,0,https://microsoft.com/
43.0,24.0,12.0,2.0,2.0,0.0,3.0,0.0,0.0,0.0,0.0,0.0,0.0,0.0,1.0,4.1467,0.0,0.0,0.0,0.0,1.0,0.0,1.0,1,http://amazon-recover-tdysl.com/recover.php
41.0,14.0,20.0,3.0,0.0,0.0,5.0,12.0,0.0,0.0,0.0,1.0,0.0,0.0,1.0,4.2387,0.0,0.0,0.2927,0.0,0.0,0.0,3.0,1,http://237.213.233.68/invoice/paypal/nbv1
28.0,12.0,8.0,1.0,0.0,0.0,3.0,0.0,0.0,0.0,0.0,0.0,0.0,1.0,0.0,4.0391,0.0,0.0,0.0,0.0,0.0,0.0,1.0,0,https://linkedin.com/careers
21.0,6.0,8.0,1.0,0.0,0.0,3.0,2.0,0.0,0.0,0.0,0.0,0.0,0.0,0.0,3.8442,0.0,0.0,0.0952,1.0,0.0,0.0,1.0,1,http://bit.ly/spx01cv
42.0,23.0,11.0,2.0,2.0,0.0,3.0,0.0,0.0,0.0,0.0,0.0,0.0,1.0,1.0,4.0527,0.0,0.0,0.0,0.0,1.0,0.0,1.0,1,https://google-signin-yevpr.com/signin.php
41.0,23.0,11.0,2.0,2.0,0.0,3.0,0.0,0.0,0.0,0.0,0.0,0.0,0.0,1.0,4.0371,0.0,0.0,0.0,0.0,1.0,0.0,1.0,1,http://amazon-secure-hemlu.com/secure.php
50.0,34.0,8.0,2.0,2.0,0.0,3.0,1.0,0.0,1.0,0.0,0.0,0.0,1.0,1.0,3.9182,0.0,0.0,0.02,0.0,1.0,1.0,1.0,1,https://microsoft-recover.support-cg1r.top/recover
44.0,24.0,12.0,2.0,2.0,0.0,3.0,2.0,0.0,0.0,0.0,0.0,0.0,1.0,1.0,4.1158,0.0,0.0,0.0455,0.0,1.0,0.0,1.0,1,https://paypal-recover-lqc62.com/recover.php
24.0,7.0,9.0,1.0,0.0,0.0,3.0,0.0,0.0,0.0,0.0,0.0,0.0,1.0,0.0,3.6258,0.0,0.0,0.0,0.0,0.0,0.0,1.0,0,https://npr.org/products
47.0,27.0,13.0,2.0,2.0,0.0,3.0,0.0,0.0,0.0,0.0,0.0,0.0,0.0,1.0,4.1696,0.0,0.0,0.0,0.0,1.0,0.0,1.0,1,http://coinbase-password-otvge.com/password.php
55.0,19.0,15.0,1.0,1.0,0.0,4.0,2.0,2.0,0.0,1.0,0.0,0.0,0.0,1.0,4.3016,0.0,0.0,0.0364,0.0,1.0,1.0,2.0,1,http://qtenput2-banking.ga/paypal/banking?id=qdyqxngu3d
51.0,17.0,13.0,1.0,1.0,0.0,4.0,3.0,2.0,0.0,1.0,0.0,0.0,0.0,1.0,4.5028,0.0,0.0,0.0588,0.0,1.0,1.0,2.0,1,http://r8lvxrql-login.ml/paypal/login?id=7z3zmiwslp
59.0,19.0,18.0,1.0,1.0,0.0,4.0,6.0,2.0,0.0,1.0,0.0,0.0,1.0,1.0,4.6111,0.0,0.0,0.1017,0.0,1.0,1.0,2.0,1,https://d5n89shp-confirm.tk/instagram/confirm?id=y9vl8ma1fv
27.0,11.0,8.0,1.0,0.0,0.0,3.0,0.0,0.0,0.0,0.0,0.0,0.0,1.0,0.0,3.8562,0.0,0.0,0.0,0.0,0.0,0.0,1.0,0,https://shopify.com/pricing
18.0,10.0,0.0,1.0,0.0,0.0,2.0,0.0,0.0,0.0,0.0,0.0,0.0,1.0,0.0,3.6835,0.0,0.0,0.0,0.0,0.0,0.0,0.0,0,https://medium.com
26.0,11.0,8.0,1.0,0.0,0.0,3.0,3.0,0.0,0.0,0.0,0.0,0.0,0.0,0.0,4.2578,0.0,0.0,0.1154,1.0,0.0,0.0,1.0,1,http://tinyurl.com/wo1q6f8
28.0,9.0,11.0,1.0,1.0,0.0,3.0,0.0,0.0,0.0,0.0,0.0,0.0,1.0,0.0,3.682,0.0,0.0,0.0,0.0,0.0,0.0,1.0,0,https://chase.com/contact-us
30.0,8.0,14.0,1.0,0.0,0.0,5.0,1.0,0.0,0.0,0.0,0.0,0.0,1.0,0.0,3.7329,0.0,0.0,0.0333,0.0,0.0,0.0,3.0,0,https://etsy.com/api/v1/status
58.0,19.0,17.0,1.0,1.0,0.0,4.0,5.0,2.0,0.0,1.0,0.0,0.0,1.0,1.0,4.7075,0.0,0.0,0.0862,0.0,1.0,1.0,2.0,1,https://1mismx89-confirm.gq/coinbase/confirm?id=un37lhspnv
23.0,14.0,1.0,2.0,0.0,0.0,3.0,0.0,0.0,1.0,0.0,0.0,0.0,1.0,0.0,3.7294,0.0,0.0,0.0,0.0,0.0,0.0,0.0,0,https://www.reddit.com/
28.0,19.0,1.0,3.0,0.0,0.0,3.0,0.0,0.0,2.0,0.0,0.0,0.0,1.0,0.0,3.744,0.0,0.0,0.0,0.0,0.0,0.0,0.0,0,https://www.docs.python.org/
34.0,13.0,13.0,3.0,0.0,0.0,4.0,0.0,0.0,2.0,0.0,0.0,0.0,1.0,0.0,4.0431,0.0,0.0,0.0,0.0,0.0,0.0,2.0,0,https://www.bbc.co.uk/user/profile
32.0,10.0,14.0,1.0,0.0,0.0,5.0,1.0,0.0,0.0,0.0,0.0,0.0,1.0,0.0,3.8011,0.0,0.0,0.0312,0.0,0.0,0.0,3.0,0,https://amazon.com/api/v1/status
21.0,6.0,8.0,1.0,0.0,0.0,3.0,1.0,0.0,0.0,0.0,0.0,0.0,0.0,0.0,3.6538,0.0,0.0,0.0476,1.0,0.0,0.0,1.0,1,http://bit.ly/0lpuyax
45.0,26.0,11.0,2.0,2.0,0.0,3.0,1.0,0.0,0.0,0.0,0.0,0.0,1.0,1.0,4.2334,0.0,0.0,0.0222,0.0,1.0,0.0,1.0,1,https://microsoft-update-5jtgv.com/update.php
27.0,11.0,8.0,2.0,0.0,0.0,4.0,0.0,0.0,1.0,0.0,0.0,0.0,1.0,0.0,3.708,0.0,0.0,0.0,0.0,0.0,0.0,2.0,0,https://www.mit.edu/en/help
35.0,10.0,17.0,1.0,0.0,0.0,4.0,0.0,0.0,0.0,0.0,0.0,0.0,1.0,1.0,3.8214,0.0,0.0,0.0,0.0,0.0,0.0,2.0,0,https://python.org/account/settings
37.0,17.0,12.0,2.0,0.0,0.0,4.0,0.0,0.0,1.0,0.0,0.0,0.0,1.0,0.0,3.717,0.0,0.0,0.0,0.0,0.0,0.0,2.0,0,https://www.atlassian.com/news/latest
41.0,23.0,11.0,2.0,2.0,0.0,3.0,1.0,0.0,0.0,0.0,0.0,0.0,0.0,1.0,4.2715,0.0,0.0,0.0244,0.0,1.0,0.0,1.0,1,http://google-verify-t4dgj.com/verify.php
47.0,15.0,24.0,1.0,1.0,0.0,5.0,4.0,0.0,0.0,0.0,0.0,0.0,1.0,0.0,4.4006,0.0,0.0,0.0851,0.0,0.0,0.0,3.0,0,https://khanacademy.org/blog/2024/annual-report
37.0,15.0,14.0,2.0,0.0,0.0,5.0,1.0,0.0,1.0,0.0,0.0,0.0,1.0,0.0,3.9465,0.0,0.0,0.027,0.0,0.0,0.0,3.0,0,https://docs.python.org/api/v1/status
33.0,11.0,14.0,1.0,0.0,0.0,5.0,1.0,0.0,0.0,0.0,0.0,0.0,1.0,0.0,3.7724,0.0,0.0,0.0303,0.0,0.0,0.0,3.0,0,https://outlook.com/api/v1/status
26.0,10.0,8.0,1.0,0.0,0.0,3.0,0.0,0.0,0.0,0.0,0.0,0.0,1.0,0.0,3.8441,0.0,0.0,0.0,0.0,0.0,0.0,1.0,0,https://github.com/pricing
26.0,10.0,8.0,1.0,0.0,0.0,3.0,0.0,0.0,0.0,0.0,0.0,0.0,1.0,0.0,3.7672,0.0,0.0,0.0,0.0,0.0,0.0,1.0,0,https://python.org/careers
42.0,13.0,21.0,1.0,1.0,0.0,4.0,0.0,0.0,0.0,0.0,0.0,0.0,1.0,0.0,3.9988,0.0,0.0,0.0,0.0,0.0,0.0,2.0,0,https://wikipedia.org/docs/getting-started
35.0,15.0,12.0,2.0,0.0,0.0,4.0,0.0,0.0,1.0,0.0,0.0,0.0,1.0,0.0,3.9433,0.0,0.0,0.0,0.0,0.0,0.0,2.0,0,https://www.mozilla.org/news/latest
31.0,12.0,11.0,1.0,1.0,0.0,3.0,0.0,0.0,0.0,0.0,0.0,0.0,1.0,0.0,3.8858,0.0,0.0,0.0,0.0,0.0,0.0,1.0,0,https://stanford.edu/contact-us
29.0,13.0,8.0,2.0,0.0,0.0,3.0,0.0,0.0,1.0,0.0,0.0,0.0,1.0,0.0,3.578,0.0,0.0,0.0,0.0,0.0,0.0,1.0,0,https://www.twitch.tv/pricing
46.0,31.0,8.0,2.0,2.0,0.0,3.0,0.0,0.0,1.0,0.0,0.0,0.0,0.0,1.0,4.0587,0.0,0.0,0.0,0.0,1.0,1.0,1.0,1,http://facebook-recover.auth-fjte.info/recover
60.0,21.0,18.0,1.0,1.0,0.0,4.0,6.0,2.0,0.0,1.0,0.0,0.0,0.0,1.0,4.6985,0.0,0.0,0.1,0.0,1.0,1.0,2.0,1,http://3rfe08a1-password.xyz/coinbase/password?id=hyhk4zzia9
47.0,31.0,8.0,2.0,2.0,0.0,3.0,3.0,0.0,1.0,0.0,0.0,0.0,1.0,1.0,4.3358,0.0,0.0,0.0638,0.0,1.0,1.0,1.0,1,https://microsoft-billing.web-k196.info/billing
21.0,6.0,8.0,1.0,0.0,0.0,3.0,0.0,0.0,0.0,0.0,0.0,0.0,0.0,0.0,3.5945,0.0,0.0,0.0,1.0,0.0,0.0,1.0,1,http://bit.ly/xelitzj
35.0,13.0,14.0,2.0,0.0,0.0,5.0,1.0,0.0,1.0,0.0,0.0,0.0,1.0,0.0,3.9329,0.0,0.0,0.0286,0.0,0.0,0.0,3.0,0,https://www.quora.com/api/v1/status
54.0,18.0,14.0,1.0,1.0,0.0,4.0,5.0,2.0,0.0,1.0,0.0,0.0,1.0,1.0,4.6529,0.0,0.0,0.0926,0.0,1.0,1.0,2.0,1,https://mf95mi7c-verify.ml/amazon/verify?id=44ghocylfe
43.0,15.0,21.0,3.0,0.0,0.0,5.0,13.0,0.0,0.0,0.0,1.0,0.0,0.0,1.0,4.2023,0.0,0.0,0.3023,0.0,0.0,0.0,3.0,1,http://229.112.225.235/wallet/coinbase/ib9x
48.0,33.0,8.0,2.0,2.0,0.0,3.0,3.0,0.0,1.0,0.0,0.0,0.0,0.0,1.0,4.1709,0.0,0.0,0.0625,0.0,1.0,1.0,1.0,1,http://office365-account.session-yias.ga/account
26.0,10.0,8.0,1.0,0.0,0.0,4.0,0.0,0.0,0.0,0.0,0.0,0.0,1.0,0.0,3.7483,0.0,0.0,0.0,0.0,0.0,0.0,2.0,0,https://office.com/en/help
56.0,18.0,16.0,1.0,1.0,0.0,4.0,7.0,2.0,0.0,1.0,0.0,0.0,1.0,1.0,4.7229,0.0,0.0,0.125,0.0,1.0,1.0,2.0,1,https://t4b2an9x-login.top/office365/login?id=dpycvuk6ti
41.0,13.0,21.0,3.0,0.0,0.0,5.0,12.0,0.0,0.0,0.0,1.0,0.0,0.0,1.0,4.2994,0.0,0.0,0.2927,0.0,0.0,0.0,3.0,1,http://194.184.34.95/login/microsoft/71ng
46.0,27.0,11.0,2.0,2.0,0.0,3.0,0.0,0.0,0.0,0.0,0.0,0.0,1.0,1.0,4.301,0.0,0.0,0.0,0.0,1.0,0.0,1.0,1,https://wellsfargo-unlock-xohlz.com/unlock.php
57.0,21.0,14.0,1.0,1.0,0.0,4.0,2.0,2.0,0.0,1.0,0.0,0.0,1.0,1.0,4.6306,0.0,0.0,0.0351,0.0,1.0,1.0,2.0,1,https://carfc9r2-banking.work/apple/banking?id=hoxghpwbum
38.0,13.0,18.0,3.0,0.0,0.0,5.0,10.0,0.0,0.0,0.0,1.0,0.0,0.0,1.0,4.2711,0.0,0.0,0.2632,0.0,0.0,0.0,3.0,1,http://203.122.12.93/verify/chase/uqel
43.0,10.0,7.0,1.0,0.0,0.0,3.0,0.0,3.0,0.0,1.0,0.0,0.0,1.0,0.0,4.3419,0.0,0.0,0.0,0.0,0.0,0.0,1.0,0,https://medium.com/search?q=python+tutorial
43.0,23.0,12.0,2.0,2.0,0.0,3.0,0.0,0.0,0.0,0.0,0.0,0.0,1.0,1.0,4.1292,0.0,0.0,0.0,0.0,1.0,0.0,1.0,1,https://chase-billing-naekc.com/billing.php
32.0,15.0,9.0,2.0,0.0,0.0,3.0,0.0,0.0,1.0,0.0,0.0,0.0,1.0,0.0,3.7417,0.0,0.0,0.0,0.0,0.0,0.0,1.0,0,https://docs.python.org/products
43.0,10.0,7.0,1.0,0.0,0.0,3.0,0.0,3.0,0.0,1.0,0.0,0.0,1.0,0.0,4.2977,0.0,0.0,0.0,0.0,0.0,0.0,1.0,0,https://reddit.com/search?q=python+tutorial
26.0,11.0,8.0,1.0,0.0,0.0,3.0,3.0,0.0,0.0,0.0,0.0,0.0,0.0,0.0,4.2578,0.0,0.0,0.1154,1.0,0.0,0.0,1.0,1,http://tinyurl.com/fu68b3a
28.0,14.0,6.0,1.0,0.0,0.0,3.0,0.0,0.0,0.0,0.0,0.0,0.0,1.0,0.0,4.0836,0.0,0.0,0.0,0.0,0.0,0.0,1.0,0,https://wellsfargo.com/about
60.0,21.0,18.0,1.0,1.0,0.0,4.0,4.0,2.0,0.0,1.0,0.0,0.0,0.0,1.0,4.5358,0.0,0.0,0.0667,0.0,1.0,1.0,2.0,1,http://tu4i4gr2-invoice.work/microsoft/invoice?id=iqyocf8yql
26.0,11.0,8.0,1.0,0.0,0.0,3.0,3.0,0.0,0.0,0.0,0.0,0.0,0.0,0.0,4.027,0.0,0.0,0.1154,1.0,0.0,0.0,1.0,1,http://tinyurl.com/02up1hl
34.0,9.0,17.0,1.0,0.0,0.0,4.0,0.0,0.0,0.0,0.0,0.0,0.0,1.0,1.0,3.8559,0.0,0.0,0.0,0.0,0.0,0.0,2.0,0,https://apple.com/account/settings
36.0,16.0,12.0,2.0,0.0,0.0,4.0,0.0,0.0,1.0,0.0,0.0,0.0,1.0,0.0,3.8265,0.0,0.0,0.0,0.0,0.0,0.0,2.0,0,https://www.stanford.edu/news/latest
40.0,14.0,19.0,3.0,0.0,0.0,5.0,12.0,0.0,0.0,0.0,1.0,0.0,0.0,1.0,4.2751,0.0,0.0,0.3,0.0,0.0,0.0,3.0,1,http://98.132.251.186/secure/paypal/fvt1
26.0,11.0,8.0,1.0,0.0,0.0,3.0,1.0,0.0,0.0,0.0,0.0,0.0,0.0,0.0,4.056,0.0,0.0,0.0385,1.0,0.0,0.0,1.0,1,http://tinyurl.com/vkul5te
44.0,28.0,8.0,2.0,2.0,0.0,3.0,1.0,0.0,1.0,0.0,0.0,0.0,1.0,1.0,4.1575,0.0,0.0,0.0227,0.0,1.0,1.0,1.0,1,https://apple-recover.mobile-laj3.cf/recover
36.0,14.0,14.0,2.0,0.0,0.0,5.0,1.0,0.0,1.0,0.0,0.0,0.0,1.0,0.0,3.9166,0.0,0.0,0.0278,0.0,0.0,0.0,3.0,0,https://www.amazon.com/api/v1/status
45.0,26.0,11.0,2.0,2.0,0.0,3.0,0.0,0.0,0.0,0.0,0.0,0.0,1.0,1.0,4.1577,0.0,0.0,0.0,0.0,1.0,0.0,1.0,1,https://microsoft-verify-cboed.com/verify.php
35.0,14.0,13.0,1.0,0.0,0.0,4.0,0.0,0.0,0.0,0.0,0.0,0.0,1.0,0.0,3.9789,0.0,0.0,0.0,0.0,0.0,0.0,2.0,0,https://protonmail.com/user/profile
39.0,10.0,21.0,1.0,1.0,0.0,4.0,0.0,0.0,0.0,0.0,0.0,0.0,1.0,0.0,3.9259,0.0,0.0,0.0,0.0,0.0,0.0,2.0,0,https://google.com/docs/getting-started
51.0,35.0,8.0,2.0,2.0,0.0,3.0,1.0,0.0,1.0,0.0,0.0,0.0,1.0,1.0,4.0663,0.0,0.0,0.0196,0.0,1.0,1.0,1.0,1,https://instagram-suspend.session-ow9o.info/suspend
20.0,5.0,8.0,1.0,0.0,0.0,3.0,3.0,0.0,0.0,0.0,0.0,0.0,0.0,0.0,3.8842,0.0,0.0,0.15,1.0,0.0,0.0,1.0,1,http://is.gd/s5b09ec
28.0,14.0,6.0,2.0,0.0,0.0,3.0,0.0,0.0,1.0,0.0,0.0,0.0,1.0,0.0,3.8963,0.0,0.0,0.0,0.0,0.0,0.0,1.0,0,https://www.gitlab.com/about
36.0,11.0,17.0,1.0,0.0,0.0,4.0,0.0,0.0,0.0,0.0,0.0,0.0,1.0,1.0,3.9166,0.0,0.0,0.0,0.0,0.0,0.0,2.0,0,https://shopify.com/account/settings
30.0,14.0,8.0,2.0,0.0,0.0,3.0,0.0,0.0,1.0,0.0,0.0,0.0,1.0,0.0,3.9396,0.0,0.0,0.0,0.0,0.0,0.0,1.0,0,https://www.github.com/pricing
29.0,7.0,14.0,1.0,0.0,0.0,5.0,1.0,0.0,0.0,0.0,0.0,0.0,1.0,0.0,3.6301,0.0,0.0,0.0345,0.0,0.0,0.0,3.0,0,https://irs.gov/api/v1/status
57.0,20.0,15.0,1.0,1.0,0.0,4.0,5.0,2.0,0.0,1.0,0.0,0.0,1.0,1.0,4.5759,0.0,0.0,0.0877,0.0,1.0,1.0,2.0,1,https://ey5jlhbq-password.tk/chase/password?id=ur0h5hk9e4
49.0,34.0,7.0,2.0,2.0,0.0,3.0,0.0,0.0,1.0,0.0,0.0,0.0,1.0,1.0,4.2087,0.0,0.0,0.0,0.0,1.0,1.0,1.0,1,https://coinbase-unlock.support-qpaj.click/unlock
50.0,17.0,7.0,2.0,0.0,0.0,3.0,0.0,3.0,1.0,1.0,0.0,0.0,1.0,0.0,4.4011,0.0,0.0,0.0,0.0,0.0,0.0,1.0,0,https://www.wikipedia.org/search?q=python+tutorial
41.0,13.0,21.0,3.0,0.0,0.0,5.0,12.0,0.0,0.0,0.0,1.0,0.0,0.0,1.0,4.4642,0.0,0.0,0.2927,0.0,0.0,0.0,3.0,1,http://116.254.173.7/signin/facebook/09on
41.0,28.0,6.0,2.0,2.0,0.0,3.0,0.0,0.0,1.0,0.0,0.0,0.0,0.0,1.0,4.1227,0.0,0.0,0.0,0.0,1.0,1.0,1.0,1,http://chase-login.online-yhoc.work/login
25.0,9.0,8.0,1.0,0.0,0.0,3.0,0.0,0.0,0.0,0.0,0.0,0.0,1.0,0.0,3.7835,0.0,0.0,0.0,0.0,0.0,0.0,1.0,0,https://npmjs.com/pricing
32.0,13.0,11.0,2.0,1.0,0.0,3.0,0.0,0.0,1.0,0.0,0.0,0.0,1.0,0.0,3.9917,0.0,0.0,0.0,0.0,0.0,0.0,1.0,0,https://www.figma.com/contact-us
47.0,28.0,12.0,2.0,2.0,0.0,3.0,1.0,0.0,0.0,0.0,0.0,0.0,0.0,1.0,4.2464,0.0,0.0,0.0213,0.0,1.0,0.0,1.0,1,http://wellsfargo-recover-zk0zm.com/recover.php
43.0,25.0,11.0,2.0,2.0,0.0,3.0,1.0,0.0,0.0,0.0,0.0,0.0,0.0,1.0,4.3617,0.0,0.0,0.0233,0.0,1.0,0.0,1.0,1,http://coinbase-verify-0haqs.com/verify.php
38.0,21.0,10.0,2.0,2.0,0.0,3.0,1.0,0.0,0.0,0.0,0.0,0.0,0.0,1.0,4.1685,0.0,0.0,0.0263,0.0,1.0,0.0,1.0,1,http://chase-login-5hjzg.com/login.php
44.0,24.0,12.0,2.0,2.0,0.0,3.0,4.0,0.0,0.0,0.0,0.0,0.0,1.0,1.0,4.1441,0.0,0.0,0.0909,0.0,1.0,0.0,1.0,1,https://paypal-recover-2099m.com/recover.php
41.0,14.0,20.0,3.0,0.0,0.0,5.0,12.0,0.0,0.0,0.0,1.0,0.0,0.0,1.0,4.297,0.0,0.0,0.2927,0.0,0.0,0.0,3.0,1,http://114.154.73.101/invoice/paypal/kd2i
42.0,23.0,12.0,2.0,2.0,0.0,3.0,2.0,0.0,0.0,0.0,0.0,0.0,0.0,1.0,4.044,0.0,0.0,0.0476,0.0,1.0,0.0,1.0,1,http://chase-recover-nn12y.com/recover.php
45.0,26.0,11.0,2.0,2.0,0.0,3.0,3.0,0.0,0.0,0.0,0.0,0.0,1.0,1.0,4.3749,0.0,0.0,0.0667,0.0,1.0,0.0,1.0,1,https://office365-unlock-enrsq.com/unlock.php
33.0,17.0,8.0,2.0,0.0,0.0,4.0,0.0,0.0,1.0,0.0,0.0,0.0,1.0,0.0,3.9455,0.0,0.0,0.0,0.0,0.0,0.0,2.0,0,https://www.wikipedia.org/en/help
40.0,26.0,7.0,2.0,2.0,0.0,3.0,2.0,0.0,1.0,0.0,0.0,0.0,0.0,1.0,3.9685,0.0,0.0,0.05,0.0,1.0,1.0,1.0,1,http://coinbase-signin.id-9o7o.ga/signin
43.0,14.0,22.0,3.0,0.0,0.0,5.0,13.0,0.0,0.0,0.0,1.0,0.0,0.0,1.0,4.5165,0.0,0.0,0.3023,0.0,0.0,0.0,3.0,1,http://245.245.67.148/suspend/facebook/99vu
45.0,13.0,24.0,2.0,1.0,0.0,5.0,4.0,0.0,1.0,0.0,0.0,0.0,1.0,0.0,4.3668,0.0,0.0,0.0889,0.0,0.0,0.0,3.0,0,https://www.chase.com/blog/2024/annual-report
41.0,22.0,11.0,2.0,2.0,0.0,3.0,1.0,0.0,0.0,0.0,0.0,0.0,1.0,1.0,4.0227,0.0,0.0,0.0244,0.0,1.0,0.0,1.0,1,https://apple-secure-d2oic.com/secure.php
29.0,13.0,8.0,1.0,0.0,0.0,3.0,0.0,0.0,0.0,0.0,0.0,0.0,1.0,0.0,3.8313,0.0,0.0,0.0,0.0,0.0,0.0,1.0,0,https://atlassian.com/pricing
30.0,10.0,12.0,1.0,0.0,0.0,4.0,0.0,0.0,0.0,0.0,0.0,0.0,1.0,0.0,3.7614,0.0,0.0,0.0,0.0,0.0,0.0,2.0,0,https://python.org/news/latest
40.0,7.0,7.0,1.0,0.0,0.0,3.0,0.0,3.0,0.0,1.0,0.0,0.0,1.0,0.0,4.2873,0.0,0.0,0.0,0.0,0.0,0.0,1.0,0,https://irs.gov/search?q=python+tutorial
37.0,15.0,14.0,2.0,0.0,0.0,5.0,1.0,0.0,1.0,0.0,0.0,0.0,1.0,0.0,4.0573,0.0,0.0,0.027,0.0,0.0,0.0,3.0,0,https://www.dropbox.com/api/v1/status
44.0,12.0,24.0,1.0,1.0,0.0,5.0,4.0,0.0,0.0,0.0,0.0,0.0,1.0,0.0,4.1701,0.0,0.0,0.0909,0.0,0.0,0.0,3.0,0,https://coursera.org/blog/2024/annual-report
42.0,23.0,12.0,2.0,2.0,0.0,3.0,1.0,0.0,0.0,0.0,0.0,0.0,0.0,1.0,3.9401,0.0,0.0,0.0238,0.0,1.0,0.0,1.0,1,http://apple-account-7quhz.com/account.php
43.0,24.0,12.0,2.0,2.0,0.0,3.0,2.0,0.0,0.0,0.0,0.0,0.0,0.0,1.0,4.1467,0.0,0.0,0.0465,0.0,1.0,0.0,1.0,1,http://google-banking-7pi4b.com/banking.php
33.0,17.0,8.0,1.0,0.0,0.0,3.0,0.0,0.0,0.0,0.0,0.0,0.0,1.0,0.0,3.9752,0.0,0.0,0.0,0.0,0.0,0.0,1.0,0,https://stackoverflow.com/careers
27.0,7.0,12.0,1.0,0.0,0.0,4.0,0.0,0.0,0.0,0.0,0.0,0.0,1.0,0.0,3.7179,0.0,0.0,0.0,0.0,0.0,0.0,2.0,0,https://zoom.us/news/latest
42.0,15.0,20.0,3.0,0.0,0.0,5.0,12.0,0.0,0.0,0.0,1.0,0.0,0.0,1.0,4.2165,0.0,0.0,0.2857,0.0,0.0,0.0,3.0,1,http://194.148.196.170/account/paypal/lcjv
44.0,24.0,12.0,2.0,2.0,0.0,3.0,2.0,0.0,0.0,0.0,0.0,0.0,1.0,1.0,4.0987,0.0,0.0,0.0455,0.0,1.0,0.0,1.0,1,https://amazon-confirm-c5c5u.com/confirm.php
26.0,11.0,8.0,1.0,0.0,0.0,3.0,3.0,0.0,0.0,0.0,0.0,0.0,0.0,0.0,4.2578,0.0,0.0,0.1154,1.0,0.0,0.0,1.0,1,http://tinyurl.com/w328kcv
55.0,18.0,16.0,1.0,1.0,0.0,4.0,4.0,2.0,0.0,1.0,0.0,0.0,0.0,1.0,4.6426,0.0,0.0,0.0727,0.0,1.0,1.0,2.0,1,http://aswniofy-unlock.ga/facebook/unlock?id=338esvys2s
43.0,26.0,9.0,2.0,2.0,0.0,3.0,2.0,0.0,1.0,0.0,0.0,0.0,1.0,1.0,4.2488,0.0,0.0,0.0465,0.0,1.0,1.0,1.0,1,https://amazon-password.id-c21z.gq/password
34.0,13.0,13.0,2.0,0.0,0.0,4.0,0.0,0.0,1.0,0.0,0.0,0.0,1.0,0.0,4.0797,0.0,0.0,0.0,0.0,0.0,0.0,2.0,0,https://www.quora.com/user/profile
41.0,14.0,20.0,3.0,0.0,0.0,5.0,11.0,0.0,0.0,0.0,1.0,0.0,0.0,1.0,4.2874,0.0,0.0,0.2683,0.0,0.0,0.0,3.0,1,http://145.239.119.23/banking/google/hflf
58.0,19.0,17.0,1.0,1.0,0.0,4.0,9.0,2.0,0.0,1.0,0.0,0.0,1.0,1.0,4.7324,0.0,0.0,0.1552,0.0,1.0,1.0,2.0,1,https://8j18085z-invoice.ml/coinbase/invoice?id=tagh7uq98d
28.0,12.0,8.0,1.0,0.0,0.0,3.0,0.0,0.0,0.0,0.0,0.0,0.0,1.0,0.0,3.8154,0.0,0.0,0.0,0.0,0.0,0.0,1.0,0,https://stanford.edu/careers
26.0,11.0,8.0,1.0,0.0,0.0,3.0,1.0,0.0,0.0,0.0,0.0,0.0,0.0,0.0,4.027,0.0,0.0,0.0385,1.0,0.0,0.0,1.0,1,http://tinyurl.com/onziqy1
48.0,33.0,8.0,2.0,2.0,0.0,3.0,1.0,0.0,1.0,0.0,0.0,0.0,0.0,1.0,4.2029,0.0,0.0,0.0208,0.0,1.0,1.0,1.0,1,http://instagram-recover.session-t8lu.tk/recover
42.0,27.0,8.0,2.0,2.0,0.0,3.0,1.0,0.0,1.0,0.0,0.0,0.0,0.0,1.0,4.0823,0.0,0.0,0.0238,0.0,1.0,1.0,1.0,1,http://amazon-invoice.app-3qww.top/invoice
45.0,31.0,7.0,2.0,2.0,0.0,3.0,1.0,0.0,1.0,0.0,0.0,0.0,0.0,1.0,4.1977,0.0,0.0,0.0222,0.0,1.0,1.0,1.0,1,http://microsoft-secure.team-q1tn.work/secure
21.0,6.0,8.0,1.0,0.0,0.0,3.0,3.0,0.0,0.0,0.0,0.0,0.0,0.0,0.0,3.6897,0.0,0.0,0.1429,1.0,0.0,0.0,1.0,1,http://bit.ly/u94yt5s
31.0,15.0,8.0,1.0,0.0,0.0,3.0,0.0,0.0,0.0,0.0,0.0,0.0,1.0,0.0,4.1313,0.0,0.0,0.0,0.0,0.0,0.0,1.0,0,https://khanacademy.org/pricing
43.0,25.0,11.0,2.0,2.0,0.0,3.0,2.0,0.0,0.0,0.0,0.0,0.0,0.0,1.0,4.2398,0.0,0.0,0.0465,0.0,1.0,0.0,1.0,1,http://facebook-signin-3akh0.com/signin.php
41.0,19.0,14.0,2.0,0.0,0.0,5.0,1.0,0.0,1.0,0.0,0.0,0.0,1.0,0.0,4.1203,0.0,0.0,0.0244,0.0,0.0,0.0,3.0,0,https://www.theguardian.com/api/v1/status
47.0,32.0,7.0,2.0,2.0,0.0,3.0,1.0,0.0,1.0,0.0,0.0,0.0,1.0,1.0,4.3414,0.0,0.0,0.0213,0.0,1.0,1.0,1.0,1,https://microsoft-update.gateway-zev7.cf/update
30.0,9.0,13.0,1.0,0.0,0.0,4.0,0.0,0.0,0.0,0.0,0.0,0.0,1.0,0.0,3.9899,0.0,0.0,0.0,0.0,0.0,0.0,2.0,0,https://quora.com/user/profile
29.0,10.0,11.0,1.0,1.0,0.0,3.0,0.0,0.0,0.0,0.0,0.0,0.0,1.0,0.0,3.7883,0.0,0.0,0.0,0.0,0.0,0.0,1.0,0,https://paypal.com/contact-us
21.0,6.0,8.0,1.0,0.0,0.0,3.0,2.0,0.0,0.0,0.0,0.0,0.0,0.0,0.0,3.9395,0.0,0.0,0.0952,1.0,0.0,0.0,1.0,1,http://bit.ly/k4eud1z
42.0,13.0,21.0,1.0,1.0,0.0,4.0,0.0,0.0,0.0,0.0,0.0,0.0,1.0,0.0,3.9541,0.0,0.0,0.0,0.0,0.0,0.0,2.0,0,https://microsoft.com/docs/getting-started
20.0,5.0,8.0,1.0,0.0,0.0,3.0,2.0,0.0,0.0,0.0,0.0,0.0,0.0,0.0,3.8842,0.0,0.0,0.1,1.0,0.0,0.0,1.0,1,http://is.gd/slcr1e4
25.0,9.0,8.0,1.0,0.0,0.0,4.0,0.0,0.0,0.0,0.0,0.0,0.0,1.0,0.0,3.8137,0.0,0.0,0.0,0.0,0.0,0.0,2.0,0,https://adobe.com/en/help
43.0,26.0,10.0,2.0,2.0,0.0,3.0,1.0,0.0,0.0,0.0,0.0,0.0,0.0,1.0,4.3503,0.0,0.0,0.0233,0.0,1.0,0.0,1.0,1,http://wellsfargo-login-qksq0.com/login.php
36.0,7.0,21.0,1.0,1.0,0.0,4.0,0.0,0.0,0.0,0.0,0.0,0.0,1.0,0.0,3.9404,0.0,0.0,0.0,0.0,0.0,0.0,2.0,0,https://usa.gov/docs/getting-started
43.0,29.0,7.0,2.0,2.0,0.0,3.0,2.0,0.0,1.0,0.0,0.0,0.0,0.0,1.0,4.2778,0.0,0.0,0.0465,0.0,1.0,1.0,1.0,1,http://facebook-verify.app-9wf4.info/verify
21.0,6.0,8.0,1.0,0.0,0.0,3.0,3.0,0.0,0.0,0.0,0.0,0.0,0.0,0.0,3.749,0.0,0.0,0.1429,1.0,0.0,0.0,1.0,1,http://bit.ly/8lr8qw7
27.0,19.0,0.0,2.0,0.0,0.0,2.0,0.0,0.0,1.0,0.0,0.0,0.0,1.0,0.0,4.1064,0.0,0.0,0.0,0.0,0.0,0.0,0.0,0,https://www.khanacademy.org
41.0,14.0,20.0,3.0,0.0,0.0,5.0,14.0,0.0,0.0,0.0,1.0,0.0,0.0,1.0,4.3482,0.0,0.0,0.3415,0.0,0.0,0.0,3.0,1,http://198.238.156.55/secure/netflix/146x
26.0,11.0,8.0,1.0,0.0,0.0,3.0,3.0,0.0,0.0,0.0,0.0,0.0,0.0,0.0,4.2578,0.0,0.0,0.1154,1.0,0.0,0.0,1.0,1,http://tinyurl.com/qkf8j84
55.0,19.0,14.0,1.0,1.0,0.0,4.0,6.0,2.0,0.0,1.0,0.0,0.0,1.0,1.0,4.7536,0.0,0.0,0.1091,0.0,1.0,1.0,2.0,1,https://ruxgu688-banking.cf/chase/banking?id=zoz53s2klz
57.0,20.0,15.0,1.0,1.0,0.0,4.0,1.0,2.0,0.0,1.0,0.0,0.0,1.0,1.0,4.3349,0.0,0.0,0.0175,0.0,1.0,1.0,2.0,1,https://5ahzmqil-suspend.top/google/suspend?id=hpicopcezi
45.0,24.0,13.0,2.0,2.0,0.0,3.0,2.0,0.0,0.0,0.0,0.0,0.0,1.0,1.0,4.0498,0.0,0.0,0.0444,0.0,1.0,0.0,1.0,1,https://chase-password-j2c6m.com/password.php
24.0,15.0,1.0,1.0,0.0,0.0,3.0,0.0,0.0,0.0,0.0,0.0,0.0,1.0,0.0,4.0221,0.0,0.0,0.0,0.0,0.0,0.0,0.0,0,https://khanacademy.org/
44.0,25.0,12.0,2.0,2.0,0.0,3.0,1.0,0.0,0.0,0.0,0.0,0.0,0.0,1.0,4.0157,0.0,0.0,0.0227,0.0,1.0,0.0,1.0,1,http://netflix-billing-iup8i.com/billing.php
26.0,17.0,1.0,2.0,0.0,0.0,3.0,0.0,0.0,1.0,0.0,0.0,0.0,1.0,0.0,3.7193,0.0,0.0,0.0,0.0,0.0,0.0,0.0,0,https://www.pinterest.com/
26.0,10.0,8.0,1.0,0.0,0.0,3.0,0.0,0.0,0.0,0.0,0.0,0.0,1.0,0.0,3.9501,0.0,0.0,0.0,0.0,0.0,0.0,1.0,0,https://gitlab.com/careers
41.0,12.0,21.0,1.0,1.0,0.0,4.0,0.0,0.0,0.0,0.0,0.0,0.0,1.0,0.0,4.0579,0.0,0.0,0.0,0.0,0.0,0.0,2.0,0,https://linkedin.com/docs/getting-started
33.0,17.0,8.0,2.0,0.0,0.0,3.0,0.0,0.0,1.0,0.0,0.0,0.0,1.0,0.0,3.9226,0.0,0.0,0.0,0.0,0.0,0.0,1.0,0,https://www.wikipedia.org/careers
46.0,13.0,7.0,2.0,0.0,0.0,3.0,0.0,3.0,1.0,1.0,0.0,0.0,1.0,0.0,4.2028,0.0,0.0,0.0,0.0,0.0,0.0,1.0,0,https://www.twitch.tv/search?q=python+tutorial
38.0,13.0,17.0,1.0,0.0,0.0,4.0,0.0,0.0,0.0,0.0,0.0,0.0,1.0,1.0,4.0278,0.0,0.0,0.0,0.0,0.0,0.0,2.0,0,https://wikipedia.org/account/settings
29.0,10.0,11.0,1.0,1.0,0.0,3.0,0.0,0.0,0.0,0.0,0.0,0.0,1.0,0.0,3.8833,0.0,0.0,0.0,0.0,0.0,0.0,1.0,0,https://medium.com/contact-us
25.0,9.0,8.0,1.0,0.0,0.0,4.0,0.0,0.0,0.0,0.0,0.0,0.0,1.0,0.0,3.5093,0.0,0.0,0.0,0.0,0.0,0.0,2.0,0,https://twitch.tv/en/help
29.0,13.0,8.0,1.0,0.0,0.0,3.0,0.0,0.0,0.0,0.0,0.0,0.0,1.0,0.0,3.9263,0.0,0.0,0.0,0.0,0.0,0.0,1.0,0,https://wikipedia.org/careers
26.0,11.0,8.0,1.0,0.0,0.0,3.0,3.0,0.0,0.0,0.0,0.0,0.0,0.0,0.0,4.1329,0.0,0.0,0.1154,1.0,0.0,0.0,1.0,1,http://tinyurl.com/jt27sh3
45.0,16.0,21.0,2.0,1.0,0.0,4.0,0.0,0.0,1.0,0.0,0.0,0.0,1.0,0.0,4.0134,0.0,0.0,0.0,0.0,0.0,0.0,2.0,0,https://www.coursera.org/docs/getting-started
46.0,14.0,24.0,1.0,1.0,0.0,5.0,4.0,0.0,0.0,0.0,0.0,0.0,1.0,0.0,4.2411,0.0,0.0,0.087,0.0,0.0,0.0,3.0,0,https://protonmail.com/blog/2024/annual-report
53.0,18.0,14.0,1.0,1.0,0.0,4.0,7.0,2.0,0.0,1.0,0.0,0.0,0.0,1.0,4.3765,0.0,0.0,0.1321,0.0,1.0,1.0,2.0,1,http://pt9a72mv-update.tk/amazon/update?id=tp497i0cno
41.0,14.0,20.0,3.0,0.0,0.0,5.0,11.0,0.0,0.0,0.0,1.0,0.0,0.0,1.0,4.3546,0.0,0.0,0.2683,0.0,0.0,0.0,3.0,1,http://53.147.164.157/suspend/google/acyn
41.0,12.0,22.0,3.0,0.0,0.0,5.0,10.0,0.0,0.0,0.0,1.0,0.0,0.0,1.0,4.2874,0.0,0.0,0.2439,0.0,0.0,0.0,3.0,1,http://206.207.4.42/suspend/coinbase/ui6y
42.0,13.0,22.0,3.0,0.0,0.0,5.0,12.0,0.0,0.0,0.0,1.0,0.0,0.0,1.0,4.3836,0.0,0.0,0.2857,0.0,0.0,0.0,3.0,1,http://141.182.1.240/update/microsoft/w9k0
33.0,17.0,8.0,1.0,0.0,0.0,4.0,0.0,0.0,0.0,0.0,0.0,0.0,1.0,0.0,4.0667,0.0,0.0,0.0,0.0,0.0,0.0,2.0,0,https://stackoverflow.com/en/help
55.0,19.0,14.0,1.0,1.0,0.0,4.0,5.0,2.0,0.0,1.0,0.0,0.0,1.0,1.0,4.7362,0.0,0.0,0.0909,0.0,1.0,1.0,2.0,1,https://gjbgvd3f-unlock.xyz/google/unlock?id=m6c02gpd3o
47.0,32.0,7.0,2.0,2.0,0.0,3.0,0.0,0.0,1.0,0.0,0.0,0.0,1.0,1.0,3.9316,0.0,0.0,0.0,0.0,1.0,1.0,1.0,1,https://google-signin.session-bjvs.click/signin
42.0,13.0,21.0,2.0,1.0,0.0,4.0,0.0,0.0,1.0,0.0,0.0,0.0,1.0,0.0,3.8885,0.0,0.0,0.0,0.0,0.0,0.0,2.0,0,https://www.notion.so/docs/getting-started
20.0,5.0,8.0,1.0,0.0,0.0,3.0,1.0,0.0,0.0,0.0,0.0,0.0,0.0,0.0,3.8842,0.0,0.0,0.05,1.0,0.0,0.0,1.0,1,http://is.gd/8oiebkf
30.0,13.0,9.0,1.0,0.0,0.0,3.0,0.0,0.0,0.0,0.0,0.0,0.0,1.0,0.0,3.6981,0.0,0.0,0.0,0.0,0.0,0.0,1.0,0,https://microsoft.com/products
32.0,16.0,8.0,2.0,0.0,0.0,3.0,0.0,0.0,1.0,0.0,0.0,0.0,1.0,0.0,4.0542,0.0,0.0,0.0,0.0,0.0,0.0,1.0,0,https://www.linkedin.com/pricing
57.0,19.0,17.0,1.0,1.0,0.0,4.0,4.0,2.0,0.0,1.0,0.0,0.0,0.0,1.0,4.4821,0.0,0.0,0.0702,0.0,1.0,1.0,2.0,1,http://yn8bkfr5-banking.cf/facebook/banking?id=hgp0op3klo
44.0,29.0,7.0,2.0,2.0,0.0,3.0,1.0,0.0,1.0,0.0,0.0,0.0,1.0,1.0,4.036,0.0,0.0,0.0227,0.0,1.0,1.0,1.0,1,https://chase-wallet.gateway-da1k.xyz/wallet
44.0,26.0,11.0,2.0,2.0,0.0,3.0,3.0,0.0,0.0,0.0,0.0,0.0,0.0,1.0,4.3885,0.0,0.0,0.0682,0.0,1.0,0.0,1.0,1,http://office365-unlock-qvcjw.com/unlock.php
26.0,9.0,9.0,1.0,0.0,0.0,3.0,0.0,0.0,0.0,0.0,0.0,0.0,1.0,0.0,3.7672,0.0,0.0,0.0,0.0,0.0,0.0,1.0,0,https://quora.com/products
50.0,33.0,9.0,2.0,2.0,0.0,3.0,0.0,0.0,1.0,0.0,0.0,0.0,1.0,1.0,4.3104,0.0,0.0,0.0,0.0,1.0,1.0,1.0,1,https://netflix-password.service-vlst.xyz/password
41.0,14.0,20.0,3.0,0.0,0.0,5.0,13.0,0.0,0.0,0.0,1.0,0.0,0.0,1.0,4.2178,0.0,0.0,0.3171,0.0,0.0,0.0,3.0,1,http://46.119.121.169/invoice/google/y7x4
44.0,24.0,12.0,2.0,2.0,0.0,3.0,2.0,0.0,0.0,0.0,0.0,0.0,1.0,1.0,4.1896,0.0,0.0,0.0455,0.0,1.0,0.0,1.0,1,https://paypal-invoice-9o2tr.com/invoice.php
26.0,11.0,8.0,1.0,0.0,0.0,3.0,1.0,0.0,0.0,0.0,0.0,0.0,0.0,0.0,4.056,0.0,0.0,0.0385,1.0,0.0,0.0,1.0,1,http://tinyurl.com/atf9axi
21.0,6.0,8.0,1.0,0.0,0.0,3.0,3.0,0.0,0.0,0.0,0.0,0.0,0.0,0.0,3.8442,0.0,0.0,0.1429,1.0,0.0,0.0,1.0,1,http://bit.ly/65rml0c
42.0,12.0,23.0,3.0,0.0,0.0,5.0,11.0,0.0,0.0,0.0,1.0,0.0,0.0,1.0,4.3773,0.0,0.0,0.2619,0.0,0.0,0.0,3.0,1,http://16.45.12.205/invoice/microsoft/vd88
20.0,5.0,8.0,1.0,0.0,0.0,3.0,1.0,0.0,0.0,0.0,0.0,0.0,0.0,0.0,3.9842,0.0,0.0,0.05,1.0,0.0,0.0,1.0,1,http://is.gd/ulakq0f
47.0,27.0,12.0,2.0,2.0,0.0,3.0,2.0,0.0,0.0,0.0,0.0,0.0,1.0,1.0,4.1209,0.0,0.0,0.0426,0.0,1.0,0.0,1.0,1,https://microsoft-invoice-0orl2.com/invoice.php
40.0,22.0,11.0,2.0,2.0,0.0,3.0,0.0,0.0,0.0,0.0,0.0,0.0,0.0,1.0,4.0464,0.0,0.0,0.0,0.0,1.0,0.0,1.0,1,http://chase-signin-brjgs.com/signin.php
40.0,7.0,7.0,1.0,0.0,0.0,3.0,0.0,3.0,0.0,1.0,0.0,0.0,1.0,0.0,4.3562,0.0,0.0,0.0,0.0,0.0,0.0,1.0,0,https://wsj.com/search?q=python+tutorial
21.0,6.0,8.0,1.0,0.0,0.0,3.0,1.0,0.0,0.0,0.0,0.0,0.0,0.0,0.0,3.8442,0.0,0.0,0.0476,1.0,0.0,0.0,1.0,1,http://bit.ly/akekm5j
25.0,9.0,8.0,1.0,0.0,0.0,3.0,0.0,0.0,0.0,0.0,0.0,0.0,1.0,0.0,3.6431,0.0,0.0,0.0,0.0,0.0,0.0,1.0,0,https://notion.so/careers
19.0,10.0,1.0,1.0,0.0,0.0,3.0,0.0,0.0,0.0,0.0,0.0,0.0,1.0,0.0,3.7474,0.0,0.0,0.0,0.0,0.0,0.0,0.0,0,https://gitlab.com/
47.0,30.0,9.0,2.0,2.0,0.0,3.0,1.0,0.0,1.0,0.0,0.0,0.0,1.0,1.0,4.1013,0.0,0.0,0.0213,0.0,1.0,1.0,1.0,1,https://chase-password.session-9fjc.tk/password
42.0,23.0,12.0,2.0,2.0,0.0,3.0,3.0,0.0,0.0,0.0,0.0,0.0,0.0,1.0,4.2048,0.0,0.0,0.0714,0.0,1.0,0.0,1.0,1,http://apple-banking-511gq.com/banking.php
20.0,5.0,8.0,1.0,0.0,0.0,3.0,1.0,0.0,0.0,0.0,0.0,0.0,0.0,0.0,3.6842,0.0,0.0,0.05,1.0,0.0,0.0,1.0,1,http://is.gd/1kkrsxh
44.0,11.0,7.0,1.0,0.0,0.0,3.0,0.0,3.0,0.0,1.0,0.0,0.0,1.0,0.0,4.3736,0.0,0.0,0.0,0.0,0.0,0.0,1.0,0,https://netflix.com/search?q=python+tutorial
20.0,5.0,8.0,1.0,0.0,0.0,3.0,1.0,0.0,0.0,0.0,0.0,0.0,0.0,0.0,3.7464,0.0,0.0,0.05,1.0,0.0,0.0,1.0,1,http://is.gd/sjtkxn0
40.0,14.0,19.0,3.0,0.0,0.0,5.0,12.0,0.0,0.0,0.0,1.0,0.0,0.0,1.0,4.1185,0.0,0.0,0.3,0.0,0.0,0.0,3.0,1,http://209.40.209.113/wallet/paypal/8ebx
29.0,10.0,11.0,1.0,1.0,0.0,3.0,0.0,0.0,0.0,0.0,0.0,0.0,1.0,0.0,3.9228,0.0,0.0,0.0,0.0,0.0,0.0,1.0,0,https://gitlab.com/contact-us
57.0,20.0,15.0,1.0,1.0,0.0,4.0,7.0,2.0,0.0,1.0,0.0,0.0,1.0,1.0,4.5229,0.0,0.0,0.1228,0.0,1.0,1.0,2.0,1,https://o20oi8p0-invoice.xyz/google/invoice?id=iqsvuhf006
56.0,18.0,16.0,1.0,1.0,0.0,4.0,5.0,2.0,0.0,1.0,0.0,0.0,1.0,1.0,4.6995,0.0,0.0,0.0893,0.0,1.0,1.0,2.0,1,https://o6fh9b9h-update.gq/facebook/update?id=9yww7nssvz
46.0,15.0,24.0,3.0,0.0,0.0,5.0,15.0,0.0,0.0,0.0,1.0,0.0,0.0,1.0,4.6297,0.0,0.0,0.3261,0.0,0.0,0.0,3.0,1,http://209.173.193.228/banking/wellsfargo/580x
44.0,24.0,12.0,2.0,2.0,0.0,3.0,1.0,0.0,0.0,0.0,0.0,0.0,1.0,1.0,4.0704,0.0,0.0,0.0227,0.0,1.0,0.0,1.0,1,https://paypal-invoice-c6see.com/invoice.php
24.0,16.0,0.0,2.0,0.0,0.0,2.0,0.0,0.0,1.0,0.0,0.0,0.0,1.0,0.0,3.9702,0.0,0.0,0.0,0.0,0.0,0.0,0.0,0,https://www.linkedin.com
38.0,9.0,21.0,1.0,1.0,0.0,4.0,0.0,0.0,0.0,0.0,0.0,0.0,1.0,0.0,3.9907,0.0,0.0,0.0,0.0,0.0,0.0,2.0,0,https://apple.com/docs/getting-started
43.0,10.0,7.0,1.0,0.0,0.0,3.0,0.0,3.0,0.0,1.0,0.0,0.0,1.0,0.0,4.3328,0.0,0.0,0.0,0.0,0.0,0.0,1.0,0,https://github.com/search?q=python+tutorial
39.0,11.0,21.0,3.0,0.0,0.0,5.0,9.0,0.0,0.0,0.0,1.0,0.0,0.0,1.0,4.1411,0.0,0.0,0.2308,0.0,0.0,0.0,3.0,1,http://131.1.89.89/password/paypal/8fgu
21.0,6.0,8.0,1.0,0.0,0.0,3.0,5.0,0.0,0.0,0.0,0.0,0.0,0.0,0.0,3.8442,0.0,0.0,0.2381,1.0,0.0,0.0,1.0,1,http://bit.ly/7164d0b
26.0,12.0,6.0,1.0,0.0,0.0,3.0,0.0,0.0,0.0,0.0,0.0,0.0,1.0,0.0,3.7381,0.0,0.0,0.0,0.0,0.0,0.0,1.0,0,https://coursera.org/about
37.0,12.0,18.0,3.0,0.0,0.0,5.0,10.0,0.0,0.0,0.0,1.0,0.0,0.0,1.0,4.1858,0.0,0.0,0.2703,0.0,0.0,0.0,3.0,1,http://57.50.32.136/signin/apple/n0fe
31.0,11.0,12.0,1.0,0.0,0.0,4.0,0.0,0.0,0.0,0.0,0.0,0.0,1.0,0.0,3.9219,0.0,0.0,0.0,0.0,0.0,0.0,2.0,0,https://shopify.com/news/latest
56.0,18.0,17.0,1.0,1.0,0.0,4.0,10.0,2.0,0.0,1.0,0.0,0.0,0.0,1.0,4.7087,0.0,0.0,0.1786,0.0,1.0,1.0,2.0,1,http://k154ofli-signin.cf/instagram/signin?id=2yb3v78480
31.0,12.0,11.0,1.0,1.0,0.0,3.0,0.0,0.0,0.0,0.0,0.0,0.0,1.0,0.0,4.0424,0.0,0.0,0.0,0.0,0.0,0.0,1.0,0,https://linkedin.com/contact-us
43.0,14.0,22.0,3.0,0.0,0.0,5.0,13.0,0.0,0.0,0.0,1.0,0.0,0.0,1.0,4.3129,0.0,0.0,0.3023,0.0,0.0,0.0,3.0,1,http://224.113.18.216/suspend/coinbase/p7s9
42.0,12.0,23.0,3.0,0.0,0.0,5.0,10.0,0.0,0.0,0.0,1.0,0.0,0.0,1.0,4.3117,0.0,0.0,0.2381,0.0,0.0,0.0,3.0,1,http://33.223.9.214/suspend/instagram/1bke
35.0,14.0,13.0,2.0,0.0,0.0,4.0,0.0,0.0,1.0,0.0,0.0,0.0,1.0,0.0,4.0144,0.0,0.0,0.0,0.0,0.0,0.0,2.0,0,https://www.reddit.com/user/profile
54.0,19.0,14.0,1.0,1.0,0.0,4.0,2.0,2.0,0.0,1.0,0.0,0.0,0.0,1.0,4.4024,0.0,0.0,0.037,0.0,1.0,1.0,2.0,1,http://slhj1jle-suspend.ga/chase/suspend?id=mlbtecskq8
26.0,11.0,8.0,1.0,0.0,0.0,3.0,4.0,0.0,0.0,0.0,0.0,0.0,0.0,0.0,4.1039,0.0,0.0,0.1538,1.0,0.0,0.0,1.0,1,http://tinyurl.com/p5z11c7
36.0,11.0,17.0,2.0,0.0,0.0,4.0,0.0,0.0,1.0,0.0,0.0,0.0,1.0,1.0,3.882,0.0,0.0,0.0,0.0,0.0,0.0,2.0,0,https://www.wsj.com/account/settings
42.0,23.0,12.0,2.0,2.0,0.0,3.0,1.0,0.0,0.0,0.0,0.0,0.0,0.0,1.0,3.9667,0.0,0.0,0.0238,0.0,1.0,0.0,1.0,1,http://chase-recover-ylh9m.com/recover.php
45.0,15.0,23.0,3.0,0.0,0.0,5.0,16.0,0.0,0.0,0.0,1.0,0.0,0.0,1.0,4.409,0.0,0.0,0.3556,0.0,0.0,0.0,3.0,1,http://109.145.101.196/banking/office365/0azd
42.0,23.0,11.0,2.0,2.0,0.0,3.0,3.0,0.0,0.0,0.0,0.0,0.0,1.0,1.0,4.2165,0.0,0.0,0.0714,0.0,1.0,0.0,1.0,1,https://google-unlock-4q6h3.com/unlock.php
48.0,19.0,21.0,2.0,1.0,0.0,4.0,0.0,0.0,1.0,0.0,0.0,0.0,1.0,0.0,4.1229,0.0,0.0,0.0,0.0,0.0,0.0,2.0,0,https://www.theguardian.com/docs/getting-started
43.0,28.0,7.0,2.0,2.0,0.0,3.0,2.0,0.0,1.0,0.0,0.0,0.0,1.0,1.0,4.1734,0.0,0.0,0.0465,0.0,1.0,1.0,1.0,1,https://coinbase-wallet.web-x6k1.top/wallet
26.0,11.0,8.0,1.0,0.0,0.0,3.0,2.0,0.0,0.0,0.0,0.0,0.0,0.0,0.0,4.1518,0.0,0.0,0.0769,1.0,0.0,0.0,1.0,1,http://tinyurl.com/obzo2x4
39.0,14.0,18.0,3.0,0.0,0.0,5.0,12.0,0.0,0.0,0.0,1.0,0.0,0.0,1.0,4.2436,0.0,0.0,0.3077,0.0,0.0,0.0,3.0,1,http://186.166.202.32/signin/apple/xu0y
21.0,6.0,8.0,1.0,0.0,0.0,3.0,2.0,0.0,0.0,0.0,0.0,0.0,0.0,0.0,3.9395,0.0,0.0,0.0952,1.0,0.0,0.0,1.0,1,http://bit.ly/enjq1w6
21.0,6.0,8.0,1.0,0.0,0.0,3.0,2.0,0.0,0.0,0.0,0.0,0.0,0.0,0.0,3.9395,0.0,0.0,0.0952,1.0,0.0,0.0,1.0,1,http://bit.ly/gdvr8x2
45.0,24.0,13.0,2.0,2.0,0.0,3.0,1.0,0.0,0.0,0.0,0.0,0.0,1.0,1.0,4.0942,0.0,0.0,0.0222,0.0,1.0,0.0,1.0,1,https://chase-password-xyzt2.com/password.php
42.0,23.0,11.0,2.0,2.0,0.0,3.0,3.0,0.0,0.0,0.0,0.0,0.0,1.0,1.0,4.1548,0.0,0.0,0.0714,0.0,1.0,0.0,1.0,1,https://amazon-update-bt675.com/update.php
39.0,10.0,21.0,1.0,1.0,0.0,4.0,0.0,0.0,0.0,0.0,0.0,0.0,1.0,0.0,3.9898,0.0,0.0,0.0,0.0,0.0,0.0,2.0,0,https://medium.com/docs/getting-started
54.0,18.0,14.0,1.0,1.0,0.0,4.0,4.0,2.0,0.0,1.0,0.0,0.0,1.0,1.0,4.354,0.0,0.0,0.0741,0.0,1.0,1.0,2.0,1,https://hsdq8mpk-update.ga/google/update?id=0htutnd20o
40.0,22.0,11.0,2.0,2.0,0.0,3.0,2.0,0.0,0.0,0.0,0.0,0.0,0.0,1.0,3.9873,0.0,0.0,0.05,0.0,1.0,0.0,1.0,1,http://chase-update-us79v.com/update.php
30.0,14.0,8.0,1.0,0.0,0.0,3.0,0.0,0.0,0.0,0.0,0.0,0.0,1.0,0.0,3.6981,0.0,0.0,0.0,0.0,0.0,0.0,1.0,0,https://salesforce.com/careers
26.0,10.0,8.0,1.0,0.0,0.0,3.0,0.0,0.0,0.0,0.0,0.0,0.0,1.0,0.0,3.8441,0.0,0.0,0.0,0.0,0.0,0.0,1.0,0,https://google.com/pricing
15.0,7.0,0.0,1.0,0.0,0.0,2.0,0.0,0.0,0.0,0.0,0.0,0.0,1.0,0.0,3.3736,0.0,0.0,0.0,0.0,0.0,0.0,0.0,0,https://npr.org
57.0,19.0,17.0,1.0,1.0,0.0,4.0,5.0,2.0,0.0,1.0,0.0,0.0,0.0,1.0,4.5673,0.0,0.0,0.0877,0.0,1.0,1.0,2.0,1,http://m2jdruez-recover.ga/coinbase/recover?id=5z2azm0oi7
22.0,13.0,1.0,1.0,0.0,0.0,3.0,0.0,0.0,0.0,0.0,0.0,0.0,1.0,0.0,3.6069,0.0,0.0,0.0,0.0,0.0,0.0,0.0,0,https://pinterest.com/
33.0,13.0,12.0,1.0,0.0,0.0,4.0,0.0,0.0,0.0,0.0,0.0,0.0,1.0,0.0,3.9455,0.0,0.0,0.0,0.0,0.0,0.0,2.0,0,https://wikipedia.org/news/latest
27.0,7.0,12.0,1.0,0.0,0.0,4.0,0.0,0.0,0.0,0.0,0.0,0.0,1.0,0.0,3.6899,0.0,0.0,0.0,0.0,0.0,0.0,2.0,0,https://npr.org/news/latest
44.0,25.0,12.0,2.0,2.0,0.0,3.0,1.0,0.0,0.0,0.0,0.0,0.0,0.0,1.0,4.1492,0.0,0.0,0.0227,0.0,1.0,0.0,1.0,1,http://netflix-confirm-zoov7.com/confirm.php
44.0,25.0,12.0,2.0,2.0,0.0,3.0,3.0,0.0,0.0,0.0,0.0,0.0,0.0,1.0,4.2096,0.0,0.0,0.0682,0.0,1.0,0.0,1.0,1,http://netflix-recover-163qr.com/recover.php
34.0,14.0,12.0,2.0,0.0,0.0,4.0,0.0,0.0,1.0,0.0,0.0,0.0,1.0,0.0,3.9032,0.0,0.0,0.0,0.0,0.0,0.0,2.0,0,https://www.medium.com/news/latest
61.0,21.0,19.0,1.0,1.0,0.0,4.0,4.0,2.0,0.0,1.0,0.0,0.0,0.0,1.0,4.6234,0.0,0.0,0.0656,0.0,1.0,1.0,2.0,1,http://j2og6z9n-banking.info/wellsfargo/banking?id=cifv9xtkoo
29.0,8.0,13.0,1.0,0.0,0.0,4.0,0.0,0.0,0.0,0.0,0.0,0.0,1.0,0.0,3.8833,0.0,0.0,0.0,0.0,0.0,0.0,2.0,0,https://etsy.com/user/profile
51.0,19.0,24.0,3.0,1.0,0.0,5.0,4.0,0.0,2.0,0.0,0.0,0.0,1.0,0.0,4.3588,0.0,0.0,0.0784,0.0,0.0,0.0,3.0,0,https://www.docs.python.org/blog/2024/annual-report
26.0,10.0,8.0,1.0,0.0,0.0,3.0,0.0,0.0,0.0,0.0,0.0,0.0,1.0,0.0,3.8441,0.0,0.0,0.0,0.0,0.0,0.0,1.0,0,https://medium.com/careers
35.0,14.0,13.0,2.0,0.0,0.0,4.0,0.0,0.0,1.0,0.0,0.0,0.0,1.0,0.0,4.036,0.0,0.0,0.0,0.0,0.0,0.0,2.0,0,https://www.medium.com/user/profile
43.0,13.0,23.0,3.0,0.0,0.0,5.0,10.0,0.0,0.0,0.0,1.0,0.0,0.0,1.0,4.499,0.0,0.0,0.2326,0.0,0.0,0.0,3.0,1,http://152.174.60.46/invoice/instagram/dvxp
43.0,14.0,21.0,2.0,1.0,0.0,4.0,0.0,0.0,1.0,0.0,0.0,0.0,1.0,0.0,3.9864,0.0,0.0,0.0,0.0,0.0,0.0,2.0,0,https://www.reddit.com/docs/getting-started
26.0,18.0,0.0,2.0,0.0,0.0,2.0,0.0,0.0,1.0,0.0,0.0,0.0,1.0,0.0,3.8731,0.0,0.0,0.0,0.0,0.0,0.0,0.0,0,https://www.salesforce.com
41.0,12.0,22.0,3.0,0.0,0.0,5.0,10.0,0.0,0.0,0.0,1.0,0.0,0.0,1.0,4.501,0.0,0.0,0.2439,0.0,0.0,0.0,3.0,1,http://148.26.50.59/update/instagram/lxl7
18.0,9.0,1.0,2.0,0.0,0.0,3.0,0.0,0.0,1.0,0.0,0.0,0.0,1.0,0.0,3.4613,0.0,0.0,0.0,0.0,0.0,0.0,0.0,0,https://bbc.co.uk/
46.0,15.0,24.0,3.0,0.0,0.0,5.0,18.0,0.0,0.0,0.0,1.0,0.0,0.0,1.0,4.4287,0.0,0.0,0.3913,0.0,0.0,0.0,3.0,1,http://132.209.158.187/password/office365/31d3
44.0,24.0,12.0,2.0,2.0,0.0,3.0,0.0,0.0,0.0,0.0,0.0,0.0,1.0,1.0,3.9474,0.0,0.0,0.0,0.0,1.0,0.0,1.0,1,https://paypal-account-prcfx.com/account.php
22.0,13.0,1.0,1.0,0.0,0.0,3.0,0.0,0.0,0.0,0.0,0.0,0.0,1.0,0.0,3.5949,0.0,0.0,0.0,0.0,0.0,0.0,0.0,0,https://atlassian.com/
38.0,13.0,18.0,3.0,0.0,0.0,5.0,10.0,0.0,0.0,0.0,1.0,0.0,0.0,1.0,4.1787,0.0,0.0,0.2632,0.0,0.0,0.0,3.0,1,http://78.42.109.254/wallet/apple/ronw
35.0,19.0,8.0,3.0,0.0,0.0,3.0,0.0,0.0,2.0,0.0,0.0,0.0,1.0,0.0,3.9142,0.0,0.0,0.0,0.0,0.0,0.0,1.0,0,https://www.docs.python.org/pricing
26.0,11.0,8.0,1.0,0.0,0.0,3.0,3.0,0.0,0.0,0.0,0.0,0.0,0.0,0.0,4.027,0.0,0.0,0.1154,1.0,0.0,0.0,1.0,1,http://tinyurl.com/rmb199h
57.0,19.0,17.0,1.0,1.0,0.0,4.0,8.0,2.0,0.0,1.0,0.0,0.0,0.0,1.0,4.7319,0.0,0.0,0.1404,0.0,1.0,1.0,2.0,1,http://xz8iaf4x-confirm.ga/facebook/confirm?id=pa200g71v4
57.0,20.0,16.0,1.0,1.0,0.0,4.0,5.0,2.0,0.0,1.0,0.0,0.0,0.0,1.0,4.7273,0.0,0.0,0.0877,0.0,1.0,1.0,2.0,1,http://77fhqhza-password.tk/google/password?id=bfyjpi5m38
39.0,17.0,14.0,2.0,0.0,0.0,5.0,1.0,0.0,1.0,0.0,0.0,0.0,1.0,0.0,3.9334,0.0,0.0,0.0256,0.0,0.0,0.0,3.0,0,https://www.microsoft.com/api/v1/status
33.0,13.0,12.0,2.0,0.0,0.0,4.0,0.0,0.0,1.0,0.0,0.0,0.0,1.0,0.0,3.9306,0.0,0.0,0.0,0.0,0.0,0.0,2.0,0,https://www.figma.com/news/latest
46.0,31.0,7.0,2.0,2.0,0.0,3.0,3.0,0.0,1.0,0.0,0.0,0.0,1.0,1.0,4.187,0.0,0.0,0.0652,0.0,1.0,1.0,1.0,1,https://coinbase-signin.gateway-p093.tk/signin
21.0,6.0,8.0,1.0,0.0,0.0,3.0,1.0,0.0,0.0,0.0,0.0,0.0,0.0,0.0,3.6178,0.0,0.0,0.0476,1.0,0.0,0.0,1.0,1,http://bit.ly/rbxyyv3
41.0,12.0,21.0,2.0,1.0,0.0,4.0,0.0,0.0,1.0,0.0,0.0,0.0,1.0,0.0,4.1435,0.0,0.0,0.0,0.0,0.0,0.0,2.0,0,https://www.ebay.com/docs/getting-started
26.0,7.0,11.0,1.0,1.0,0.0,3.0,0.0,0.0,0.0,0.0,0.0,0.0,1.0,0.0,3.7193,0.0,0.0,0.0,0.0,0.0,0.0,1.0,0,https://usa.gov/contact-us
45.0,27.0,11.0,2.0,2.0,0.0,3.0,0.0,0.0,0.0,0.0,0.0,0.0,0.0,1.0,4.2058,0.0,0.0,0.0,0.0,1.0,0.0,1.0,1,http://wellsfargo-secure-pjgsx.com/secure.php
44.0,26.0,11.0,2.0,2.0,0.0,3.0,1.0,0.0,0.0,0.0,0.0,0.0,0.0,1.0,4.2484,0.0,0.0,0.0227,0.0,1.0,0.0,1.0,1,http://instagram-secure-wag8l.com/secure.php
39.0,7.0,24.0,1.0,1.0,0.0,5.0,4.0,0.0,0.0,0.0,0.0,0.0,1.0,0.0,4.263,0.0,0.0,0.1026,0.0,0.0,0.0,3.0,0,https://irs.gov/blog/2024/annual-report
29.0,13.0,8.0,2.0,0.0,0.0,4.0,0.0,0.0,1.0,0.0,0.0,0.0,1.0,0.0,4.0044,0.0,0.0,0.0,0.0,0.0,0.0,2.0,0,https://www.figma.com/en/help
32.0,10.0,14.0,1.0,0.0,0.0,5.0,1.0,0.0,0.0,0.0,0.0,0.0,1.0,0.0,3.7897,0.0,0.0,0.0312,0.0,0.0,0.0,3.0,0,https://python.org/api/v1/status
34.0,13.0,13.0,1.0,0.0,0.0,4.0,0.0,0.0,0.0,0.0,0.0,0.0,1.0,0.0,3.8444,0.0,0.0,0.0,0.0,0.0,0.0,2.0,0,https://pinterest.com/user/profile
21.0,6.0,8.0,1.0,0.0,0.0,3.0,0.0,0.0,0.0,0.0,0.0,0.0,0.0,0.0,3.8442,0.0,0.0,0.0,1.0,0.0,0.0,1.0,1,http://bit.ly/jcpkzua
30.0,13.0,9.0,2.0,0.0,0.0,3.0,0.0,0.0,1.0,0.0,0.0,0.0,1.0,0.0,3.6981,0.0,0.0,0.0,0.0,0.0,0.0,1.0,0,https://www.notion.so/products
20.0,5.0,8.0,1.0,0.0,0.0,3.0,1.0,0.0,0.0,0.0,0.0,0.0,0.0,0.0,3.8842,0.0,0.0,0.05,1.0,0.0,0.0,1.0,1,http://is.gd/lasx4ow
27.0,13.0,6.0,2.0,0.0,0.0,3.0,0.0,0.0,1.0,0.0,0.0,0.0,1.0,0.0,3.8282,0.0,0.0,0.0,0.0,0.0,0.0,1.0,0,https://www.adobe.com/about
49.0,34.0,8.0,2.0,2.0,0.0,3.0,1.0,0.0,1.0,0.0,0.0,0.0,0.0,1.0,4.0292,0.0,0.0,0.0204,0.0,1.0,1.0,1.0,1,http://microsoft-invoice.online-yb2n.info/invoice
55.0,20.0,14.0,1.0,1.0,0.0,4.0,6.0,2.0,0.0,1.0,0.0,0.0,0.0,1.0,4.6653,0.0,0.0,0.1091,0.0,1.0,1.0,2.0,1,http://kws8xoyi-signin.work/amazon/signin?id=09cr3lm71r
59.0,19.0,18.0,1.0,1.0,0.0,4.0,6.0,2.0,0.0,1.0,0.0,0.0,1.0,1.0,4.7128,0.0,0.0,0.1017,0.0,1.0,1.0,2.0,1,https://h9j0uno3-invoice.ga/instagram/invoice?id=f3a81tqkzs
25.0,9.0,8.0,2.0,0.0,0.0,3.0,0.0,0.0,1.0,0.0,0.0,0.0,1.0,0.0,3.7835,0.0,0.0,0.0,0.0,0.0,0.0,1.0,0,https://bbc.co.uk/careers
41.0,26.0,8.0,2.0,2.0,0.0,3.0,0.0,0.0,1.0,0.0,0.0,0.0,0.0,1.0,4.1196,0.0,0.0,0.0,0.0,1.0,1.0,1.0,1,http://chase-banking.app-tvyx.top/banking
50.0,21.0,21.0,2.0,1.0,0.0,4.0,0.0,0.0,1.0,0.0,0.0,0.0,1.0,0.0,4.2206,0.0,0.0,0.0,0.0,0.0,0.0,2.0,0,https://www.stackoverflow.com/docs/getting-started
20.0,5.0,8.0,1.0,0.0,0.0,3.0,1.0,0.0,0.0,0.0,0.0,0.0,0.0,0.0,3.5464,0.0,0.0,0.05,1.0,0.0,0.0,1.0,1,http://is.gd/hf8soff
23.0,9.0,6.0,1.0,0.0,0.0,3.0,0.0,0.0,0.0,0.0,0.0,0.0,1.0,0.0,3.7623,0.0,0.0,0.0,0.0,0.0,0.0,1.0,0,https://slack.com/about
27.0,11.0,8.0,1.0,0.0,0.0,3.0,0.0,0.0,0.0,0.0,0.0,0.0,1.0,0.0,4.0043,0.0,0.0,0.0,0.0,0.0,0.0,1.0,0,https://netflix.com/careers
35.0,15.0,12.0,1.0,0.0,0.0,4.0,0.0,0.0,0.0,0.0,0.0,0.0,1.0,0.0,4.0472,0.0,0.0,0.0,0.0,0.0,0.0,2.0,0,https://theguardian.com/news/latest
18.0,10.0,0.0,1.0,0.0,0.0,2.0,0.0,0.0,0.0,0.0,0.0,0.0,1.0,0.0,3.6835,0.0,0.0,0.0,0.0,0.0,0.0,0.0,0,https://reddit.com
59.0,22.0,15.0,1.0,1.0,0.0,4.0,8.0,2.0,0.0,1.0,0.0,0.0,1.0,1.0,4.5988,0.0,0.0,0.1356,0.0,1.0,1.0,2.0,1,https://a1h2m3aq-password.info/apple/password?id=0r5lv646st
33.0,12.0,13.0,2.0,0.0,0.0,4.0,0.0,0.0,1.0,0.0,0.0,0.0,1.0,0.0,4.1502,0.0,0.0,0.0,0.0,0.0,0.0,2.0,0,https://www.ebay.com/user/profile
36.0,7.0,21.0,1.0,1.0,0.0,4.0,0.0,0.0,0.0,0.0,0.0,0.0,1.0,0.0,3.9959,0.0,0.0,0.0,0.0,0.0,0.0,2.0,0,https://zoom.us/docs/getting-started
40.0,14.0,19.0,3.0,0.0,0.0,5.0,11.0,0.0,0.0,0.0,1.0,0.0,0.0,1.0,4.5439,0.0,0.0,0.275,0.0,0.0,0.0,3.0,1,http://211.100.75.243/verify/amazon/ykwx
31.0,11.0,12.0,2.0,0.0,0.0,4.0,0.0,0.0,1.0,0.0,0.0,0.0,1.0,0.0,3.6765,0.0,0.0,0.0,0.0,0.0,0.0,2.0,0,https://www.wsj.com/news/latest
62.0,22.0,19.0,1.0,1.0,0.0,4.0,6.0,2.0,0.0,1.0,0.0,0.0,0.0,1.0,4.5129,0.0,0.0,0.0968,0.0,1.0,1.0,2.0,1,http://vuor1a2t-password.work/instagram/password?id=ib2r4j01te
32.0,13.0,11.0,1.0,1.0,0.0,3.0,0.0,0.0,0.0,0.0,0.0,0.0,1.0,0.0,3.7775,0.0,0.0,0.0,0.0,0.0,0.0,1.0,0,https://microsoft.com/contact-us
56.0,18.0,17.0,1.0,1.0,0.0,4.0,9.0,2.0,0.0,1.0,0.0,0.0,0.0,1.0,4.6955,0.0,0.0,0.1607,0.0,1.0,1.0,2.0,1,http://sxfx348k-signin.cf/office365/signin?id=xx98juw0lz
38.0,12.0,19.0,3.0,0.0,0.0,5.0,9.0,0.0,0.0,0.0,1.0,0.0,0.0,1.0,4.0804,0.0,0.0,0.2368,0.0,0.0,0.0,3.0,1,http://29.185.85.88/signin/google/pzgu
31.0,11.0,12.0,2.0,0.0,0.0,4.0,0.0,0.0,1.0,0.0,0.0,0.0,1.0,0.0,3.7284,0.0,0.0,0.0,0.0,0.0,0.0,2.0,0,https://www.zoom.us/news/latest
44.0,15.0,22.0,3.0,0.0,0.0,5.0,14.0,0.0,0.0,0.0,1.0,0.0,0.0,1.0,4.4451,0.0,0.0,0.3182,0.0,0.0,0.0,3.0,1,http://229.247.143.174/recover/coinbase/9lf5
20.0,5.0,8.0,1.0,0.0,0.0,3.0,2.0,0.0,0.0,0.0,0.0,0.0,0.0,0.0,3.8842,0.0,0.0,0.1,1.0,0.0,0.0,1.0,1,http://is.gd/a5n0vgf
60.0,19.0,19.0,1.0,1.0,0.0,4.0,5.0,2.0,0.0,1.0,0.0,0.0,1.0,1.0,4.7314,0.0,0.0,0.0833,0.0,1.0,1.0,2.0,1,https://n2t8tvo6-confirm.ga/wellsfargo/confirm?id=0j8uadwhee
54.0,18.0,14.0,1.0,1.0,0.0,4.0,7.0,2.0,0.0,1.0,0.0,0.0,1.0,1.0,4.6018,0.0,0.0,0.1296,0.0,1.0,1.0,2.0,1,https://yyr91150-secure.tk/amazon/secure?id=du1qkatu1x
30.0,14.0,8.0,1.0,0.0,0.0,3.0,0.0,0.0,0.0,0.0,0.0,0.0,1.0,0.0,3.9396,0.0,0.0,0.0,0.0,0.0,0.0,1.0,0,https://cloudflare.com/careers
47.0,27.0,12.0,2.0,2.0,0.0,3.0,2.0,0.0,0.0,0.0,0.0,0.0,1.0,1.0,4.2911,0.0,0.0,0.0426,0.0,1.0,0.0,1.0,1,https://instagram-recover-1wiz9.com/recover.php
58.0,19.0,18.0,1.0,1.0,0.0,4.0,8.0,2.0,0.0,1.0,0.0,0.0,0.0,1.0,4.7504,0.0,0.0,0.1379,0.0,1.0,1.0,2.0,1,http://z2n3q82h-signin.xyz/wellsfargo/signin?id=r6vvlqv593
30.0,13.0,9.0,1.0,0.0,0.0,3.0,0.0,0.0,0.0,0.0,0.0,0.0,1.0,0.0,3.7777,0.0,0.0,0.0,0.0,0.0,0.0,1.0,0,https://pinterest.com/products
18.0,10.0,0.0,1.0,0.0,0.0,2.0,0.0,0.0,0.0,0.0,0.0,0.0,1.0,0.0,3.5724,0.0,0.0,0.0,0.0,0.0,0.0,0.0,0,https://google.com
25.0,9.0,8.0,1.0,0.0,0.0,3.0,0.0,0.0,0.0,0.0,0.0,0.0,1.0,0.0,3.7835,0.0,0.0,0.0,0.0,0.0,0.0,1.0,0,https://quora.com/careers
43.0,23.0,12.0,2.0,2.0,0.0,3.0,2.0,0.0,0.0,0.0,0.0,0.0,1.0,1.0,3.9461,0.0,0.0,0.0465,0.0,1.0,0.0,1.0,1,https://chase-account-gst89.com/account.php
49.0,33.0,8.0,2.0,2.0,0.0,3.0,2.0,0.0,1.0,0.0,0.0,0.0,1.0,1.0,4.2079,0.0,0.0,0.0408,0.0,1.0,1.0,1.0,1,https://coinbase-suspend.support-c37p.xyz/suspend
21.0,6.0,8.0,1.0,0.0,0.0,3.0,3.0,0.0,0.0,0.0,0.0,0.0,0.0,0.0,3.749,0.0,0.0,0.1429,1.0,0.0,0.0,1.0,1,http://bit.ly/358wyhm
36.0,11.0,17.0,1.0,0.0,0.0,4.0,0.0,0.0,0.0,0.0,0.0,0.0,1.0,1.0,3.8191,0.0,0.0,0.0,0.0,0.0,0.0,2.0,0,https://outlook.com/account/settings
44.0,14.0,23.0,3.0,0.0,0.0,5.0,12.0,0.0,0.0,0.0,1.0,0.0,0.0,1.0,4.4734,0.0,0.0,0.2727,0.0,0.0,0.0,3.0,1,http://128.79.123.231/unlock/wellsfargo/yt8s
58.0,19.0,18.0,1.0,1.0,0.0,4.0,7.0,2.0,0.0,1.0,0.0,0.0,0.0,1.0,4.5491,0.0,0.0,0.1207,0.0,1.0,1.0,2.0,1,http://pd68ep89-billing.cf/microsoft/billing?id=fv78fqqv9i
51.0,17.0,12.0,1.0,1.0,0.0,4.0,5.0,2.0,0.0,1.0,0.0,0.0,1.0,1.0,4.672,0.0,0.0,0.098,0.0,1.0,1.0,2.0,1,https://8fgzasfb-login.ml/apple/login?id=dtkcj7900h
46.0,32.0,7.0,2.0,2.0,0.0,3.0,0.0,0.0,1.0,0.0,0.0,0.0,0.0,1.0,4.2219,0.0,0.0,0.0,0.0,1.0,1.0,1.0,1,http://wellsfargo-update.online-ibtf.ga/update
47.0,28.0,12.0,2.0,2.0,0.0,3.0,0.0,0.0,0.0,0.0,0.0,0.0,0.0,1.0,4.2625,0.0,0.0,0.0,0.0,1.0,0.0,1.0,1,http://wellsfargo-suspend-leakf.com/suspend.php
58.0,20.0,17.0,1.0,1.0,0.0,4.0,9.0,2.0,0.0,1.0,0.0,0.0,0.0,1.0,4.8059,0.0,0.0,0.1552,0.0,1.0,1.0,2.0,1,http://ya8vt8f9-signin.work/office365/signin?id=14qypcdb6r
26.0,11.0,8.0,1.0,0.0,0.0,3.0,2.0,0.0,0.0,0.0,0.0,0.0,0.0,0.0,3.998,0.0,0.0,0.0769,1.0,0.0,0.0,1.0,1,http://tinyurl.com/u0mm3ah
32.0,13.0,11.0,1.0,1.0,0.0,3.0,0.0,0.0,0.0,0.0,0.0,0.0,1.0,0.0,3.8195,0.0,0.0,0.0,0.0,0.0,0.0,1.0,0,https://pinterest.com/contact-us
55.0,18.0,15.0,1.0,1.0,0.0,4.0,7.0,2.0,0.0,1.0,0.0,0.0,1.0,1.0,4.8018,0.0,0.0,0.1273,0.0,1.0,1.0,2.0,1,https://23bjkw10-update.gq/netflix/update?id=bs95py8iyh
44.0,25.0,12.0,2.0,2.0,0.0,3.0,0.0,0.0,0.0,0.0,0.0,0.0,0.0,1.0,4.0129,0.0,0.0,0.0,0.0,1.0,0.0,1.0,1,http://netflix-invoice-mwtmv.com/invoice.php
48.0,34.0,7.0,2.0,2.0,0.0,3.0,2.0,0.0,1.0,0.0,0.0,0.0,0.0,1.0,4.3533,0.0,0.0,0.0417,0.0,1.0,1.0,1.0,1,http://instagram-secure.gateway-yv45.work/secure
42.0,27.0,7.0,2.0,2.0,0.0,3.0,1.0,0.0,1.0,0.0,0.0,0.0,1.0,1.0,3.9784,0.0,0.0,0.0238,0.0,1.0,1.0,1.0,1,https://netflix-signin.user-hi8e.cf/signin
33.0,14.0,11.0,1.0,1.0,0.0,3.0,0.0,0.0,0.0,0.0,0.0,0.0,1.0,0.0,4.0289,0.0,0.0,0.0,0.0,0.0,0.0,1.0,0,https://cloudflare.com/contact-us
48.0,15.0,7.0,1.0,0.0,0.0,3.0,0.0,3.0,0.0,1.0,0.0,0.0,1.0,0.0,4.3874,0.0,0.0,0.0,0.0,0.0,0.0,1.0,0,https://khanacademy.org/search?q=python+tutorial
38.0,18.0,12.0,2.0,0.0,0.0,4.0,0.0,0.0,1.0,0.0,0.0,0.0,1.0,0.0,3.9027,0.0,0.0,0.0,0.0,0.0,0.0,2.0,0,https://www.protonmail.com/news/latest
33.0,13.0,12.0,2.0,0.0,0.0,4.0,0.0,0.0,1.0,0.0,0.0,0.0,1.0,0.0,3.8471,0.0,0.0,0.0,0.0,0.0,0.0,2.0,0,https://www.adobe.com/news/latest
45.0,26.0,12.0,2.0,2.0,0.0,3.0,2.0,0.0,0.0,0.0,0.0,0.0,0.0,1.0,4.3391,0.0,0.0,0.0444,0.0,1.0,0.0,1.0,1,http://facebook-suspend-qbz78.com/suspend.php
52.0,18.0,13.0,1.0,1.0,0.0,4.0,2.0,2.0,0.0,1.0,0.0,0.0,0.0,1.0,4.5251,0.0,0.0,0.0385,0.0,1.0,1.0,2.0,1,http://aavej3vg-unlock.ml/apple/unlock?id=hdimflffa1
30.0,11.0,11.0,1.0,1.0,0.0,3.0,0.0,0.0,0.0,0.0,0.0,0.0,1.0,0.0,3.8444,0.0,0.0,0.0,0.0,0.0,0.0,1.0,0,https://nytimes.com/contact-us
26.0,11.0,8.0,1.0,0.0,0.0,3.0,1.0,0.0,0.0,0.0,0.0,0.0,0.0,0.0,4.027,0.0,0.0,0.0385,1.0,0.0,0.0,1.0,1,http://tinyurl.com/yck7nhb
25.0,11.0,6.0,1.0,0.0,0.0,3.0,0.0,0.0,0.0,0.0,0.0,0.0,1.0,0.0,3.8937,0.0,0.0,0.0,0.0,0.0,0.0,1.0,0,https://nytimes.com/about
20.0,5.0,8.0,1.0,0.0,0.0,3.0,2.0,0.0,0.0,0.0,0.0,0.0,0.0,0.0,3.7464,0.0,0.0,0.1,1.0,0.0,0.0,1.0,1,http://is.gd/h57wkjh
40.0,14.0,19.0,3.0,0.0,0.0,5.0,12.0,0.0,0.0,0.0,1.0,0.0,0.0,1.0,4.1873,0.0,0.0,0.3,0.0,0.0,0.0,3.0,1,http://84.251.199.188/signin/google/0jjt
41.0,9.0,24.0,1.0,1.0,0.0,5.0,4.0,0.0,0.0,0.0,0.0,0.0,1.0,0.0,4.1083,0.0,0.0,0.0976,0.0,0.0,0.0,3.0,0,https://notion.so/blog/2024/annual-report
45.0,24.0,13.0,2.0,2.0,0.0,3.0,0.0,0.0,0.0,0.0,0.0,0.0,1.0,1.0,3.9631,0.0,0.0,0.0,0.0,1.0,0.0,1.0,1,https://chase-password-nmpmk.com/password.php
40.0,13.0,20.0,3.0,0.0,0.0,5.0,11.0,0.0,0.0,0.0,1.0,0.0,0.0,1.0,4.3439,0.0,0.0,0.275,0.0,0.0,0.0,3.0,1,http://136.39.104.97/banking/google/hp0j
38.0,13.0,17.0,2.0,0.0,0.0,4.0,0.0,0.0,1.0,0.0,0.0,0.0,1.0,1.0,3.9752,0.0,0.0,0.0,0.0,0.0,0.0,2.0,0,https://www.slack.com/account/settings
43.0,28.0,8.0,2.0,2.0,0.0,3.0,2.0,0.0,1.0,0.0,0.0,0.0,0.0,1.0,4.2,0.0,0.0,0.0465,0.0,1.0,1.0,1.0,1,http://google-invoice.web-j35k.info/invoice
35.0,10.0,17.0,1.0,0.0,0.0,4.0,0.0,0.0,0.0,0.0,0.0,0.0,1.0,1.0,3.8326,0.0,0.0,0.0,0.0,0.0,0.0,2.0,0,https://amazon.com/account/settings
30.0,10.0,12.0,1.0,0.0,0.0,4.0,0.0,0.0,0.0,0.0,0.0,0.0,1.0,0.0,3.8696,0.0,0.0,0.0,0.0,0.0,0.0,2.0,0,https://reddit.com/news/latest
34.0,13.0,13.0,2.0,0.0,0.0,4.0,0.0,0.0,1.0,0.0,0.0,0.0,1.0,0.0,4.1385,0.0,0.0,0.0,0.0,0.0,0.0,2.0,0,https://www.adobe.com/user/profile
39.0,13.0,19.0,3.0,0.0,0.0,5.0,10.0,0.0,0.0,0.0,1.0,0.0,0.0,1.0,4.1604,0.0,0.0,0.2564,0.0,0.0,0.0,3.0,1,http://110.202.32.27/suspend/chase/jqhk
46.0,13.0,7.0,2.0,0.0,0.0,3.0,0.0,3.0,1.0,1.0,0.0,0.0,1.0,0.0,4.45,0.0,0.0,0.0,0.0,0.0,0.0,1.0,0,https://www.figma.com/search?q=python+tutorial
44.0,30.0,7.0,2.0,2.0,0.0,3.0,1.0,0.0,1.0,0.0,0.0,0.0,0.0,1.0,3.851,0.0,0.0,0.0227,0.0,1.0,1.0,1.0,1,http://apple-wallet.portal-r8ok.click/wallet
56.0,20.0,15.0,1.0,1.0,0.0,4.0,5.0,2.0,0.0,1.0,0.0,0.0,0.0,1.0,4.6638,0.0,0.0,0.0893,0.0,1.0,1.0,2.0,1,http://f6d4r09i-invoice.xyz/amazon/invoice?id=mut0ugcamb
56.0,21.0,14.0,1.0,1.0,0.0,4.0,3.0,2.0,0.0,1.0,0.0,0.0,0.0,1.0,4.7177,0.0,0.0,0.0536,0.0,1.0,1.0,2.0,1,http://dhjp5zme-banking.work/chase/banking?id=43txrkeayl
21.0,13.0,0.0,1.0,0.0,0.0,2.0,0.0,0.0,0.0,0.0,0.0,0.0,1.0,0.0,3.6304,0.0,0.0,0.0,0.0,0.0,0.0,0.0,0,https://pinterest.com
24.0,16.0,0.0,1.0,0.0,0.0,2.0,0.0,0.0,0.0,0.0,0.0,0.0,1.0,0.0,3.9702,0.0,0.0,0.0,0.0,0.0,0.0,0.0,0,https://digitalocean.com
20.0,5.0,8.0,1.0,0.0,0.0,3.0,2.0,0.0,0.0,0.0,0.0,0.0,0.0,0.0,3.8464,0.0,0.0,0.1,1.0,0.0,0.0,1.0,1,http://is.gd/rqctx68
35.0,16.0,11.0,2.0,1.0,0.0,3.0,0.0,0.0,1.0,0.0,0.0,0.0,1.0,0.0,3.99,0.0,0.0,0.0,0.0,0.0,0.0,1.0,0,https://www.stanford.edu/contact-us
46.0,25.0,13.0,2.0,2.0,0.0,3.0,3.0,0.0,0.0,0.0,0.0,0.0,1.0,1.0,4.2717,0.0,0.0,0.0652,0.0,1.0,0.0,1.0,1,https://google-password-0v8y4.com/password.php
34.0,12.0,14.0,1.0,0.0,0.0,5.0,1.0,0.0,0.0,0.0,0.0,0.0,1.0,0.0,4.0545,0.0,0.0,0.0294,0.0,0.0,0.0,3.0,0,https://linkedin.com/api/v1/status
45.0,15.0,23.0,3.0,0.0,0.0,5.0,15.0,0.0,0.0,0.0,1.0,0.0,0.0,1.0,4.5336,0.0,0.0,0.3333,0.0,0.0,0.0,3.0,1,http://188.151.109.247/invoice/office365/xusl
29.0,9.0,12.0,1.0,0.0,0.0,4.0,0.0,0.0,0.0,0.0,0.0,0.0,1.0,0.0,3.6764,0.0,0.0,0.0,0.0,0.0,0.0,2.0,0,https://apple.com/news/latest
21.0,6.0,8.0,1.0,0.0,0.0,3.0,2.0,0.0,0.0,0.0,0.0,0.0,0.0,0.0,3.749,0.0,0.0,0.0952,1.0,0.0,0.0,1.0,1,http://bit.ly/7fyqqe0
20.0,5.0,8.0,1.0,0.0,0.0,3.0,3.0,0.0,0.0,0.0,0.0,0.0,0.0,0.0,3.5464,0.0,0.0,0.15,1.0,0.0,0.0,1.0,1,http://is.gd/o46dg6g
26.0,10.0,8.0,1.0,0.0,0.0,4.0,0.0,0.0,0.0,0.0,0.0,0.0,1.0,0.0,3.7962,0.0,0.0,0.0,0.0,0.0,0.0,2.0,0,https://medium.com/en/help
26.0,11.0,8.0,1.0,0.0,0.0,3.0,2.0,0.0,0.0,0.0,0.0,0.0,0.0,0.0,4.1808,0.0,0.0,0.0769,1.0,0.0,0.0,1.0,1,http://tinyurl.com/9xl4owz
47.0,15.0,24.0,2.0,1.0,0.0,5.0,4.0,0.0,1.0,0.0,0.0,0.0,1.0,0.0,4.4669,0.0,0.0,0.0851,0.0,0.0,0.0,3.0,0,https://www.spotify.com/blog/2024/annual-report
29.0,15.0,6.0,2.0,0.0,0.0,3.0,0.0,0.0,1.0,0.0,0.0,0.0,1.0,0.0,3.7159,0.0,0.0,0.0,0.0,0.0,0.0,1.0,0,https://www.outlook.com/about
20.0,11.0,1.0,1.0,0.0,0.0,3.0,0.0,0.0,0.0,0.0,0.0,0.0,1.0,0.0,3.7842,0.0,0.0,0.0,0.0,0.0,0.0,0.0,0,https://mozilla.org/
43.0,14.0,21.0,1.0,1.0,0.0,4.0,0.0,0.0,0.0,0.0,0.0,0.0,1.0,0.0,4.1406,0.0,0.0,0.0,0.0,0.0,0.0,2.0,0,https://cloudflare.com/docs/getting-started
38.0,16.0,14.0,2.0,0.0,0.0,5.0,1.0,0.0,1.0,0.0,0.0,0.0,1.0,0.0,3.9354,0.0,0.0,0.0263,0.0,0.0,0.0,3.0,0,https://www.coursera.org/api/v1/status
21.0,6.0,8.0,1.0,0.0,0.0,3.0,3.0,0.0,0.0,0.0,0.0,0.0,0.0,0.0,3.749,0.0,0.0,0.1429,1.0,0.0,0.0,1.0,1,http://bit.ly/h215qfi
55.0,19.0,14.0,1.0,1.0,0.0,4.0,6.0,2.0,0.0,1.0,0.0,0.0,1.0,1.0,4.5221,0.0,0.0,0.1091,0.0,1.0,1.0,2.0,1,https://czgv6er9-suspend.cf/apple/suspend?id=88fd27ppql
21.0,6.0,8.0,1.0,0.0,0.0,3.0,2.0,0.0,0.0,0.0,0.0,0.0,0.0,0.0,3.5945,0.0,0.0,0.0952,1.0,0.0,0.0,1.0,1,http://bit.ly/at44qiu
26.0,11.0,8.0,1.0,0.0,0.0,3.0,2.0,0.0,0.0,0.0,0.0,0.0,0.0,0.0,4.3347,0.0,0.0,0.0769,1.0,0.0,0.0,1.0,1,http://tinyurl.com/jb0fzw8
46.0,17.0,21.0,2.0,1.0,0.0,4.0,0.0,0.0,1.0,0.0,0.0,0.0,1.0,0.0,3.9854,0.0,0.0,0.0,0.0,0.0,0.0,2.0,0,https://www.pinterest.com/docs/getting-started
42.0,25.0,10.0,2.0,2.0,0.0,3.0,0.0,0.0,0.0,0.0,0.0,0.0,0.0,1.0,4.2165,0.0,0.0,0.0,0.0,1.0,0.0,1.0,1,http://microsoft-login-wecjx.com/login.php
21.0,6.0,8.0,1.0,0.0,0.0,3.0,1.0,0.0,0.0,0.0,0.0,0.0,0.0,0.0,3.749,0.0,0.0,0.0476,1.0,0.0,0.0,1.0,1,http://bit.ly/zjf6zxx
47.0,14.0,7.0,1.0,0.0,0.0,3.0,0.0,3.0,0.0,1.0,0.0,0.0,1.0,0.0,4.2164,0.0,0.0,0.0,0.0,0.0,0.0,1.0,0,https://protonmail.com/search?q=python+tutorial
27.0,11.0,8.0,1.0,0.0,0.0,4.0,0.0,0.0,0.0,0.0,0.0,0.0,1.0,0.0,3.8101,0.0,0.0,0.0,0.0,0.0,0.0,2.0,0,https://netflix.com/en/help
28.0,11.0,9.0,2.0,0.0,0.0,3.0,0.0,0.0,1.0,0.0,0.0,0.0,1.0,0.0,3.744,0.0,0.0,0.0,0.0,0.0,0.0,1.0,0,https://www.zoom.us/products
34.0,9.0,17.0,1.0,0.0,0.0,4.0,0.0,0.0,0.0,0.0,0.0,0.0,1.0,1.0,3.9147,0.0,0.0,0.0,0.0,0.0,0.0,2.0,0,https://adobe.com/account/settings
49.0,33.0,8.0,2.0,2.0,0.0,3.0,1.0,0.0,1.0,0.0,0.0,0.0,1.0,1.0,4.1076,0.0,0.0,0.0204,0.0,1.0,1.0,1.0,1,https://microsoft-account.session-pj9x.cf/account
43.0,13.0,23.0,3.0,0.0,0.0,5.0,10.0,0.0,0.0,0.0,1.0,0.0,0.0,1.0,4.4814,0.0,0.0,0.2326,0.0,0.0,0.0,3.0,1,http://196.237.34.55/banking/instagram/bqej
41.0,8.0,7.0,1.0,0.0,0.0,3.0,0.0,3.0,0.0,1.0,0.0,0.0,1.0,0.0,4.2227,0.0,0.0,0.0,0.0,0.0,0.0,1.0,0,https://etsy.com/search?q=python+tutorial
37.0,18.0,11.0,2.0,1.0,0.0,3.0,0.0,0.0,1.0,0.0,0.0,0.0,1.0,0.0,4.1008,0.0,0.0,0.0,0.0,0.0,0.0,1.0,0,https://www.wellsfargo.com/contact-us
44.0,30.0,6.0,2.0,2.0,0.0,3.0,0.0,0.0,1.0,0.0,0.0,0.0,1.0,1.0,4.0704,0.0,0.0,0.0,0.0,1.0,1.0,1.0,1,https://microsoft-login.center-gnna.ga/login
25.0,8.0,9.0,1.0,0.0,0.0,3.0,0.0,0.0,0.0,0.0,0.0,0.0,1.0,0.0,3.7035,0.0,0.0,0.0,0.0,0.0,0.0,1.0,0,https://etsy.com/products
23.0,9.0,6.0,1.0,0.0,0.0,3.0,0.0,0.0,0.0,0.0,0.0,0.0,1.0,0.0,3.7623,0.0,0.0,0.0,0.0,0.0,0.0,1.0,0,https://npmjs.com/about
40.0,22.0,11.0,2.0,2.0,0.0,3.0,2.0,0.0,0.0,0.0,0.0,0.0,0.0,1.0,4.1373,0.0,0.0,0.05,0.0,1.0,0.0,1.0,1,http://apple-unlock-3tzx1.com/unlock.php
25.0,17.0,0.0,2.0,0.0,0.0,2.0,0.0,0.0,1.0,0.0,0.0,0.0,1.0,0.0,3.6733,0.0,0.0,0.0,0.0,0.0,0.0,0.0,0,https://www.microsoft.com
28.0,9.0,11.0,1.0,1.0,0.0,3.0,0.0,0.0,0.0,0.0,0.0,0.0,1.0,0.0,3.5261,0.0,0.0,0.0,0.0,0.0,0.0,1.0,0,https://notion.so/contact-us
41.0,23.0,11.0,2.0,2.0,0.0,3.0,1.0,0.0,0.0,0.0,0.0,0.0,0.0,1.0,4.0221,0.0,0.0,0.0244,0.0,1.0,0.0,1.0,1,http://google-signin-kp0xo.com/signin.php
31.0,11.0,12.0,2.0,0.0,0.0,4.0,0.0,0.0,1.0,0.0,0.0,0.0,1.0,0.0,3.7284,0.0,0.0,0.0,0.0,0.0,0.0,2.0,0,https://www.usa.gov/news/latest
33.0,13.0,12.0,2.0,0.0,0.0,4.0,0.0,0.0,1.0,0.0,0.0,0.0,1.0,0.0,3.5288,0.0,0.0,0.0,0.0,0.0,0.0,2.0,0,https://www.twitch.tv/news/latest
58.0,18.0,18.0,1.0,1.0,0.0,4.0,5.0,2.0,0.0,1.0,0.0,0.0,1.0,1.0,4.6508,0.0,0.0,0.0862,0.0,1.0,1.0,2.0,1,https://rz0jmio1-signin.cf/wellsfargo/signin?id=cyz370seix
40.0,11.0,21.0,1.0,1.0,0.0,4.0,0.0,0.0,0.0,0.0,0.0,0.0,1.0,0.0,4.0118,0.0,0.0,0.0,0.0,0.0,0.0,2.0,0,https://spotify.com/docs/getting-started
20.0,5.0,8.0,1.0,0.0,0.0,3.0,4.0,0.0,0.0,0.0,0.0,0.0,0.0,0.0,3.8842,0.0,0.0,0.2,1.0,0.0,0.0,1.0,1,http://is.gd/ys8317q
27.0,7.0,12.0,1.0,0.0,0.0,4.0,0.0,0.0,0.0,0.0,0.0,0.0,1.0,0.0,3.7179,0.0,0.0,0.0,0.0,0.0,0.0,2.0,0,https://wsj.com/news/latest
43.0,25.0,11.0,2.0,2.0,0.0,3.0,2.0,0.0,0.0,0.0,0.0,0.0,0.0,1.0,4.1825,0.0,0.0,0.0465,0.0,1.0,0.0,1.0,1,http://coinbase-signin-jbu90.com/signin.php
34.0,17.0,9.0,1.0,0.0,0.0,3.0,0.0,0.0,0.0,0.0,0.0,0.0,1.0,0.0,4.0797,0.0,0.0,0.0,0.0,0.0,0.0,1.0,0,https://stackoverflow.com/products
47.0,28.0,12.0,2.0,2.0,0.0,3.0,0.0,0.0,0.0,0.0,0.0,0.0,0.0,1.0,4.1899,0.0,0.0,0.0,0.0,1.0,0.0,1.0,1,http://wellsfargo-invoice-evotn.com/invoice.php
18.0,9.0,1.0,1.0,0.0,0.0,3.0,0.0,0.0,0.0,0.0,0.0,0.0,1.0,0.0,3.5305,0.0,0.0,0.0,0.0,0.0,0.0,0.0,0,https://apple.com/
48.0,34.0,7.0,2.0,2.0,0.0,3.0,2.0,0.0,1.0,0.0,0.0,0.0,0.0,1.0,4.3941,0.0,0.0,0.0417,0.0,1.0,1.0,1.0,1,http://wellsfargo-secure.service-9zn4.xyz/secure
41.0,22.0,11.0,2.0,2.0,0.0,3.0,1.0,0.0,0.0,0.0,0.0,0.0,1.0,1.0,4.1804,0.0,0.0,0.0244,0.0,1.0,0.0,1.0,1,https://chase-signin-0ywzj.com/signin.php
48.0,15.0,7.0,2.0,0.0,0.0,3.0,0.0,3.0,1.0,1.0,0.0,0.0,1.0,0.0,4.3635,0.0,0.0,0.0,0.0,0.0,0.0,1.0,0,https://www.shopify.com/search?q=python+tutorial
56.0,19.0,16.0,1.0,1.0,0.0,4.0,8.0,2.0,0.0,1.0,0.0,0.0,0.0,1.0,4.6468,0.0,0.0,0.1429,0.0,1.0,1.0,2.0,1,http://5qxb2a68-update.xyz/coinbase/update?id=1ta05x0bkc
42.0,9.0,7.0,1.0,0.0,0.0,3.0,0.0,3.0,0.0,1.0,0.0,0.0,1.0,0.0,4.2345,0.0,0.0,0.0,0.0,0.0,0.0,1.0,0,https://apple.com/search?q=python+tutorial
37.0,17.0,12.0,2.0,0.0,0.0,4.0,0.0,0.0,1.0,0.0,0.0,0.0,1.0,0.0,3.7632,0.0,0.0,0.0,0.0,0.0,0.0,2.0,0,https://www.pinterest.com/news/latest
40.0,22.0,10.0,2.0,2.0,0.0,3.0,1.0,0.0,0.0,0.0,0.0,0.0,1.0,1.0,4.1964,0.0,0.0,0.025,0.0,1.0,0.0,1.0,1,https://amazon-login-y9jhj.com/login.php
37.0,21.0,8.0,2.0,0.0,0.0,3.0,0.0,0.0,1.0,0.0,0.0,0.0,1.0,0.0,3.9856,0.0,0.0,0.0,0.0,0.0,0.0,1.0,0,https://www.stackoverflow.com/careers
34.0,15.0,11.0,2.0,1.0,0.0,3.0,0.0,0.0,1.0,0.0,0.0,0.0,1.0,0.0,3.8559,0.0,0.0,0.0,0.0,0.0,0.0,1.0,0,https://docs.python.org/contact-us
23.0,14.0,1.0,2.0,0.0,0.0,3.0,0.0,0.0,1.0,0.0,0.0,0.0,1.0,0.0,3.7294,0.0,0.0,0.0,0.0,0.0,0.0,0.0,0,https://www.medium.com/
33.0,13.0,12.0,1.0,0.0,0.0,4.0,0.0,0.0,0.0,0.0,0.0,0.0,1.0,0.0,3.7259,0.0,0.0,0.0,0.0,0.0,0.0,2.0,0,https://pinterest.com/news/latest
45.0,15.0,23.0,3.0,0.0,0.0,5.0,15.0,0.0,0.0,0.0,1.0,0.0,0.0,1.0,4.3922,0.0,0.0,0.3333,0.0,0.0,0.0,3.0,1,http://113.124.212.186/billing/office365/dszc
47.0,27.0,12.0,2.0,2.0,0.0,3.0,3.0,0.0,0.0,0.0,0.0,0.0,1.0,1.0,4.0301,0.0,0.0,0.0638,0.0,1.0,0.0,1.0,1,https://microsoft-confirm-06sn1.com/confirm.php
42.0,23.0,12.0,2.0,2.0,0.0,3.0,0.0,0.0,0.0,0.0,0.0,0.0,0.0,1.0,3.9215,0.0,0.0,0.0,0.0,1.0,0.0,1.0,1,http://chase-recover-jyfeo.com/recover.php
31.0,14.0,9.0,1.0,0.0,0.0,3.0,0.0,0.0,0.0,0.0,0.0,0.0,1.0,0.0,3.8732,0.0,0.0,0.0,0.0,0.0,0.0,1.0,0,https://protonmail.com/products
26.0,9.0,9.0,1.0,0.0,0.0,3.0,0.0,0.0,0.0,0.0,0.0,0.0,1.0,0.0,3.7381,0.0,0.0,0.0,0.0,0.0,0.0,1.0,0,https://npmjs.com/products
42.0,14.0,21.0,3.0,0.0,0.0,5.0,12.0,0.0,0.0,0.0,1.0,0.0,0.0,1.0,4.5085,0.0,0.0,0.2857,0.0,0.0,0.0,3.0,1,http://218.246.50.233/unlock/coinbase/ma8m
42.0,23.0,12.0,2.0,2.0,0.0,3.0,1.0,0.0,0.0,0.0,0.0,0.0,0.0,1.0,4.0882,0.0,0.0,0.0238,0.0,1.0,0.0,1.0,1,http://apple-suspend-k6bgs.com/suspend.php
40.0,25.0,7.0,2.0,2.0,0.0,3.0,1.0,0.0,1.0,0.0,0.0,0.0,1.0,1.0,4.2939,0.0,0.0,0.025,0.0,1.0,1.0,1.0,1,https://amazon-secure.web-nhb4.gq/secure
36.0,15.0,13.0,1.0,0.0,0.0,4.0,0.0,0.0,0.0,0.0,0.0,0.0,1.0,0.0,4.2737,0.0,0.0,0.0,0.0,0.0,0.0,2.0,0,https://khanacademy.org/user/profile
42.0,10.0,24.0,1.0,1.0,0.0,5.0,4.0,0.0,0.0,0.0,0.0,0.0,1.0,0.0,4.3001,0.0,0.0,0.0952,0.0,0.0,0.0,3.0,0,https://gitlab.com/blog/2024/annual-report
56.0,18.0,17.0,1.0,1.0,0.0,4.0,4.0,2.0,0.0,1.0,0.0,0.0,0.0,1.0,4.412,0.0,0.0,0.0714,0.0,1.0,1.0,2.0,1,http://rx7qgr7t-wallet.ga/instagram/wallet?id=zbegpsqp97
20.0,11.0,1.0,1.0,0.0,0.0,3.0,0.0,0.0,0.0,0.0,0.0,0.0,1.0,0.0,3.5464,0.0,0.0,0.0,0.0,0.0,0.0,0.0,0,https://spotify.com/
55.0,19.0,14.0,1.0,1.0,0.0,4.0,5.0,2.0,0.0,1.0,0.0,0.0,1.0,1.0,4.4463,0.0,0.0,0.0909,0.0,1.0,1.0,2.0,1,https://pu8q97sb-billing.ml/apple/billing?id=ieux2nlu3o
49.0,33.0,9.0,2.0,2.0,0.0,3.0,4.0,0.0,1.0,0.0,0.0,0.0,0.0,1.0,4.2724,0.0,0.0,0.0816,0.0,1.0,1.0,1.0,1,http://office365-password.portal-fi1w.cf/password
30.0,9.0,13.0,1.0,0.0,0.0,4.0,0.0,0.0,0.0,0.0,0.0,0.0,1.0,0.0,4.0151,0.0,0.0,0.0,0.0,0.0,0.0,2.0,0,https://slack.com/user/profile
28.0,11.0,9.0,1.0,0.0,0.0,3.0,0.0,0.0,0.0,0.0,0.0,0.0,1.0,0.0,4.0661,0.0,0.0,0.0,0.0,0.0,0.0,1.0,0,https://netflix.com/products
38.0,17.0,13.0,1.0,0.0,0.0,4.0,0.0,0.0,0.0,0.0,0.0,0.0,1.0,0.0,4.1158,0.0,0.0,0.0,0.0,0.0,0.0,2.0,0,https://stackoverflow.com/user/profile
31.0,14.0,9.0,2.0,0.0,0.0,3.0,0.0,0.0,1.0,0.0,0.0,0.0,1.0,0.0,3.9134,0.0,0.0,0.0,0.0,0.0,0.0,1.0,0,https://www.google.com/products
55.0,18.0,16.0,1.0,1.0,0.0,4.0,7.0,2.0,0.0,1.0,0.0,0.0,0.0,1.0,4.6927,0.0,0.0,0.1273,0.0,1.0,1.0,2.0,1,http://t78m2f3a-wallet.ml/facebook/wallet?id=v7tqvgrn15
41.0,14.0,20.0,3.0,0.0,0.0,5.0,13.0,0.0,0.0,0.0,1.0,0.0,0.0,1.0,4.1899,0.0,0.0,0.3171,0.0,0.0,0.0,3.0,1,http://122.52.148.108/banking/paypal/fu21
45.0,26.0,11.0,2.0,2.0,0.0,3.0,1.0,0.0,0.0,0.0,0.0,0.0,1.0,1.0,4.2334,0.0,0.0,0.0222,0.0,1.0,0.0,1.0,1,https://microsoft-wallet-gge3x.com/wallet.php
56.0,19.0,16.0,1.0,1.0,0.0,4.0,4.0,2.0,0.0,1.0,0.0,0.0,0.0,1.0,4.7112,0.0,0.0,0.0714,0.0,1.0,1.0,2.0,1,http://mzkkku74-secure.xyz/coinbase/secure?id=0roq4txjtv
44.0,11.0,7.0,1.0,0.0,0.0,3.0,0.0,3.0,0.0,1.0,0.0,0.0,1.0,0.0,4.3371,0.0,0.0,0.0,0.0,0.0,0.0,1.0,0,https://mozilla.org/search?q=python+tutorial
50.0,33.0,9.0,2.0,2.0,0.0,3.0,1.0,0.0,1.0,0.0,0.0,0.0,1.0,1.0,4.262,0.0,0.0,0.02,0.0,1.0,1.0,1.0,1,https://amazon-password.portal-p5jg.click/password
46.0,17.0,21.0,2.0,1.0,0.0,4.0,0.0,0.0,1.0,0.0,0.0,0.0,1.0,0.0,4.045,0.0,0.0,0.0,0.0,0.0,0.0,2.0,0,https://www.atlassian.com/docs/getting-started
29.0,13.0,8.0,2.0,0.0,0.0,3.0,0.0,0.0,1.0,0.0,0.0,0.0,1.0,0.0,3.9783,0.0,0.0,0.0,0.0,0.0,0.0,1.0,0,https://www.apple.com/pricing
28.0,7.0,13.0,1.0,0.0,0.0,4.0,0.0,0.0,0.0,0.0,0.0,0.0,1.0,0.0,3.9233,0.0,0.0,0.0,0.0,0.0,0.0,2.0,0,https://usa.gov/user/profile
44.0,29.0,7.0,2.0,2.0,0.0,3.0,1.0,0.0,1.0,0.0,0.0,0.0,1.0,1.0,4.2267,0.0,0.0,0.0227,0.0,1.0,1.0,1.0,1,https://amazon-update.team-9ocx.click/update
20.0,11.0,1.0,2.0,0.0,0.0,3.0,0.0,0.0,1.0,0.0,0.0,0.0,1.0,0.0,3.5464,0.0,0.0,0.0,0.0,0.0,0.0,0.0,0,https://www.usa.gov/
45.0,26.0,11.0,2.0,2.0,0.0,3.0,1.0,0.0,0.0,0.0,0.0,0.0,1.0,1.0,4.0221,0.0,0.0,0.0222,0.0,1.0,0.0,1.0,1,https://microsoft-signin-i3nld.com/signin.php
48.0,33.0,7.0,2.0,2.0,0.0,3.0,0.0,0.0,1.0,0.0,0.0,0.0,1.0,1.0,4.0948,0.0,0.0,0.0,0.0,1.0,1.0,1.0,1,https://coinbase-wallet.portal-zknl.click/wallet
46.0,14.0,24.0,2.0,1.0,0.0,5.0,4.0,0.0,1.0,0.0,0.0,0.0,1.0,0.0,4.4393,0.0,0.0,0.087,0.0,0.0,0.0,3.0,0,https://www.reddit.com/blog/2024/annual-report
21.0,6.0,8.0,1.0,0.0,0.0,3.0,1.0,0.0,0.0,0.0,0.0,0.0,0.0,0.0,3.8442,0.0,0.0,0.0476,1.0,0.0,0.0,1.0,1,http://bit.ly/c2kkfgn
40.0,22.0,11.0,2.0,2.0,0.0,3.0,0.0,0.0,0.0,0.0,0.0,0.0,0.0,1.0,4.0153,0.0,0.0,0.0,0.0,1.0,0.0,1.0,1,http://chase-signin-arrfp.com/signin.php
48.0,19.0,21.0,3.0,1.0,0.0,4.0,0.0,0.0,2.0,0.0,0.0,0.0,1.0,0.0,4.0293,0.0,0.0,0.0,0.0,0.0,0.0,2.0,0,https://www.docs.python.org/docs/getting-started
20.0,5.0,8.0,1.0,0.0,0.0,3.0,2.0,0.0,0.0,0.0,0.0,0.0,0.0,0.0,3.8842,0.0,0.0,0.1,1.0,0.0,0.0,1.0,1,http://is.gd/0jaix6k
25.0,9.0,8.0,1.0,0.0,0.0,3.0,0.0,0.0,0.0,0.0,0.0,0.0,1.0,0.0,3.8937,0.0,0.0,0.0,0.0,0.0,0.0,1.0,0,https://apple.com/pricing
31.0,15.0,8.0,2.0,0.0,0.0,3.0,0.0,0.0,1.0,0.0,0.0,0.0,1.0,0.0,3.9292,0.0,0.0,0.0,0.0,0.0,0.0,1.0,0,https://www.nytimes.com/careers
37.0,12.0,17.0,1.0,0.0,0.0,4.0,0.0,0.0,0.0,0.0,0.0,0.0,1.0,1.0,3.8074,0.0,0.0,0.0,0.0,0.0,0.0,2.0,0,https://coursera.org/account/settings
36.0,11.0,17.0,2.0,0.0,0.0,4.0,0.0,0.0,1.0,0.0,0.0,0.0,1.0,1.0,3.9166,0.0,0.0,0.0,0.0,0.0,0.0,2.0,0,https://www.zoom.us/account/settings
32.0,13.0,11.0,2.0,1.0,0.0,3.0,0.0,0.0,1.0,0.0,0.0,0.0,1.0,0.0,3.6678,0.0,0.0,0.0,0.0,0.0,0.0,1.0,0,https://www.notion.so/contact-us
23.0,15.0,0.0,2.0,0.0,0.0,2.0,0.0,0.0,1.0,0.0,0.0,0.0,1.0,0.0,3.7081,0.0,0.0,0.0,0.0,0.0,0.0,0.0,0,https://www.shopify.com
32.0,11.0,13.0,2.0,0.0,0.0,4.0,0.0,0.0,1.0,0.0,0.0,0.0,1.0,0.0,3.9292,0.0,0.0,0.0,0.0,0.0,0.0,2.0,0,https://www.zoom.us/user/profile
30.0,14.0,8.0,1.0,0.0,0.0,3.0,0.0,0.0,0.0,0.0,0.0,0.0,1.0,0.0,3.8729,0.0,0.0,0.0,0.0,0.0,0.0,1.0,0,https://protonmail.com/careers
45.0,26.0,12.0,2.0,2.0,0.0,3.0,3.0,0.0,0.0,0.0,0.0,0.0,0.0,1.0,4.2779,0.0,0.0,0.0667,0.0,1.0,0.0,1.0,1,http://facebook-billing-21l2r.com/billing.php
48.0,32.0,8.0,2.0,2.0,0.0,3.0,3.0,0.0,1.0,0.0,0.0,0.0,1.0,1.0,4.3061,0.0,0.0,0.0625,0.0,1.0,1.0,1.0,1,https://facebook-banking.auth-4n87.click/banking
29.0,7.0,14.0,1.0,0.0,0.0,5.0,1.0,0.0,0.0,0.0,0.0,0.0,1.0,0.0,3.6175,0.0,0.0,0.0345,0.0,0.0,0.0,3.0,0,https://mit.edu/api/v1/status
22.0,14.0,0.0,2.0,0.0,0.0,2.0,0.0,0.0,1.0,0.0,0.0,0.0,1.0,0.0,3.6978,0.0,0.0,0.0,0.0,0.0,0.0,0.0,0,https://www.office.com
41.0,12.0,22.0,3.0,0.0,0.0,5.0,10.0,0.0,0.0,0.0,1.0,0.0,0.0,1.0,4.1347,0.0,0.0,0.2439,0.0,0.0,0.0,3.0,1,http://232.35.5.200/signin/microsoft/p5yo
59.0,20.0,18.0,1.0,1.0,0.0,4.0,5.0,2.0,0.0,1.0,0.0,0.0,0.0,1.0,4.6033,0.0,0.0,0.0847,0.0,1.0,1.0,2.0,1,http://fp58frva-banking.top/instagram/banking?id=bkg23dxuj9
29.0,13.0,8.0,2.0,0.0,0.0,3.0,0.0,0.0,1.0,0.0,0.0,0.0,1.0,0.0,3.9523,0.0,0.0,0.0,0.0,0.0,0.0,1.0,0,https://www.chase.com/pricing
57.0,18.0,17.0,1.0,1.0,0.0,4.0,7.0,2.0,0.0,1.0,0.0,0.0,1.0,1.0,4.6836,0.0,0.0,0.1228,0.0,1.0,1.0,2.0,1,https://ymrjxd4p-update.ml/office365/update?id=oauw49jru5
27.0,19.0,0.0,3.0,0.0,0.0,2.0,0.0,0.0,2.0,0.0,0.0,0.0,1.0,0.0,3.7542,0.0,0.0,0.0,0.0,0.0,0.0,0.0,0,https://www.docs.python.org
37.0,17.0,12.0,1.0,0.0,0.0,4.0,0.0,0.0,0.0,0.0,0.0,0.0,1.0,0.0,3.99,0.0,0.0,0.0,0.0,0.0,0.0,2.0,0,https://stackoverflow.com/news/latest
27.0,11.0,8.0,1.0,0.0,0.0,4.0,0.0,0.0,0.0,0.0,0.0,0.0,1.0,0.0,3.8842,0.0,0.0,0.0,0.0,0.0,0.0,2.0,0,https://dropbox.com/en/help
62.0,22.0,18.0,1.0,1.0,0.0,4.0,6.0,2.0,0.0,1.0,0.0,0.0,1.0,1.0,4.4807,0.0,0.0,0.0968,0.0,1.0,1.0,2.0,1,https://7gk6mh9b-password.work/facebook/password?id=do110bkada
21.0,6.0,8.0,1.0,0.0,0.0,3.0,3.0,0.0,0.0,0.0,0.0,0.0,0.0,0.0,3.6538,0.0,0.0,0.1429,1.0,0.0,0.0,1.0,1,http://bit.ly/h55du0y
40.0,22.0,11.0,2.0,2.0,0.0,3.0,2.0,0.0,0.0,0.0,0.0,0.0,0.0,1.0,4.0776,0.0,0.0,0.05,0.0,1.0,0.0,1.0,1,http://chase-signin-g42eu.com/signin.php
24.0,7.0,9.0,1.0,0.0,0.0,3.0,0.0,0.0,0.0,0.0,0.0,0.0,1.0,0.0,3.6258,0.0,0.0,0.0,0.0,0.0,0.0,1.0,0,https://zoom.us/products
49.0,20.0,21.0,2.0,1.0,0.0,4.0,0.0,0.0,1.0,0.0,0.0,0.0,1.0,0.0,4.0954,0.0,0.0,0.0,0.0,0.0,0.0,2.0,0,https://www.digitalocean.com/docs/getting-started
26.0,11.0,8.0,1.0,0.0,0.0,3.0,1.0,0.0,0.0,0.0,0.0,0.0,0.0,0.0,4.1039,0.0,0.0,0.0385,1.0,0.0,0.0,1.0,1,http://tinyurl.com/kacpzm6
53.0,18.0,14.0,1.0,1.0,0.0,4.0,7.0,2.0,0.0,1.0,0.0,0.0,0.0,1.0,4.751,0.0,0.0,0.1321,0.0,1.0,1.0,2.0,1,http://cnb09og2-unlock.ml/paypal/unlock?id=zrf5k17c8a
22.0,13.0,1.0,2.0,0.0,0.0,3.0,0.0,0.0,1.0,0.0,0.0,0.0,1.0,0.0,3.3222,0.0,0.0,0.0,0.0,0.0,0.0,0.0,0,https://www.notion.so/
30.0,11.0,11.0,1.0,1.0,0.0,3.0,0.0,0.0,0.0,0.0,0.0,0.0,1.0,0.0,4.0029,0.0,0.0,0.0,0.0,0.0,0.0,1.0,0,https://netflix.com/contact-us
27.0,10.0,9.0,1.0,0.0,0.0,3.0,0.0,0.0,0.0,0.0,0.0,0.0,1.0,0.0,3.9862,0.0,0.0,0.0,0.0,0.0,0.0,1.0,0,https://gitlab.com/products
24.0,15.0,1.0,2.0,0.0,0.0,3.0,0.0,0.0,1.0,0.0,0.0,0.0,1.0,0.0,3.6887,0.0,0.0,0.0,0.0,0.0,0.0,0.0,0,https://www.shopify.com/
36.0,11.0,17.0,2.0,0.0,0.0,4.0,0.0,0.0,1.0,0.0,0.0,0.0,1.0,1.0,3.9376,0.0,0.0,0.0,0.0,0.0,0.0,2.0,0,https://www.irs.gov/account/settings
47.0,32.0,7.0,2.0,2.0,0.0,3.0,1.0,0.0,1.0,0.0,0.0,0.0,1.0,1.0,3.9477,0.0,0.0,0.0213,0.0,1.0,1.0,1.0,1,https://microsoft-signin.session-xk4o.tk/signin
44.0,24.0,12.0,2.0,2.0,0.0,3.0,3.0,0.0,0.0,0.0,0.0,0.0,1.0,1.0,4.1807,0.0,0.0,0.0682,0.0,1.0,0.0,1.0,1,https://amazon-recover-55zw8.com/recover.php
29.0,9.0,12.0,1.0,0.0,0.0,4.0,0.0,0.0,0.0,0.0,0.0,0.0,1.0,0.0,3.9354,0.0,0.0,0.0,0.0,0.0,0.0,2.0,0,https://quora.com/news/latest
33.0,11.0,14.0,1.0,0.0,0.0,5.0,1.0,0.0,0.0,0.0,0.0,0.0,1.0,0.0,3.9573,0.0,0.0,0.0303,0.0,0.0,0.0,3.0,0,https://dropbox.com/api/v1/status
44.0,25.0,12.0,2.0,2.0,0.0,3.0,1.0,0.0,0.0,0.0,0.0,0.0,0.0,1.0,4.1098,0.0,0.0,0.0227,0.0,1.0,0.0,1.0,1,http://netflix-suspend-mdm3t.com/suspend.php
52.0,19.0,7.0,2.0,0.0,0.0,3.0,0.0,3.0,1.0,1.0,0.0,0.0,1.0,0.0,4.4651,0.0,0.0,0.0,0.0,0.0,0.0,1.0,0,https://www.khanacademy.org/search?q=python+tutorial
39.0,13.0,19.0,3.0,0.0,0.0,5.0,11.0,0.0,0.0,0.0,1.0,0.0,0.0,1.0,4.1923,0.0,0.0,0.2821,0.0,0.0,0.0,3.0,1,http://221.233.47.83/update/amazon/a8sl
36.0,7.0,21.0,1.0,1.0,0.0,4.0,0.0,0.0,0.0,0.0,0.0,0.0,1.0,0.0,3.8429,0.0,0.0,0.0,0.0,0.0,0.0,2.0,0,https://npr.org/docs/getting-started
20.0,5.0,8.0,1.0,0.0,0.0,3.0,2.0,0.0,0.0,0.0,0.0,0.0,0.0,0.0,3.9842,0.0,0.0,0.1,1.0,0.0,0.0,1.0,1,http://is.gd/xw72kcy
24.0,15.0,1.0,2.0,0.0,0.0,3.0,0.0,0.0,1.0,0.0,0.0,0.0,1.0,0.0,3.6573,0.0,0.0,0.0,0.0,0.0,0.0,0.0,0,https://docs.python.org/
25.0,16.0,1.0,2.0,0.0,0.0,3.0,0.0,0.0,1.0,0.0,0.0,0.0,1.0,0.0,3.7533,0.0,0.0,0.0,0.0,0.0,0.0,0.0,0,https://www.coursera.org/
32.0,12.0,12.0,1.0,0.0,0.0,4.0,0.0,0.0,0.0,0.0,0.0,0.0,1.0,0.0,3.8278,0.0,0.0,0.0,0.0,0.0,0.0,2.0,0,https://coursera.org/news/latest
18.0,9.0,1.0,1.0,0.0,0.0,3.0,0.0,0.0,0.0,0.0,0.0,0.0,1.0,0.0,3.4613,0.0,0.0,0.0,0.0,0.0,0.0,0.0,0,https://npmjs.com/
46.0,30.0,8.0,2.0,2.0,0.0,3.0,0.0,0.0,1.0,0.0,0.0,0.0,1.0,1.0,4.1186,0.0,0.0,0.0,0.0,1.0,1.0,1.0,1,https://netflix-suspend.center-xver.ga/suspend
37.0,12.0,17.0,2.0,0.0,0.0,4.0,0.0,0.0,1.0,0.0,0.0,0.0,1.0,1.0,3.8846,0.0,0.0,0.0,0.0,0.0,0.0,2.0,0,https://www.etsy.com/account/settings
44.0,12.0,24.0,1.0,1.0,0.0,5.0,4.0,0.0,0.0,0.0,0.0,0.0,1.0,0.0,4.4168,0.0,0.0,0.0909,0.0,0.0,0.0,3.0,0,https://linkedin.com/blog/2024/annual-report
40.0,13.0,20.0,3.0,0.0,0.0,5.0,12.0,0.0,0.0,0.0,1.0,0.0,0.0,1.0,4.3062,0.0,0.0,0.3,0.0,0.0,0.0,3.0,1,http://175.65.213.27/account/paypal/z48g
43.0,15.0,21.0,3.0,0.0,0.0,5.0,15.0,0.0,0.0,0.0,1.0,0.0,0.0,1.0,4.0514,0.0,0.0,0.3488,0.0,0.0,0.0,3.0,1,http://254.210.225.222/account/netflix/88c2
27.0,11.0,8.0,1.0,0.0,0.0,3.0,0.0,0.0,0.0,0.0,0.0,0.0,1.0,0.0,3.8562,0.0,0.0,0.0,0.0,0.0,0.0,1.0,0,https://dropbox.com/careers
26.0,17.0,1.0,2.0,0.0,0.0,3.0,0.0,0.0,1.0,0.0,0.0,0.0,1.0,0.0,3.6612,0.0,0.0,0.0,0.0,0.0,0.0,0.0,0,https://www.microsoft.com/
36.0,15.0,13.0,2.0,0.0,0.0,4.0,0.0,0.0,1.0,0.0,0.0,0.0,1.0,0.0,4.107,0.0,0.0,0.0,0.0,0.0,0.0,2.0,0,https://www.netflix.com/user/profile
19.0,11.0,0.0,1.0,0.0,0.0,2.0,0.0,0.0,0.0,0.0,0.0,0.0,1.0,0.0,3.6819,0.0,0.0,0.0,0.0,0.0,0.0,0.0,0,https://nytimes.com
29.0,12.0,9.0,1.0,0.0,0.0,3.0,0.0,0.0,0.0,0.0,0.0,0.0,1.0,0.0,4.0473,0.0,0.0,0.0,0.0,0.0,0.0,1.0,0,https://linkedin.com/products
45.0,31.0,7.0,2.0,2.0,0.0,3.0,1.0,0.0,1.0,0.0,0.0,0.0,0.0,1.0,4.208,0.0,0.0,0.0222,0.0,1.0,1.0,1.0,1,http://amazon-update.session-q4ys.info/update
43.0,14.0,21.0,2.0,1.0,0.0,4.0,0.0,0.0,1.0,0.0,0.0,0.0,1.0,0.0,4.1259,0.0,0.0,0.0,0.0,0.0,0.0,2.0,0,https://www.github.com/docs/getting-started
21.0,6.0,8.0,1.0,0.0,0.0,3.0,2.0,0.0,0.0,0.0,0.0,0.0,0.0,0.0,3.749,0.0,0.0,0.0952,1.0,0.0,0.0,1.0,1,http://bit.ly/d9bdo4c
47.0,31.0,8.0,2.0,2.0,0.0,3.0,0.0,0.0,1.0,0.0,0.0,0.0,1.0,1.0,4.3072,0.0,0.0,0.0,0.0,1.0,1.0,1.0,1,https://google-confirm.gateway-iasv.top/confirm
55.0,19.0,15.0,1.0,1.0,0.0,4.0,4.0,2.0,0.0,1.0,0.0,0.0,0.0,1.0,4.5717,0.0,0.0,0.0727,0.0,1.0,1.0,2.0,1,http://zuqdkw9u-billing.cf/paypal/billing?id=gooi3k5l8f
21.0,6.0,8.0,1.0,0.0,0.0,3.0,2.0,0.0,0.0,0.0,0.0,0.0,0.0,0.0,3.9395,0.0,0.0,0.0952,1.0,0.0,0.0,1.0,1,http://bit.ly/mf7na1e
47.0,26.0,13.0,2.0,2.0,0.0,3.0,2.0,0.0,0.0,0.0,0.0,0.0,1.0,1.0,4.3133,0.0,0.0,0.0426,0.0,1.0,0.0,1.0,1,https://netflix-password-tkt42.com/password.php
26.0,11.0,8.0,1.0,0.0,0.0,3.0,2.0,0.0,0.0,0.0,0.0,0.0,0.0,0.0,4.1039,0.0,0.0,0.0769,1.0,0.0,0.0,1.0,1,http://tinyurl.com/z5rgpa5
34.0,17.0,9.0,2.0,0.0,0.0,3.0,0.0,0.0,1.0,0.0,0.0,0.0,1.0,0.0,3.9987,0.0,0.0,0.0,0.0,0.0,0.0,1.0,0,https://www.wikipedia.org/products
34.0,13.0,13.0,2.0,0.0,0.0,4.0,0.0,0.0,1.0,0.0,0.0,0.0,1.0,0.0,3.8444,0.0,0.0,0.0,0.0,0.0,0.0,2.0,0,https://www.notion.so/user/profile
27.0,13.0,6.0,2.0,0.0,0.0,3.0,0.0,0.0,1.0,0.0,0.0,0.0,1.0,0.0,3.7821,0.0,0.0,0.0,0.0,0.0,0.0,1.0,0,https://www.chase.com/about
23.0,9.0,6.0,1.0,0.0,0.0,3.0,0.0,0.0,0.0,0.0,0.0,0.0,1.0,0.0,3.6753,0.0,0.0,0.0,0.0,0.0,0.0,1.0,0,https://chase.com/about
43.0,24.0,12.0,2.0,2.0,0.0,3.0,3.0,0.0,0.0,0.0,0.0,0.0,0.0,1.0,3.9499,0.0,0.0,0.0698,0.0,1.0,0.0,1.0,1,http://paypal-account-6eh44.com/account.php
44.0,11.0,7.0,2.0,0.0,0.0,3.0,0.0,3.0,1.0,1.0,0.0,0.0,1.0,0.0,4.2916,0.0,0.0,0.0,0.0,0.0,0.0,1.0,0,https://www.npr.org/search?q=python+tutorial
40.0,15.0,17.0,2.0,0.0,0.0,4.0,0.0,0.0,1.0,0.0,0.0,0.0,1.0,1.0,3.9776,0.0,0.0,0.0,0.0,0.0,0.0,2.0,0,https://www.spotify.com/account/settings
22.0,14.0,0.0,2.0,0.0,0.0,2.0,0.0,0.0,1.0,0.0,0.0,0.0,1.0,0.0,3.8454,0.0,0.0,0.0,0.0,0.0,0.0,0.0,0,https://www.gitlab.com
42.0,23.0,12.0,2.0,2.0,0.0,3.0,1.0,0.0,0.0,0.0,0.0,0.0,0.0,1.0,4.079,0.0,0.0,0.0238,0.0,1.0,0.0,1.0,1,http://apple-suspend-cr9rf.com/suspend.php
42.0,14.0,21.0,3.0,0.0,0.0,5.0,11.0,0.0,0.0,0.0,1.0,0.0,0.0,1.0,4.3001,0.0,0.0,0.2619,0.0,0.0,0.0,3.0,1,http://205.125.114.61/suspend/netflix/gkng
27.0,11.0,8.0,1.0,0.0,0.0,4.0,0.0,0.0,0.0,0.0,0.0,0.0,1.0,0.0,3.9121,0.0,0.0,0.0,0.0,0.0,0.0,2.0,0,https://mozilla.org/en/help
20.0,5.0,8.0,1.0,0.0,0.0,3.0,1.0,0.0,0.0,0.0,0.0,0.0,0.0,0.0,3.6464,0.0,0.0,0.05,1.0,0.0,0.0,1.0,1,http://is.gd/oehhk5e
58.0,19.0,17.0,1.0,1.0,0.0,4.0,5.0,2.0,0.0,1.0,0.0,0.0,1.0,1.0,4.737,0.0,0.0,0.0862,0.0,1.0,1.0,2.0,1,https://qm6r7b5u-confirm.ga/facebook/confirm?id=kdptq21vcr
22.0,13.0,1.0,3.0,0.0,0.0,3.0,0.0,0.0,2.0,0.0,0.0,0.0,1.0,0.0,3.5383,0.0,0.0,0.0,0.0,0.0,0.0,0.0,0,https://www.bbc.co.uk/
37.0,12.0,17.0,1.0,0.0,0.0,4.0,0.0,0.0,0.0,0.0,0.0,0.0,1.0,1.0,3.9696,0.0,0.0,0.0,0.0,0.0,0.0,2.0,0,https://linkedin.com/account/settings
49.0,35.0,7.0,2.0,2.0,0.0,3.0,2.0,0.0,1.0,0.0,0.0,0.0,0.0,1.0,4.2141,0.0,0.0,0.0408,0.0,1.0,1.0,1.0,1,http://instagram-signin.gateway-w90d.click/signin
46.0,27.0,12.0,2.0,2.0,0.0,3.0,3.0,0.0,0.0,0.0,0.0,0.0,0.0,1.0,4.2761,0.0,0.0,0.0652,0.0,1.0,0.0,1.0,1,http://microsoft-billing-he078.com/billing.php
61.0,21.0,18.0,1.0,1.0,0.0,4.0,2.0,2.0,0.0,1.0,0.0,0.0,1.0,1.0,4.5718,0.0,0.0,0.0328,0.0,1.0,1.0,2.0,1,https://wnx6wlp8-billing.work/instagram/billing?id=zdcmbrtpyf
28.0,12.0,8.0,1.0,0.0,0.0,4.0,0.0,0.0,0.0,0.0,0.0,0.0,1.0,0.0,3.8249,0.0,0.0,0.0,0.0,0.0,0.0,2.0,0,https://stanford.edu/en/help
21.0,6.0,8.0,1.0,0.0,0.0,3.0,1.0,0.0,0.0,0.0,0.0,0.0,0.0,0.0,3.6897,0.0,0.0,0.0476,1.0,0.0,0.0,1.0,1,http://bit.ly/tcbn9ua
32.0,7.0,17.0,1.0,0.0,0.0,4.0,0.0,0.0,0.0,0.0,0.0,0.0,1.0,1.0,3.7622,0.0,0.0,0.0,0.0,0.0,0.0,2.0,0,https://usa.gov/account/settings
47.0,28.0,12.0,2.0,2.0,0.0,3.0,2.0,0.0,0.0,0.0,0.0,0.0,0.0,1.0,4.4166,0.0,0.0,0.0426,0.0,1.0,0.0,1.0,1,http://wellsfargo-suspend-74ubz.com/suspend.php
43.0,11.0,24.0,1.0,1.0,0.0,5.0,4.0,0.0,0.0,0.0,0.0,0.0,1.0,0.0,4.4235,0.0,0.0,0.093,0.0,0.0,0.0,3.0,0,https://shopify.com/blog/2024/annual-report
45.0,13.0,24.0,3.0,1.0,0.0,5.0,4.0,0.0,2.0,0.0,0.0,0.0,1.0,0.0,4.35,0.0,0.0,0.0889,0.0,0.0,0.0,3.0,0,https://www.bbc.co.uk/blog/2024/annual-report
42.0,9.0,7.0,1.0,0.0,0.0,3.0,0.0,3.0,0.0,1.0,0.0,0.0,1.0,0.0,4.3117,0.0,0.0,0.0,0.0,0.0,0.0,1.0,0,https://npmjs.com/search?q=python+tutorial
26.0,11.0,8.0,1.0,0.0,0.0,3.0,2.0,0.0,0.0,0.0,0.0,0.0,0.0,0.0,4.027,0.0,0.0,0.0769,1.0,0.0,0.0,1.0,1,http://tinyurl.com/h9pmu5q
43.0,23.0,12.0,2.0,2.0,0.0,3.0,1.0,0.0,0.0,0.0,0.0,0.0,1.0,1.0,4.0918,0.0,0.0,0.0233,0.0,1.0,0.0,1.0,1,https://chase-suspend-zvk3k.com/suspend.php
43.0,28.0,8.0,2.0,2.0,0.0,3.0,2.0,0.0,1.0,0.0,0.0,0.0,0.0,1.0,4.2863,0.0,0.0,0.0465,0.0,1.0,1.0,1.0,1,http://facebook-billing.app-de15.gq/billing
26.0,11.0,8.0,1.0,0.0,0.0,3.0,2.0,0.0,0.0,0.0,0.0,0.0,0.0,0.0,3.9501,0.0,0.0,0.0769,1.0,0.0,0.0,1.0,1,http://tinyurl.com/mcyr1l3
33.0,11.0,14.0,2.0,0.0,0.0,5.0,1.0,0.0,1.0,0.0,0.0,0.0,1.0,0.0,3.6771,0.0,0.0,0.0303,0.0,0.0,0.0,3.0,0,https://www.usa.gov/api/v1/status
23.0,7.0,8.0,1.0,0.0,0.0,3.0,0.0,0.0,0.0,0.0,0.0,0.0,1.0,0.0,3.7294,0.0,0.0,0.0,0.0,0.0,0.0,1.0,0,https://mit.edu/careers
20.0,5.0,8.0,1.0,0.0,0.0,3.0,3.0,0.0,0.0,0.0,0.0,0.0,0.0,0.0,3.7842,0.0,0.0,0.15,1.0,0.0,0.0,1.0,1,http://is.gd/y001eai
49.0,33.0,8.0,2.0,2.0,0.0,3.0,1.0,0.0,1.0,0.0,0.0,0.0,1.0,1.0,4.1564,0.0,0.0,0.0204,0.0,1.0,1.0,1.0,1,https://microsoft-recover.session-kd2v.gq/recover
43.0,24.0,11.0,2.0,2.0,0.0,3.0,2.0,0.0,0.0,0.0,0.0,0.0,1.0,1.0,4.3556,0.0,0.0,0.0465,0.0,1.0,0.0,1.0,1,https://netflix-verify-a0hr2.com/verify.php
44.0,14.0,23.0,3.0,0.0,0.0,5.0,15.0,0.0,0.0,0.0,1.0,0.0,0.0,1.0,4.3371,0.0,0.0,0.3409,0.0,0.0,0.0,3.0,1,http://144.183.84.179/recover/office365/soj7
54.0,18.0,14.0,1.0,1.0,0.0,4.0,4.0,2.0,0.0,1.0,0.0,0.0,1.0,1.0,4.6303,0.0,0.0,0.0741,0.0,1.0,1.0,2.0,1,https://9ci1akqr-wallet.tk/amazon/wallet?id=jcofw7iv7r
41.0,27.0,6.0,2.0,2.0,0.0,3.0,1.0,0.0,1.0,0.0,0.0,0.0,1.0,1.0,4.2715,0.0,0.0,0.0244,0.0,1.0,1.0,1.0,1,https://amazon-login.center-lf2k.ga/login
61.0,21.0,19.0,1.0,1.0,0.0,4.0,7.0,2.0,0.0,1.0,0.0,0.0,0.0,1.0,4.7853,0.0,0.0,0.1148,0.0,1.0,1.0,2.0,1,http://gkiib25x-account.info/wellsfargo/account?id=1b7x8g04cr
41.0,14.0,20.0,3.0,0.0,0.0,5.0,11.0,0.0,0.0,0.0,1.0,0.0,0.0,1.0,4.3362,0.0,0.0,0.2683,0.0,0.0,0.0,3.0,1,http://250.196.154.22/password/apple/jiza
31.0,15.0,8.0,1.0,0.0,0.0,3.0,0.0,0.0,0.0,0.0,0.0,0.0,1.0,0.0,4.0424,0.0,0.0,0.0,0.0,0.0,0.0,1.0,0,https://theguardian.com/pricing
42.0,23.0,11.0,2.0,2.0,0.0,3.0,1.0,0.0,0.0,0.0,0.0,0.0,1.0,1.0,3.9964,0.0,0.0,0.0238,0.0,1.0,0.0,1.0,1,https://google-secure-ausp2.com/secure.php
42.0,15.0,20.0,3.0,0.0,0.0,5.0,14.0,0.0,0.0,0.0,1.0,0.0,0.0,1.0,4.3594,0.0,0.0,0.3333,0.0,0.0,0.0,3.0,1,http://231.134.249.108/confirm/paypal/43ui
46.0,15.0,24.0,3.0,0.0,0.0,5.0,13.0,0.0,0.0,0.0,1.0,0.0,0.0,1.0,4.5512,0.0,0.0,0.2826,0.0,0.0,0.0,3.0,1,http://248.222.249.130/confirm/wellsfargo/lz6m
43.0,24.0,12.0,2.0,2.0,0.0,3.0,1.0,0.0,0.0,0.0,0.0,0.0,0.0,1.0,3.93,0.0,0.0,0.0233,0.0,1.0,0.0,1.0,1,http://google-recover-3ripx.com/recover.php
40.0,15.0,17.0,2.0,0.0,0.0,4.0,0.0,0.0,1.0,0.0,0.0,0.0,1.0,1.0,4.0251,0.0,0.0,0.0,0.0,0.0,0.0,2.0,0,https://www.shopify.com/account/settings
35.0,16.0,11.0,2.0,1.0,0.0,3.0,0.0,0.0,1.0,0.0,0.0,0.0,1.0,0.0,3.9142,0.0,0.0,0.0,0.0,0.0,0.0,1.0,0,https://www.coursera.org/contact-us
44.0,12.0,24.0,1.0,1.0,0.0,5.0,4.0,0.0,0.0,0.0,0.0,0.0,1.0,0.0,4.2633,0.0,0.0,0.0909,0.0,0.0,0.0,3.0,0,https://stanford.edu/blog/2024/annual-report
47.0,14.0,7.0,1.0,0.0,0.0,3.0,0.0,3.0,0.0,1.0,0.0,0.0,1.0,0.0,4.3601,0.0,0.0,0.0,0.0,0.0,0.0,1.0,0,https://cloudflare.com/search?q=python+tutorial
39.0,12.0,20.0,3.0,0.0,0.0,5.0,10.0,0.0,0.0,0.0,1.0,0.0,0.0,1.0,4.2311,0.0,0.0,0.2564,0.0,0.0,0.0,3.0,1,http://68.5.135.195/password/apple/9kjo
41.0,15.0,19.0,3.0,0.0,0.0,5.0,13.0,0.0,0.0,0.0,1.0,0.0,0.0,1.0,4.3178,0.0,0.0,0.3171,0.0,0.0,0.0,3.0,1,http://111.124.137.106/verify/google/kga5
45.0,26.0,11.0,2.0,2.0,0.0,3.0,2.0,0.0,0.0,0.0,0.0,0.0,1.0,1.0,4.0221,0.0,0.0,0.0444,0.0,1.0,0.0,1.0,1,https://microsoft-signin-3nne0.com/signin.php
58.0,20.0,17.0,1.0,1.0,0.0,4.0,8.0,2.0,0.0,1.0,0.0,0.0,0.0,1.0,4.6617,0.0,0.0,0.1379,0.0,1.0,1.0,2.0,1,http://vo2b581z-banking.top/coinbase/banking?id=h34dz5pz7j
35.0,14.0,13.0,2.0,0.0,0.0,4.0,0.0,0.0,1.0,0.0,0.0,0.0,1.0,0.0,4.1147,0.0,0.0,0.0,0.0,0.0,0.0,2.0,0,https://www.github.com/user/profile
42.0,9.0,7.0,1.0,0.0,0.0,3.0,0.0,3.0,0.0,1.0,0.0,0.0,1.0,0.0,4.2938,0.0,0.0,0.0,0.0,0.0,0.0,1.0,0,https://slack.com/search?q=python+tutorial
40.0,25.0,8.0,2.0,2.0,0.0,3.0,1.0,0.0,1.0,0.0,0.0,0.0,0.0,1.0,4.1251,0.0,0.0,0.025,0.0,1.0,1.0,1.0,1,http://chase-recover.app-fy4b.gq/recover
31.0,15.0,8.0,1.0,0.0,0.0,3.0,0.0,0.0,0.0,0.0,0.0,0.0,1.0,0.0,3.9779,0.0,0.0,0.0,0.0,0.0,0.0,1.0,0,https://khanacademy.org/careers
39.0,12.0,20.0,3.0,0.0,0.0,5.0,10.0,0.0,0.0,0.0,1.0,0.0,0.0,1.0,4.2243,0.0,0.0,0.2564,0.0,0.0,0.0,3.0,1,http://51.1.175.252/confirm/paypal/dwo2
26.0,11.0,8.0,1.0,0.0,0.0,3.0,1.0,0.0,0.0,0.0,0.0,0.0,0.0,0.0,4.1039,0.0,0.0,0.0385,1.0,0.0,0.0,1.0,1,http://tinyurl.com/rvy2evb
20.0,5.0,8.0,1.0,0.0,0.0,3.0,2.0,0.0,0.0,0.0,0.0,0.0,0.0,0.0,3.5464,0.0,0.0,0.1,1.0,0.0,0.0,1.0,1,http://is.gd/9et9diw
56.0,20.0,14.0,1.0,1.0,0.0,4.0,6.0,2.0,0.0,1.0,0.0,0.0,1.0,1.0,4.8383,0.0,0.0,0.1071,0.0,1.0,1.0,2.0,1,https://kpok1bx9-verify.work/amazon/verify?id=yrk304s7ng
31.0,15.0,8.0,2.0,0.0,0.0,3.0,0.0,0.0,1.0,0.0,0.0,0.0,1.0,0.0,3.9292,0.0,0.0,0.0,0.0,0.0,0.0,1.0,0,https://www.spotify.com/pricing
33.0,11.0,14.0,1.0,0.0,0.0,5.0,1.0,0.0,0.0,0.0,0.0,0.0,1.0,0.0,3.9196,0.0,0.0,0.0303,0.0,0.0,0.0,3.0,0,https://mozilla.org/api/v1/status
36.0,17.0,11.0,1.0,1.0,0.0,3.0,0.0,0.0,0.0,0.0,0.0,0.0,1.0,0.0,4.0833,0.0,0.0,0.0,0.0,0.0,0.0,1.0,0,https://stackoverflow.com/contact-us
44.0,14.0,23.0,3.0,0.0,0.0,5.0,11.0,0.0,0.0,0.0,1.0,0.0,0.0,1.0,4.3371,0.0,0.0,0.25,0.0,0.0,0.0,3.0,1,http://152.116.42.134/invoice/microsoft/ppgj
26.0,11.0,8.0,1.0,0.0,0.0,3.0,1.0,0.0,0.0,0.0,0.0,0.0,0.0,0.0,4.1039,0.0,0.0,0.0385,1.0,0.0,0.0,1.0,1,http://tinyurl.com/js6eolm
21.0,6.0,8.0,1.0,0.0,0.0,3.0,1.0,0.0,0.0,0.0,0.0,0.0,0.0,0.0,3.8442,0.0,0.0,0.0476,1.0,0.0,0.0,1.0,1,http://bit.ly/sjhmq6v
23.0,15.0,0.0,1.0,0.0,0.0,2.0,0.0,0.0,0.0,0.0,0.0,0.0,1.0,0.0,4.056,0.0,0.0,0.0,0.0,0.0,0.0,0.0,0,https://theguardian.com
23.0,14.0,1.0,1.0,0.0,0.0,3.0,0.0,0.0,0.0,0.0,0.0,0.0,1.0,0.0,3.7294,0.0,0.0,0.0,0.0,0.0,0.0,0.0,0,https://protonmail.com/
53.0,18.0,14.0,1.0,1.0,0.0,4.0,6.0,2.0,0.0,1.0,0.0,0.0,0.0,1.0,4.6594,0.0,0.0,0.1132,0.0,1.0,1.0,2.0,1,http://vco81q6s-secure.ga/paypal/secure?id=itv69efsw2
36.0,14.0,14.0,1.0,0.0,0.0,5.0,1.0,0.0,0.0,0.0,0.0,0.0,1.0,0.0,3.8855,0.0,0.0,0.0278,0.0,0.0,0.0,3.0,0,https://protonmail.com/api/v1/status
26.0,11.0,8.0,1.0,0.0,0.0,3.0,6.0,0.0,0.0,0.0,0.0,0.0,0.0,0.0,4.1518,0.0,0.0,0.2308,1.0,0.0,0.0,1.0,1,http://tinyurl.com/365e667
44.0,24.0,12.0,2.0,2.0,0.0,3.0,0.0,0.0,0.0,0.0,0.0,0.0,1.0,1.0,4.0987,0.0,0.0,0.0,0.0,1.0,0.0,1.0,1,https://paypal-confirm-ctlov.com/confirm.php
21.0,6.0,8.0,1.0,0.0,0.0,3.0,2.0,0.0,0.0,0.0,0.0,0.0,0.0,0.0,3.749,0.0,0.0,0.0952,1.0,0.0,0.0,1.0,1,http://bit.ly/qyl53zu
30.0,11.0,11.0,2.0,1.0,0.0,3.0,0.0,0.0,1.0,0.0,0.0,0.0,1.0,0.0,3.7647,0.0,0.0,0.0,0.0,0.0,0.0,1.0,0,https://www.wsj.com/contact-us
44.0,24.0,12.0,2.0,2.0,0.0,3.0,2.0,0.0,0.0,0.0,0.0,0.0,1.0,1.0,4.1635,0.0,0.0,0.0455,0.0,1.0,0.0,1.0,1,https://amazon-billing-74gtn.com/billing.php
26.0,7.0,11.0,1.0,1.0,0.0,3.0,0.0,0.0,0.0,0.0,0.0,0.0,1.0,0.0,3.8403,0.0,0.0,0.0,0.0,0.0,0.0,1.0,0,https://mit.edu/contact-us
57.0,20.0,16.0,1.0,1.0,0.0,4.0,6.0,2.0,0.0,1.0,0.0,0.0,0.0,1.0,4.6772,0.0,0.0,0.1053,0.0,1.0,1.0,2.0,1,http://22znpsk5-unlock.info/facebook/unlock?id=kbm98yke4w
46.0,15.0,24.0,3.0,0.0,0.0,5.0,14.0,0.0,0.0,0.0,1.0,0.0,0.0,1.0,4.4065,0.0,0.0,0.3043,0.0,0.0,0.0,3.0,1,http://194.224.215.177/billing/wellsfargo/9i4v
21.0,12.0,1.0,2.0,0.0,0.0,3.0,0.0,0.0,1.0,0.0,0.0,0.0,1.0,0.0,3.749,0.0,0.0,0.0,0.0,0.0,0.0,0.0,0,https://www.ebay.com/
29.0,13.0,8.0,2.0,0.0,0.0,4.0,0.0,0.0,1.0,0.0,0.0,0.0,1.0,0.0,4.0044,0.0,0.0,0.0,0.0,0.0,0.0,2.0,0,https://www.quora.com/en/help
25.0,9.0,8.0,1.0,0.0,0.0,3.0,0.0,0.0,0.0,0.0,0.0,0.0,1.0,0.0,3.5591,0.0,0.0,0.0,0.0,0.0,0.0,1.0,0,https://twitch.tv/pricing
40.0,25.0,7.0,2.0,2.0,0.0,3.0,2.0,0.0,1.0,0.0,0.0,0.0,1.0,1.0,4.3439,0.0,0.0,0.05,0.0,1.0,1.0,1.0,1,https://chase-verify.web-9ed7.xyz/verify
34.0,13.0,13.0,2.0,0.0,0.0,4.0,0.0,0.0,1.0,0.0,0.0,0.0,1.0,0.0,4.1019,0.0,0.0,0.0,0.0,0.0,0.0,2.0,0,https://www.slack.com/user/profile
40.0,14.0,19.0,3.0,0.0,0.0,5.0,12.0,0.0,0.0,0.0,1.0,0.0,0.0,1.0,4.3439,0.0,0.0,0.3,0.0,0.0,0.0,3.0,1,http://54.237.188.157/verify/paypal/ed0i
30.0,10.0,12.0,1.0,0.0,0.0,4.0,0.0,0.0,0.0,0.0,0.0,0.0,1.0,0.0,3.7647,0.0,0.0,0.0,0.0,0.0,0.0,2.0,0,https://google.com/news/latest
27.0,11.0,8.0,1.0,0.0,0.0,3.0,0.0,0.0,0.0,0.0,0.0,0.0,1.0,0.0,3.9582,0.0,0.0,0.0,0.0,0.0,0.0,1.0,0,https://mozilla.org/careers
47.0,31.0,8.0,2.0,2.0,0.0,3.0,2.0,0.0,1.0,0.0,0.0,0.0,1.0,1.0,4.1578,0.0,0.0,0.0426,0.0,1.0,1.0,1.0,1,https://apple-invoice.service-z33x.info/invoice
44.0,11.0,7.0,1.0,0.0,0.0,3.0,0.0,3.0,0.0,1.0,0.0,0.0,1.0,0.0,4.2656,0.0,0.0,0.0,0.0,0.0,0.0,1.0,0,https://spotify.com/search?q=python+tutorial
28.0,14.0,6.0,2.0,0.0,0.0,3.0,0.0,0.0,1.0,0.0,0.0,0.0,1.0,0.0,3.9138,0.0,0.0,0.0,0.0,0.0,0.0,1.0,0,https://www.office.com/about
34.0,17.0,9.0,2.0,0.0,0.0,3.0,0.0,0.0,1.0,0.0,0.0,0.0,1.0,0.0,3.962,0.0,0.0,0.0,0.0,0.0,0.0,1.0,0,https://www.atlassian.com/products
46.0,14.0,24.0,1.0,1.0,0.0,5.0,4.0,0.0,0.0,0.0,0.0,0.0,1.0,0.0,4.3524,0.0,0.0,0.087,0.0,0.0,0.0,3.0,0,https://cloudflare.com/blog/2024/annual-report
21.0,6.0,8.0,1.0,0.0,0.0,3.0,2.0,0.0,0.0,0.0,0.0,0.0,0.0,0.0,3.9395,0.0,0.0,0.0952,1.0,0.0,0.0,1.0,1,http://bit.ly/9ourns0
27.0,10.0,9.0,1.0,0.0,0.0,3.0,0.0,0.0,0.0,0.0,0.0,0.0,1.0,0.0,3.708,0.0,0.0,0.0,0.0,0.0,0.0,1.0,0,https://python.org/products
26.0,17.0,1.0,2.0,0.0,0.0,3.0,0.0,0.0,1.0,0.0,0.0,0.0,1.0,0.0,3.7091,0.0,0.0,0.0,0.0,0.0,0.0,0.0,0,https://www.atlassian.com/
44.0,26.0,11.0,2.0,2.0,0.0,3.0,1.0,0.0,0.0,0.0,0.0,0.0,0.0,1.0,4.2939,0.0,0.0,0.0227,0.0,1.0,0.0,1.0,1,http://microsoft-verify-d2dug.com/verify.php
35.0,13.0,14.0,2.0,0.0,0.0,5.0,1.0,0.0,1.0,0.0,0.0,0.0,1.0,0.0,3.5288,0.0,0.0,0.0286,0.0,0.0,0.0,3.0,0,https://www.twitch.tv/api/v1/status
40.0,13.0,20.0,3.0,0.0,0.0,5.0,11.0,0.0,0.0,0.0,1.0,0.0,0.0,1.0,4.3939,0.0,0.0,0.275,0.0,0.0,0.0,3.0,1,http://16.144.198.83/billing/amazon/qu0z
47.0,14.0,7.0,2.0,0.0,0.0,3.0,0.0,3.0,1.0,1.0,0.0,0.0,1.0,0.0,4.4188,0.0,0.0,0.0,0.0,0.0,0.0,1.0,0,https://www.medium.com/search?q=python+tutorial
47.0,26.0,13.0,2.0,2.0,0.0,3.0,2.0,0.0,0.0,0.0,0.0,0.0,1.0,1.0,4.3155,0.0,0.0,0.0426,0.0,1.0,0.0,1.0,1,https://netflix-password-a91fn.com/password.php
31.0,12.0,11.0,2.0,1.0,0.0,3.0,0.0,0.0,1.0,0.0,0.0,0.0,1.0,0.0,3.9779,0.0,0.0,0.0,0.0,0.0,0.0,1.0,0,https://www.ebay.com/contact-us
36.0,14.0,14.0,2.0,0.0,0.0,5.0,1.0,0.0,1.0,0.0,0.0,0.0,1.0,0.0,3.9512,0.0,0.0,0.0278,0.0,0.0,0.0,3.0,0,https://www.medium.com/api/v1/status
60.0,21.0,17.0,1.0,1.0,0.0,4.0,7.0,2.0,0.0,1.0,0.0,0.0,1.0,1.0,4.6155,0.0,0.0,0.1167,0.0,1.0,1.0,2.0,1,https://7q43nvik-account.work/coinbase/account?id=74au0lj4ea
41.0,23.0,11.0,2.0,2.0,0.0,3.0,1.0,0.0,0.0,0.0,0.0,0.0,0.0,1.0,4.1923,0.0,0.0,0.0244,0.0,1.0,0.0,1.0,1,http://amazon-secure-6uqxr.com/secure.php
56.0,18.0,17.0,1.0,1.0,0.0,4.0,0.0,2.0,0.0,1.0,0.0,0.0,0.0,1.0,4.412,0.0,0.0,0.0,0.0,1.0,1.0,2.0,1,http://rccuoill-secure.ga/microsoft/secure?id=dxyibgcehn
24.0,10.0,6.0,1.0,0.0,0.0,3.0,0.0,0.0,0.0,0.0,0.0,0.0,1.0,0.0,3.7202,0.0,0.0,0.0,0.0,0.0,0.0,1.0,0,https://github.com/about
44.0,24.0,12.0,2.0,2.0,0.0,3.0,1.0,0.0,0.0,0.0,0.0,0.0,1.0,1.0,4.2261,0.0,0.0,0.0227,0.0,1.0,0.0,1.0,1,https://amazon-recover-ydq9n.com/recover.php
43.0,29.0,7.0,2.0,2.0,0.0,3.0,2.0,0.0,1.0,0.0,0.0,0.0,0.0,1.0,4.2023,0.0,0.0,0.0465,0.0,1.0,1.0,1.0,1,http://google-unlock.session-j0g1.ga/unlock
47.0,28.0,12.0,2.0,2.0,0.0,3.0,2.0,0.0,0.0,0.0,0.0,0.0,0.0,1.0,4.2485,0.0,0.0,0.0426,0.0,1.0,0.0,1.0,1,http://wellsfargo-recover-9jrb5.com/recover.php
34.0,18.0,8.0,2.0,0.0,0.0,3.0,0.0,0.0,1.0,0.0,0.0,0.0,1.0,0.0,3.9398,0.0,0.0,0.0,0.0,0.0,0.0,1.0,0,https://www.wellsfargo.com/careers
21.0,6.0,8.0,1.0,0.0,0.0,3.0,5.0,0.0,0.0,0.0,0.0,0.0,0.0,0.0,3.749,0.0,0.0,0.2381,1.0,0.0,0.0,1.0,1,http://bit.ly/yl65274
36.0,15.0,13.0,2.0,0.0,0.0,4.0,0.0,0.0,1.0,0.0,0.0,0.0,1.0,0.0,4.086,0.0,0.0,0.0,0.0,0.0,0.0,2.0,0,https://www.nytimes.com/user/profile
57.0,19.0,17.0,1.0,1.0,0.0,4.0,6.0,2.0,0.0,1.0,0.0,0.0,0.0,1.0,4.6289,0.0,0.0,0.1053,0.0,1.0,1.0,2.0,1,http://m5l8nwgj-banking.ml/facebook/banking?id=xl2l6j2bc8
46.0,32.0,7.0,2.0,2.0,0.0,3.0,1.0,0.0,1.0,0.0,0.0,0.0,0.0,1.0,4.1998,0.0,0.0,0.0217,0.0,1.0,1.0,1.0,1,http://google-secure.support-j3fb.click/secure
57.0,20.0,15.0,1.0,1.0,0.0,4.0,6.0,2.0,0.0,1.0,0.0,0.0,1.0,1.0,4.5254,0.0,0.0,0.1053,0.0,1.0,1.0,2.0,1,https://5zqall68-password.tk/chase/password?id=r63ruwhpv8
28.0,12.0,8.0,1.0,0.0,0.0,3.0,0.0,0.0,0.0,0.0,0.0,0.0,1.0,0.0,4.0391,0.0,0.0,0.0,0.0,0.0,0.0,1.0,0,https://stanford.edu/pricing
33.0,14.0,11.0,1.0,1.0,0.0,3.0,0.0,0.0,0.0,0.0,0.0,0.0,1.0,0.0,4.1044,0.0,0.0,0.0,0.0,0.0,0.0,1.0,0,https://wellsfargo.com/contact-us
42.0,23.0,12.0,2.0,2.0,0.0,3.0,1.0,0.0,0.0,0.0,0.0,0.0,0.0,1.0,4.0237,0.0,0.0,0.0238,0.0,1.0,0.0,1.0,1,http://apple-recover-imj2s.com/recover.php
21.0,6.0,8.0,1.0,0.0,0.0,3.0,1.0,0.0,0.0,0.0,0.0,0.0,0.0,0.0,3.5585,0.0,0.0,0.0476,1.0,0.0,0.0,1.0,1,http://bit.ly/bvqq5hl
25.0,9.0,8.0,1.0,0.0,0.0,4.0,0.0,0.0,0.0,0.0,0.0,0.0,1.0,0.0,3.4333,0.0,0.0,0.0,0.0,0.0,0.0,2.0,0,https://notion.so/en/help
30.0,14.0,8.0,1.0,0.0,0.0,3.0,0.0,0.0,0.0,0.0,0.0,0.0,1.0,0.0,3.9396,0.0,0.0,0.0,0.0,0.0,0.0,1.0,0,https://wellsfargo.com/careers
56.0,19.0,15.0,1.0,1.0,0.0,4.0,3.0,2.0,0.0,1.0,0.0,0.0,1.0,1.0,4.5735,0.0,0.0,0.0536,0.0,1.0,1.0,2.0,1,https://at2ykgdx-recover.tk/paypal/recover?id=nm1xer0btc
21.0,6.0,8.0,1.0,0.0,0.0,3.0,1.0,0.0,0.0,0.0,0.0,0.0,0.0,0.0,3.6538,0.0,0.0,0.0476,1.0,0.0,0.0,1.0,1,http://bit.ly/7icggrb
25.0,9.0,8.0,1.0,0.0,0.0,4.0,0.0,0.0,0.0,0.0,0.0,0.0,1.0,0.0,3.6235,0.0,0.0,0.0,0.0,0.0,0.0,2.0,0,https://chase.com/en/help
21.0,6.0,8.0,1.0,0.0,0.0,3.0,2.0,0.0,0.0,0.0,0.0,0.0,0.0,0.0,3.8442,0.0,0.0,0.0952,1.0,0.0,0.0,1.0,1,http://bit.ly/m5h8wje
41.0,8.0,7.0,1.0,0.0,0.0,3.0,0.0,3.0,0.0,1.0,0.0,0.0,1.0,0.0,4.3178,0.0,0.0,0.0,0.0,0.0,0.0,1.0,0,https://ebay.com/search?q=python+tutorial
43.0,13.0,23.0,3.0,0.0,0.0,5.0,10.0,0.0,0.0,0.0,1.0,0.0,0.0,1.0,4.284,0.0,0.0,0.2326,0.0,0.0,0.0,3.0,1,http://216.49.98.145/wallet/wellsfargo/ftzf
30.0,11.0,11.0,1.0,1.0,0.0,3.0,0.0,0.0,0.0,0.0,0.0,0.0,1.0,0.0,3.8193,0.0,0.0,0.0,0.0,0.0,0.0,1.0,0,https://spotify.com/contact-us
58.0,19.0,18.0,1.0,1.0,0.0,4.0,10.0,2.0,0.0,1.0,0.0,0.0,0.0,1.0,4.7159,0.0,0.0,0.1724,0.0,1.0,1.0,2.0,1,http://4nik6p0a-recover.ml/office365/recover?id=7rm59pd1ny
26.0,11.0,8.0,1.0,0.0,0.0,3.0,1.0,0.0,0.0,0.0,0.0,0.0,0.0,0.0,3.998,0.0,0.0,0.0385,1.0,0.0,0.0,1.0,1,http://tinyurl.com/lnfxf7f
41.0,22.0,11.0,2.0,2.0,0.0,3.0,0.0,0.0,0.0,0.0,0.0,0.0,1.0,1.0,3.9067,0.0,0.0,0.0,0.0,1.0,0.0,1.0,1,https://chase-update-aqgoa.com/update.php
43.0,29.0,7.0,2.0,2.0,0.0,3.0,1.0,0.0,1.0,0.0,0.0,0.0,0.0,1.0,4.1649,0.0,0.0,0.0233,0.0,1.0,1.0,1.0,1,http://instagram-secure.team-h3dl.tk/secure
59.0,20.0,18.0,1.0,1.0,0.0,4.0,6.0,2.0,0.0,1.0,0.0,0.0,0.0,1.0,4.6917,0.0,0.0,0.1017,0.0,1.0,1.0,2.0,1,http://g7n58req-wallet.work/wellsfargo/wallet?id=61cuuasnj0
28.0,14.0,6.0,2.0,0.0,0.0,3.0,0.0,0.0,1.0,0.0,0.0,0.0,1.0,0.0,3.9138,0.0,0.0,0.0,0.0,0.0,0.0,1.0,0,https://www.medium.com/about
54.0,18.0,14.0,1.0,1.0,0.0,4.0,8.0,2.0,0.0,1.0,0.0,0.0,1.0,1.0,4.6091,0.0,0.0,0.1481,0.0,1.0,1.0,2.0,1,https://jcog234s-signin.cf/paypal/signin?id=813xxhte61
44.0,25.0,12.0,2.0,2.0,0.0,3.0,2.0,0.0,0.0,0.0,0.0,0.0,0.0,1.0,4.1121,0.0,0.0,0.0455,0.0,1.0,0.0,1.0,1,http://netflix-confirm-9pnu9.com/confirm.php
35.0,18.0,9.0,2.0,0.0,0.0,3.0,0.0,0.0,1.0,0.0,0.0,0.0,1.0,0.0,4.05,0.0,0.0,0.0,0.0,0.0,0.0,1.0,0,https://www.cloudflare.com/products
53.0,18.0,13.0,1.0,1.0,0.0,4.0,3.0,2.0,0.0,1.0,0.0,0.0,1.0,1.0,4.4188,0.0,0.0,0.0566,0.0,1.0,1.0,2.0,1,https://coqzqa7o-signin.gq/apple/signin?id=co2pza1der
46.0,25.0,13.0,2.0,2.0,0.0,3.0,0.0,0.0,0.0,0.0,0.0,0.0,1.0,1.0,3.9595,0.0,0.0,0.0,0.0,1.0,0.0,1.0,1,https://amazon-password-otacg.com/password.php
40.0,13.0,20.0,3.0,0.0,0.0,5.0,12.0,0.0,0.0,0.0,1.0,0.0,0.0,1.0,4.2751,0.0,0.0,0.3,0.0,0.0,0.0,3.0,1,http://36.213.31.178/recover/paypal/3dq9
48.0,33.0,8.0,2.0,2.0,0.0,3.0,2.0,0.0,1.0,0.0,0.0,0.0,0.0,1.0,4.2385,0.0,0.0,0.0417,0.0,1.0,1.0,1.0,1,http://facebook-confirm.service-4e7i.top/confirm
29.0,13.0,8.0,1.0,0.0,0.0,3.0,0.0,0.0,0.0,0.0,0.0,0.0,1.0,0.0,3.7623,0.0,0.0,0.0,0.0,0.0,0.0,1.0,0,https://microsoft.com/pricing
25.0,9.0,8.0,1.0,0.0,0.0,3.0,0.0,0.0,0.0,0.0,0.0,0.0,1.0,0.0,3.9737,0.0,0.0,0.0,0.0,0.0,0.0,1.0,0,https://quora.com/pricing
30.0,14.0,8.0,2.0,0.0,0.0,3.0,0.0,0.0,1.0,0.0,0.0,0.0,1.0,0.0,3.8729,0.0,0.0,0.0,0.0,0.0,0.0,1.0,0,https://www.python.org/careers
26.0,11.0,8.0,1.0,0.0,0.0,3.0,1.0,0.0,0.0,0.0,0.0,0.0,0.0,0.0,4.1039,0.0,0.0,0.0385,1.0,0.0,0.0,1.0,1,http://tinyurl.com/yil0vsd
35.0,14.0,13.0,1.0,0.0,0.0,4.0,0.0,0.0,0.0,0.0,0.0,0.0,1.0,0.0,4.05,0.0,0.0,0.0,0.0,0.0,0.0,2.0,0,https://wellsfargo.com/user/profile
20.0,5.0,8.0,1.0,0.0,0.0,3.0,3.0,0.0,0.0,0.0,0.0,0.0,0.0,0.0,3.8842,0.0,0.0,0.15,1.0,0.0,0.0,1.0,1,http://is.gd/jo4h26b
28.0,9.0,11.0,1.0,1.0,0.0,3.0,0.0,0.0,0.0,0.0,0.0,0.0,1.0,0.0,3.8693,0.0,0.0,0.0,0.0,0.0,0.0,1.0,0,https://adobe.com/contact-us
26.0,9.0,9.0,1.0,0.0,0.0,3.0,0.0,0.0,0.0,0.0,0.0,0.0,1.0,0.0,3.8441,0.0,0.0,0.0,0.0,0.0,0.0,1.0,0,https://adobe.com/products
19.0,11.0,0.0,2.0,0.0,0.0,2.0,0.0,0.0,1.0,0.0,0.0,0.0,1.0,0.0,3.5369,0.0,0.0,0.0,0.0,0.0,0.0,0.0,0,https://www.mit.edu
46.0,30.0,8.0,2.0,2.0,0.0,3.0,2.0,0.0,1.0,0.0,0.0,0.0,1.0,1.0,4.1292,0.0,0.0,0.0435,0.0,1.0,1.0,1.0,1,https://microsoft-suspend.app-k7t0.top/suspend
56.0,20.0,14.0,1.0,1.0,0.0,4.0,4.0,2.0,0.0,1.0,0.0,0.0,1.0,1.0,4.6872,0.0,0.0,0.0714,0.0,1.0,1.0,2.0,1,https://yeanwi5b-suspend.xyz/apple/suspend?id=go3hjrm1w9
42.0,13.0,22.0,3.0,0.0,0.0,5.0,11.0,0.0,0.0,0.0,1.0,0.0,0.0,1.0,4.4429,0.0,0.0,0.2619,0.0,0.0,0.0,3.0,1,http://61.83.200.152/verify/microsoft/bco4
33.0,17.0,8.0,2.0,0.0,0.0,4.0,0.0,0.0,1.0,0.0,0.0,0.0,1.0,0.0,3.7865,0.0,0.0,0.0,0.0,0.0,0.0,2.0,0,https://www.pinterest.com/en/help
45.0,26.0,11.0,2.0,2.0,0.0,3.0,5.0,0.0,0.0,0.0,0.0,0.0,1.0,1.0,4.3201,0.0,0.0,0.1111,0.0,1.0,0.0,1.0,1,https://office365-update-br26t.com/update.php
42.0,13.0,22.0,3.0,0.0,0.0,5.0,11.0,0.0,0.0,0.0,1.0,0.0,0.0,1.0,4.4429,0.0,0.0,0.2619,0.0,0.0,0.0,3.0,1,http://6.203.143.175/verify/microsoft/z7iv
20.0,5.0,8.0,1.0,0.0,0.0,3.0,1.0,0.0,0.0,0.0,0.0,0.0,0.0,0.0,3.7464,0.0,0.0,0.05,1.0,0.0,0.0,1.0,1,http://is.gd/vot9ffa
20.0,5.0,8.0,1.0,0.0,0.0,3.0,1.0,0.0,0.0,0.0,0.0,0.0,0.0,0.0,3.7842,0.0,0.0,0.05,1.0,0.0,0.0,1.0,1,http://is.gd/yrohv7d
22.0,13.0,1.0,2.0,0.0,0.0,3.0,0.0,0.0,1.0,0.0,0.0,0.0,1.0,0.0,3.6635,0.0,0.0,0.0,0.0,0.0,0.0,0.0,0,https://www.slack.com/
45.0,13.0,24.0,1.0,1.0,0.0,5.0,4.0,0.0,0.0,0.0,0.0,0.0,1.0,0.0,4.3369,0.0,0.0,0.0889,0.0,0.0,0.0,3.0,0,https://microsoft.com/blog/2024/annual-report
40.0,7.0,7.0,1.0,0.0,0.0,3.0,0.0,3.0,0.0,1.0,0.0,0.0,1.0,0.0,4.2062,0.0,0.0,0.0,0.0,0.0,0.0,1.0,0,https://npr.org/search?q=python+tutorial
31.0,14.0,9.0,1.0,0.0,0.0,3.0,0.0,0.0,0.0,0.0,0.0,0.0,1.0,0.0,3.9536,0.0,0.0,0.0,0.0,0.0,0.0,1.0,0,https://cloudflare.com/products
34.0,9.0,17.0,1.0,0.0,0.0,4.0,0.0,0.0,0.0,0.0,0.0,0.0,1.0,1.0,3.5725,0.0,0.0,0.0,0.0,0.0,0.0,2.0,0,https://notion.so/account/settings
57.0,20.0,16.0,1.0,1.0,0.0,4.0,6.0,2.0,0.0,1.0,0.0,0.0,0.0,1.0,4.447,0.0,0.0,0.1053,0.0,1.0,1.0,2.0,1,http://b0gz8js4-billing.top/netflix/billing?id=p8e0gwo6fg
27.0,8.0,11.0,1.0,1.0,0.0,3.0,0.0,0.0,0.0,0.0,0.0,0.0,1.0,0.0,3.8842,0.0,0.0,0.0,0.0,0.0,0.0,1.0,0,https://ebay.com/contact-us
43.0,13.0,23.0,3.0,0.0,0.0,5.0,11.0,0.0,0.0,0.0,1.0,0.0,0.0,1.0,4.1909,0.0,0.0,0.2558,0.0,0.0,0.0,3.0,1,http://83.84.193.195/wallet/wellsfargo/w5wg
57.0,20.0,16.0,1.0,1.0,0.0,4.0,5.0,2.0,0.0,1.0,0.0,0.0,0.0,1.0,4.8193,0.0,0.0,0.0877,0.0,1.0,1.0,2.0,1,http://hpx0zcw2-verify.work/coinbase/verify?id=37cz1bnlbv
37.0,15.0,14.0,2.0,0.0,0.0,5.0,1.0,0.0,1.0,0.0,0.0,0.0,1.0,0.0,3.8925,0.0,0.0,0.027,0.0,0.0,0.0,3.0,0,https://www.spotify.com/api/v1/status
37.0,21.0,8.0,2.0,0.0,0.0,3.0,0.0,0.0,1.0,0.0,0.0,0.0,1.0,0.0,4.2089,0.0,0.0,0.0,0.0,0.0,0.0,1.0,0,https://www.stackoverflow.com/pricing
39.0,14.0,17.0,1.0,0.0,0.0,4.0,0.0,0.0,0.0,0.0,0.0,0.0,1.0,1.0,3.9066,0.0,0.0,0.0,0.0,0.0,0.0,2.0,0,https://protonmail.com/account/settings
55.0,19.0,15.0,1.0,1.0,0.0,4.0,4.0,2.0,0.0,1.0,0.0,0.0,0.0,1.0,4.6271,0.0,0.0,0.0727,0.0,1.0,1.0,2.0,1,http://vukx7az0-recover.cf/amazon/recover?id=dem6jrfl2c
45.0,13.0,24.0,1.0,1.0,0.0,5.0,4.0,0.0,0.0,0.0,0.0,0.0,1.0,0.0,4.2421,0.0,0.0,0.0889,0.0,0.0,0.0,3.0,0,https://atlassian.com/blog/2024/annual-report
29.0,15.0,6.0,1.0,0.0,0.0,3.0,0.0,0.0,0.0,0.0,0.0,0.0,1.0,0.0,4.0473,0.0,0.0,0.0,0.0,0.0,0.0,1.0,0,https://theguardian.com/about
42.0,12.0,23.0,3.0,0.0,0.0,5.0,9.0,0.0,0.0,0.0,1.0,0.0,0.0,1.0,4.3477,0.0,0.0,0.2143,0.0,0.0,0.0,3.0,1,http://198.185.4.53/password/coinbase/harw
45.0,12.0,7.0,1.0,0.0,0.0,3.0,0.0,3.0,0.0,1.0,0.0,0.0,1.0,0.0,4.3944,0.0,0.0,0.0,0.0,0.0,0.0,1.0,0,https://linkedin.com/search?q=python+tutorial
45.0,12.0,7.0,2.0,0.0,0.0,3.0,0.0,3.0,1.0,1.0,0.0,0.0,1.0,0.0,4.3944,0.0,0.0,0.0,0.0,0.0,0.0,1.0,0,https://www.ebay.com/search?q=python+tutorial
47.0,15.0,24.0,2.0,1.0,0.0,5.0,4.0,0.0,1.0,0.0,0.0,0.0,1.0,0.0,4.4509,0.0,0.0,0.0851,0.0,0.0,0.0,3.0,0,https://www.nytimes.com/blog/2024/annual-report
36.0,20.0,8.0,2.0,0.0,0.0,4.0,0.0,0.0,1.0,0.0,0.0,0.0,1.0,0.0,4.0515,0.0,0.0,0.0,0.0,0.0,0.0,2.0,0,https://www.digitalocean.com/en/help
35.0,13.0,14.0,1.0,0.0,0.0,5.0,1.0,0.0,0.0,0.0,0.0,0.0,1.0,0.0,3.6882,0.0,0.0,0.0286,0.0,0.0,0.0,3.0,0,https://atlassian.com/api/v1/status
47.0,14.0,7.0,1.0,0.0,0.0,3.0,0.0,3.0,0.0,1.0,0.0,0.0,1.0,0.0,4.4027,0.0,0.0,0.0,0.0,0.0,0.0,1.0,0,https://wellsfargo.com/search?q=python+tutorial
36.0,16.0,12.0,1.0,0.0,0.0,4.0,0.0,0.0,0.0,0.0,0.0,0.0,1.0,0.0,3.9512,0.0,0.0,0.0,0.0,0.0,0.0,2.0,0,https://digitalocean.com/news/latest
42.0,9.0,7.0,1.0,0.0,0.0,3.0,0.0,3.0,0.0,1.0,0.0,0.0,1.0,0.0,4.1839,0.0,0.0,0.0,0.0,0.0,0.0,1.0,0,https://twitch.tv/search?q=python+tutorial
23.0,7.0,8.0,1.0,0.0,0.0,3.0,0.0,0.0,0.0,0.0,0.0,0.0,1.0,0.0,3.5555,0.0,0.0,0.0,0.0,0.0,0.0,1.0,0,https://npr.org/pricing
48.0,33.0,8.0,2.0,2.0,0.0,3.0,1.0,0.0,1.0,0.0,0.0,0.0,0.0,1.0,4.2569,0.0,0.0,0.0208,0.0,1.0,1.0,1.0,1,http://instagram-invoice.support-6csq.tk/invoice
28.0,14.0,6.0,2.0,0.0,0.0,3.0,0.0,0.0,1.0,0.0,0.0,0.0,1.0,0.0,3.8693,0.0,0.0,0.0,0.0,0.0,0.0,1.0,0,https://www.google.com/about
44.0,29.0,7.0,2.0,2.0,0.0,3.0,0.0,0.0,1.0,0.0,0.0,0.0,1.0,1.0,4.0068,0.0,0.0,0.0,0.0,1.0,1.0,1.0,1,https://paypal-update.center-gtvb.top/update
44.0,13.0,24.0,3.0,0.0,0.0,5.0,11.0,0.0,0.0,0.0,1.0,0.0,0.0,1.0,4.5249,0.0,0.0,0.25,0.0,0.0,0.0,3.0,1,http://153.10.195.36/suspend/wellsfargo/j7sb
47.0,32.0,8.0,2.0,2.0,0.0,3.0,0.0,0.0,1.0,0.0,0.0,0.0,0.0,1.0,4.1313,0.0,0.0,0.0,0.0,1.0,1.0,1.0,1,http://netflix-billing.session-xmae.xyz/billing
35.0,10.0,17.0,1.0,0.0,0.0,4.0,0.0,0.0,0.0,0.0,0.0,0.0,1.0,1.0,3.8186,0.0,0.0,0.0,0.0,0.0,0.0,2.0,0,https://google.com/account/settings
18.0,10.0,0.0,1.0,0.0,0.0,2.0,0.0,0.0,0.0,0.0,0.0,0.0,1.0,0.0,3.6144,0.0,0.0,0.0,0.0,0.0,0.0,0.0,0,https://office.com
44.0,11.0,7.0,1.0,0.0,0.0,3.0,0.0,3.0,0.0,1.0,0.0,0.0,1.0,0.0,4.2656,0.0,0.0,0.0,0.0,0.0,0.0,1.0,0,https://nytimes.com/search?q=python+tutorial
47.0,27.0,12.0,2.0,2.0,0.0,3.0,0.0,0.0,0.0,0.0,0.0,0.0,1.0,1.0,4.1739,0.0,0.0,0.0,0.0,1.0,0.0,1.0,1,https://instagram-banking-hqmrz.com/banking.php
39.0,10.0,21.0,1.0,1.0,0.0,4.0,0.0,0.0,0.0,0.0,0.0,0.0,1.0,0.0,4.0091,0.0,0.0,0.0,0.0,0.0,0.0,2.0,0,https://amazon.com/docs/getting-started
61.0,22.0,18.0,1.0,1.0,0.0,4.0,9.0,2.0,0.0,1.0,0.0,0.0,0.0,1.0,4.6966,0.0,0.0,0.1475,0.0,1.0,1.0,2.0,1,http://zimuor8r-suspend.click/office365/suspend?id=61r2c6kho7
29.0,13.0,8.0,1.0,0.0,0.0,3.0,0.0,0.0,0.0,0.0,0.0,0.0,1.0,0.0,3.7363,0.0,0.0,0.0,0.0,0.0,0.0,1.0,0,https://microsoft.com/careers
33.0,14.0,11.0,1.0,1.0,0.0,3.0,0.0,0.0,0.0,0.0,0.0,0.0,1.0,0.0,3.9077,0.0,0.0,0.0,0.0,0.0,0.0,1.0,0,https://salesforce.com/contact-us
27.0,13.0,6.0,2.0,0.0,0.0,3.0,0.0,0.0,1.0,0.0,0.0,0.0,1.0,0.0,3.8282,0.0,0.0,0.0,0.0,0.0,0.0,1.0,0,https://www.quora.com/about
20.0,5.0,8.0,1.0,0.0,0.0,3.0,1.0,0.0,0.0,0.0,0.0,0.0,0.0,0.0,3.6464,0.0,0.0,0.05,1.0,0.0,0.0,1.0,1,http://is.gd/yqxq1xx
24.0,15.0,1.0,1.0,0.0,0.0,3.0,0.0,0.0,0.0,0.0,0.0,0.0,1.0,0.0,4.0221,0.0,0.0,0.0,0.0,0.0,0.0,0.0,0,https://theguardian.com/
29.0,13.0,8.0,2.0,0.0,0.0,3.0,0.0,0.0,1.0,0.0,0.0,0.0,1.0,0.0,3.9523,0.0,0.0,0.0,0.0,0.0,0.0,1.0,0,https://www.figma.com/pricing
39.0,14.0,18.0,3.0,0.0,0.0,5.0,11.0,0.0,0.0,0.0,1.0,0.0,0.0,1.0,4.2436,0.0,0.0,0.2821,0.0,0.0,0.0,3.0,1,http://234.63.204.124/wallet/chase/nqgv
20.0,5.0,8.0,1.0,0.0,0.0,3.0,3.0,0.0,0.0,0.0,0.0,0.0,0.0,0.0,3.5464,0.0,0.0,0.15,1.0,0.0,0.0,1.0,1,http://is.gd/6d00tgr
55.0,20.0,14.0,1.0,1.0,0.0,4.0,3.0,2.0,0.0,1.0,0.0,0.0,0.0,1.0,4.6289,0.0,0.0,0.0545,0.0,1.0,1.0,2.0,1,http://spkvkuyf-confirm.top/apple/confirm?id=gffaj815fj
21.0,6.0,8.0,1.0,0.0,0.0,3.0,3.0,0.0,0.0,0.0,0.0,0.0,0.0,0.0,3.8442,0.0,0.0,0.1429,1.0,0.0,0.0,1.0,1,http://bit.ly/e60ba8j
23.0,9.0,6.0,1.0,0.0,0.0,3.0,0.0,0.0,0.0,0.0,0.0,0.0,1.0,0.0,3.7294,0.0,0.0,0.0,0.0,0.0,0.0,1.0,0,https://apple.com/about
36.0,11.0,17.0,1.0,0.0,0.0,4.0,0.0,0.0,0.0,0.0,0.0,0.0,1.0,1.0,4.0277,0.0,0.0,0.0,0.0,0.0,0.0,2.0,0,https://mozilla.org/account/settings
43.0,24.0,12.0,2.0,2.0,0.0,3.0,1.0,0.0,0.0,0.0,0.0,0.0,0.0,1.0,4.0918,0.0,0.0,0.0233,0.0,1.0,0.0,1.0,1,http://paypal-confirm-iof7j.com/confirm.php
34.0,15.0,11.0,2.0,1.0,0.0,3.0,0.0,0.0,1.0,0.0,0.0,0.0,1.0,0.0,3.8085,0.0,0.0,0.0,0.0,0.0,0.0,1.0,0,https://www.outlook.com/contact-us
31.0,11.0,12.0,1.0,0.0,0.0,4.0,0.0,0.0,0.0,0.0,0.0,0.0,1.0,0.0,3.87,0.0,0.0,0.0,0.0,0.0,0.0,2.0,0,https://spotify.com/news/latest
36.0,7.0,21.0,1.0,1.0,0.0,4.0,0.0,0.0,0.0,0.0,0.0,0.0,1.0,0.0,3.8945,0.0,0.0,0.0,0.0,0.0,0.0,2.0,0,https://mit.edu/docs/getting-started
41.0,9.0,24.0,1.0,1.0,0.0,5.0,4.0,0.0,0.0,0.0,0.0,0.0,1.0,0.0,4.3178,0.0,0.0,0.0976,0.0,0.0,0.0,3.0,0,https://slack.com/blog/2024/annual-report
24.0,8.0,8.0,1.0,0.0,0.0,4.0,0.0,0.0,0.0,0.0,0.0,0.0,1.0,0.0,3.8035,0.0,0.0,0.0,0.0,0.0,0.0,2.0,0,https://ebay.com/en/help
38.0,14.0,17.0,3.0,0.0,0.0,5.0,12.0,0.0,0.0,0.0,1.0,0.0,0.0,1.0,4.3237,0.0,0.0,0.3158,0.0,0.0,0.0,3.0,1,http://176.114.160.69/login/chase/ym8p
40.0,11.0,21.0,1.0,1.0,0.0,4.0,0.0,0.0,0.0,0.0,0.0,0.0,1.0,0.0,4.0776,0.0,0.0,0.0,0.0,0.0,0.0,2.0,0,https://mozilla.org/docs/getting-started
42.0,13.0,22.0,3.0,0.0,0.0,5.0,11.0,0.0,0.0,0.0,1.0,0.0,0.0,1.0,4.3117,0.0,0.0,0.2619,0.0,0.0,0.0,3.0,1,http://41.244.239.57/account/coinbase/w3ba
20.0,11.0,1.0,1.0,0.0,0.0,3.0,0.0,0.0,0.0,0.0,0.0,0.0,1.0,0.0,3.6464,0.0,0.0,0.0,0.0,0.0,0.0,0.0,0,https://nytimes.com/
45.0,20.0,17.0,2.0,0.0,0.0,4.0,0.0,0.0,1.0,0.0,0.0,0.0,1.0,1.0,4.0243,0.0,0.0,0.0,0.0,0.0,0.0,2.0,0,https://www.digitalocean.com/account/settings
46.0,32.0,7.0,2.0,2.0,0.0,3.0,2.0,0.0,1.0,0.0,0.0,0.0,0.0,1.0,4.3488,0.0,0.0,0.0435,0.0,1.0,1.0,1.0,1,http://coinbase-secure.online-j81m.work/secure
42.0,12.0,23.0,3.0,0.0,0.0,5.0,10.0,0.0,0.0,0.0,1.0,0.0,0.0,1.0,4.3953,0.0,0.0,0.2381,0.0,0.0,0.0,3.0,1,http://170.13.94.80/account/instagram/kyc9
46.0,26.0,13.0,2.0,2.0,0.0,3.0,1.0,0.0,0.0,0.0,0.0,0.0,0.0,1.0,4.2925,0.0,0.0,0.0217,0.0,1.0,0.0,1.0,1,http://netflix-password-anx3f.com/password.php
44.0,25.0,11.0,2.0,2.0,0.0,3.0,0.0,0.0,0.0,0.0,0.0,0.0,1.0,1.0,4.2462,0.0,0.0,0.0,0.0,1.0,0.0,1.0,1,https://facebook-unlock-zlurj.com/unlock.php
37.0,11.0,19.0,3.0,0.0,0.0,5.0,10.0,0.0,0.0,0.0,1.0,0.0,0.0,1.0,4.1858,0.0,0.0,0.2703,0.0,0.0,0.0,3.0,1,http://153.3.202.4/update/google/0zk2
43.0,23.0,12.0,2.0,2.0,0.0,3.0,3.0,0.0,0.0,0.0,0.0,0.0,1.0,1.0,4.0605,0.0,0.0,0.0698,0.0,1.0,0.0,1.0,1,https://apple-account-81b6o.com/account.php
57.0,19.0,17.0,1.0,1.0,0.0,4.0,4.0,2.0,0.0,1.0,0.0,0.0,0.0,1.0,4.6657,0.0,0.0,0.0702,0.0,1.0,1.0,2.0,1,http://4vufvrvi-billing.ga/facebook/billing?id=yd2u1em9oh
41.0,27.0,7.0,2.0,2.0,0.0,3.0,3.0,0.0,1.0,0.0,0.0,0.0,0.0,1.0,4.2595,0.0,0.0,0.0732,0.0,1.0,1.0,1.0,1,http://instagram-secure.id-8c04.tk/secure
46.0,26.0,12.0,2.0,2.0,0.0,3.0,1.0,0.0,0.0,0.0,0.0,0.0,1.0,1.0,4.1727,0.0,0.0,0.0217,0.0,1.0,0.0,1.0,1,https://coinbase-billing-zom8g.com/billing.php
21.0,7.0,6.0,1.0,0.0,0.0,3.0,0.0,0.0,0.0,0.0,0.0,0.0,1.0,0.0,3.749,0.0,0.0,0.0,0.0,0.0,0.0,1.0,0,https://wsj.com/about
41.0,11.0,23.0,3.0,0.0,0.0,5.0,11.0,0.0,0.0,0.0,1.0,0.0,0.0,1.0,4.501,0.0,0.0,0.2683,0.0,0.0,0.0,3.0,1,http://29.98.10.34/banking/office365/gghu
30.0,9.0,13.0,1.0,0.0,0.0,4.0,0.0,0.0,0.0,0.0,0.0,0.0,1.0,0.0,3.9899,0.0,0.0,0.0,0.0,0.0,0.0,2.0,0,https://npmjs.com/user/profile
46.0,13.0,7.0,2.0,0.0,0.0,3.0,0.0,3.0,1.0,1.0,0.0,0.0,1.0,0.0,4.1998,0.0,0.0,0.0,0.0,0.0,0.0,1.0,0,https://www.notion.so/search?q=python+tutorial
28.0,11.0,9.0,1.0,0.0,0.0,3.0,0.0,0.0,0.0,0.0,0.0,0.0,1.0,0.0,3.7265,0.0,0.0,0.0,0.0,0.0,0.0,1.0,0,https://dropbox.com/products
26.0,18.0,0.0,2.0,0.0,0.0,2.0,0.0,0.0,1.0,0.0,0.0,0.0,1.0,0.0,4.056,0.0,0.0,0.0,0.0,0.0,0.0,0.0,0,https://www.cloudflare.com
26.0,9.0,9.0,1.0,0.0,0.0,3.0,0.0,0.0,0.0,0.0,0.0,0.0,1.0,0.0,3.9501,0.0,0.0,0.0,0.0,0.0,0.0,1.0,0,https://figma.com/products
26.0,11.0,8.0,1.0,0.0,0.0,3.0,3.0,0.0,0.0,0.0,0.0,0.0,0.0,0.0,4.2578,0.0,0.0,0.1154,1.0,0.0,0.0,1.0,1,http://tinyurl.com/gu1dw72
54.0,19.0,14.0,1.0,1.0,0.0,4.0,2.0,2.0,0.0,1.0,0.0,0.0,0.0,1.0,4.563,0.0,0.0,0.037,0.0,1.0,1.0,2.0,1,http://lgt1qrmz-login.info/netflix/login?id=wgy4mpucvw
44.0,26.0,11.0,2.0,2.0,0.0,3.0,6.0,0.0,0.0,0.0,0.0,0.0,0.0,1.0,4.3736,0.0,0.0,0.1364,0.0,1.0,0.0,1.0,1,http://office365-verify-9l2h4.com/verify.php
43.0,25.0,11.0,2.0,2.0,0.0,3.0,0.0,0.0,0.0,0.0,0.0,0.0,0.0,1.0,4.2199,0.0,0.0,0.0,0.0,1.0,0.0,1.0,1,http://coinbase-update-inzlk.com/update.php
42.0,9.0,7.0,1.0,0.0,0.0,3.0,0.0,3.0,0.0,1.0,0.0,0.0,1.0,0.0,4.2165,0.0,0.0,0.0,0.0,0.0,0.0,1.0,0,https://chase.com/search?q=python+tutorial
26.0,11.0,8.0,1.0,0.0,0.0,3.0,1.0,0.0,0.0,0.0,0.0,0.0,0.0,0.0,4.1039,0.0,0.0,0.0385,1.0,0.0,0.0,1.0,1,http://tinyurl.com/k9pfvkl
47.0,18.0,21.0,2.0,1.0,0.0,4.0,0.0,0.0,1.0,0.0,0.0,0.0,1.0,0.0,4.1256,0.0,0.0,0.0,0.0,0.0,0.0,2.0,0,https://www.protonmail.com/docs/getting-started
55.0,20.0,14.0,1.0,1.0,0.0,4.0,4.0,2.0,0.0,1.0,0.0,0.0,0.0,1.0,4.5407,0.0,0.0,0.0727,0.0,1.0,1.0,2.0,1,http://2nqrieih-suspend.xyz/apple/suspend?id=t1xaljms53
45.0,30.0,8.0,2.0,2.0,0.0,3.0,0.0,0.0,1.0,0.0,0.0,0.0,0.0,1.0,4.1526,0.0,0.0,0.0,0.0,1.0,1.0,1.0,1,http://google-banking.portal-juuz.top/banking
44.0,25.0,12.0,2.0,2.0,0.0,3.0,3.0,0.0,0.0,0.0,0.0,0.0,0.0,1.0,4.1664,0.0,0.0,0.0682,0.0,1.0,0.0,1.0,1,http://netflix-invoice-38f3a.com/invoice.php
27.0,18.0,1.0,2.0,0.0,0.0,3.0,0.0,0.0,1.0,0.0,0.0,0.0,1.0,0.0,3.8562,0.0,0.0,0.0,0.0,0.0,0.0,0.0,0,https://www.salesforce.com/
18.0,9.0,1.0,1.0,0.0,0.0,3.0,0.0,0.0,0.0,0.0,0.0,0.0,1.0,0.0,3.6835,0.0,0.0,0.0,0.0,0.0,0.0,0.0,0,https://figma.com/
40.0,15.0,17.0,2.0,0.0,0.0,4.0,0.0,0.0,1.0,0.0,0.0,0.0,1.0,1.0,3.9276,0.0,0.0,0.0,0.0,0.0,0.0,2.0,0,https://www.nytimes.com/account/settings
25.0,11.0,6.0,1.0,0.0,0.0,3.0,0.0,0.0,0.0,0.0,0.0,0.0,1.0,0.0,3.5893,0.0,0.0,0.0,0.0,0.0,0.0,1.0,0,https://outlook.com/about
40.0,22.0,11.0,2.0,2.0,0.0,3.0,1.0,0.0,0.0,0.0,0.0,0.0,0.0,1.0,4.1398,0.0,0.0,0.025,0.0,1.0,0.0,1.0,1,http://chase-verify-cmty7.com/verify.php
21.0,6.0,8.0,1.0,0.0,0.0,3.0,0.0,0.0,0.0,0.0,0.0,0.0,0.0,0.0,3.6538,0.0,0.0,0.0,1.0,0.0,0.0,1.0,1,http://bit.ly/lhcygnm
28.0,12.0,8.0,1.0,0.0,0.0,3.0,0.0,0.0,0.0,0.0,0.0,0.0,1.0,0.0,3.9677,0.0,0.0,0.0,0.0,0.0,0.0,1.0,0,https://linkedin.com/pricing
44.0,26.0,11.0,2.0,2.0,0.0,3.0,5.0,0.0,0.0,0.0,0.0,0.0,0.0,1.0,4.2999,0.0,0.0,0.1136,0.0,1.0,0.0,1.0,1,http://office365-update-qpw90.com/update.php
21.0,6.0,8.0,1.0,0.0,0.0,3.0,2.0,0.0,0.0,0.0,0.0,0.0,0.0,0.0,3.8442,0.0,0.0,0.0952,1.0,0.0,0.0,1.0,1,http://bit.ly/x56gvxq
34.0,14.0,12.0,2.0,0.0,0.0,4.0,0.0,0.0,1.0,0.0,0.0,0.0,1.0,0.0,3.9003,0.0,0.0,0.0,0.0,0.0,0.0,2.0,0,https://www.gitlab.com/news/latest
56.0,18.0,16.0,1.0,1.0,0.0,4.0,4.0,2.0,0.0,1.0,0.0,0.0,1.0,1.0,4.4809,0.0,0.0,0.0714,0.0,1.0,1.0,2.0,1,https://by96mk3x-signin.ml/coinbase/signin?id=pl4muisebn
29.0,15.0,6.0,1.0,0.0,0.0,3.0,0.0,0.0,0.0,0.0,0.0,0.0,1.0,0.0,4.1163,0.0,0.0,0.0,0.0,0.0,0.0,1.0,0,https://khanacademy.org/about
45.0,13.0,24.0,2.0,1.0,0.0,5.0,4.0,0.0,1.0,0.0,0.0,0.0,1.0,0.0,4.4556,0.0,0.0,0.0889,0.0,0.0,0.0,3.0,0,https://www.figma.com/blog/2024/annual-report
20.0,5.0,8.0,1.0,0.0,0.0,3.0,1.0,0.0,0.0,0.0,0.0,0.0,0.0,0.0,3.7842,0.0,0.0,0.05,1.0,0.0,0.0,1.0,1,http://is.gd/zlbl5pw
39.0,14.0,18.0,3.0,0.0,0.0,5.0,12.0,0.0,0.0,0.0,1.0,0.0,0.0,1.0,4.1604,0.0,0.0,0.3077,0.0,0.0,0.0,3.0,1,http://84.118.179.254/update/apple/qkn9
21.0,6.0,8.0,1.0,0.0,0.0,3.0,1.0,0.0,0.0,0.0,0.0,0.0,0.0,0.0,3.749,0.0,0.0,0.0476,1.0,0.0,0.0,1.0,1,http://bit.ly/lqdyx8o
29.0,13.0,8.0,2.0,0.0,0.0,4.0,0.0,0.0,1.0,0.0,0.0,0.0,1.0,0.0,3.5351,0.0,0.0,0.0,0.0,0.0,0.0,2.0,0,https://www.twitch.tv/en/help
31.0,15.0,8.0,2.0,0.0,0.0,4.0,0.0,0.0,1.0,0.0,0.0,0.0,1.0,0.0,3.8087,0.0,0.0,0.0,0.0,0.0,0.0,2.0,0,https://www.outlook.com/en/help
60.0,22.0,17.0,1.0,1.0,0.0,4.0,4.0,2.0,0.0,1.0,0.0,0.0,0.0,1.0,4.692,0.0,0.0,0.0667,0.0,1.0,1.0,2.0,1,http://gvs9voqb-suspend.click/facebook/suspend?id=ael21kim7t
42.0,23.0,11.0,2.0,2.0,0.0,3.0,1.0,0.0,0.0,0.0,0.0,0.0,1.0,1.0,4.3204,0.0,0.0,0.0238,0.0,1.0,0.0,1.0,1,https://google-verify-bdey7.com/verify.php
31.0,9.0,14.0,1.0,0.0,0.0,5.0,1.0,0.0,0.0,0.0,0.0,0.0,1.0,0.0,3.8213,0.0,0.0,0.0323,0.0,0.0,0.0,3.0,0,https://quora.com/api/v1/status
28.0,9.0,11.0,1.0,1.0,0.0,3.0,0.0,0.0,0.0,0.0,0.0,0.0,1.0,0.0,3.7265,0.0,0.0,0.0,0.0,0.0,0.0,1.0,0,https://npmjs.com/contact-us
42.0,13.0,22.0,3.0,0.0,0.0,5.0,11.0,0.0,0.0,0.0,1.0,0.0,0.0,1.0,4.336,0.0,0.0,0.2619,0.0,0.0,0.0,3.0,1,http://1.129.134.194/billing/coinbase/iu7z
32.0,10.0,14.0,1.0,0.0,0.0,5.0,1.0,0.0,0.0,0.0,0.0,0.0,1.0,0.0,3.8636,0.0,0.0,0.0312,0.0,0.0,0.0,3.0,0,https://office.com/api/v1/status
28.0,12.0,8.0,1.0,0.0,0.0,3.0,0.0,0.0,0.0,0.0,0.0,0.0,1.0,0.0,3.5976,0.0,0.0,0.0,0.0,0.0,0.0,1.0,0,https://coursera.org/careers
21.0,6.0,8.0,1.0,0.0,0.0,3.0,2.0,0.0,0.0,0.0,0.0,0.0,0.0,0.0,3.749,0.0,0.0,0.0952,1.0,0.0,0.0,1.0,1,http://bit.ly/iq31ahc
28.0,9.0,11.0,1.0,1.0,0.0,3.0,0.0,0.0,0.0,0.0,0.0,0.0,1.0,0.0,3.7979,0.0,0.0,0.0,0.0,0.0,0.0,1.0,0,https://apple.com/contact-us
54.0,18.0,15.0,1.0,1.0,0.0,4.0,5.0,2.0,0.0,1.0,0.0,0.0,0.0,1.0,4.6461,0.0,0.0,0.0926,0.0,1.0,1.0,2.0,1,http://teh7sg8s-secure.tk/netflix/secure?id=ooz74vbi0m
42.0,17.0,17.0,2.0,0.0,0.0,4.0,0.0,0.0,1.0,0.0,0.0,0.0,1.0,1.0,4.0503,0.0,0.0,0.0,0.0,0.0,0.0,2.0,0,https://www.wikipedia.org/account/settings
35.0,10.0,17.0,1.0,0.0,0.0,4.0,0.0,0.0,0.0,0.0,0.0,0.0,1.0,1.0,3.8402,0.0,0.0,0.0,0.0,0.0,0.0,2.0,0,https://office.com/account/settings
42.0,9.0,7.0,1.0,0.0,0.0,3.0,0.0,3.0,0.0,1.0,0.0,0.0,1.0,0.0,4.3477,0.0,0.0,0.0,0.0,0.0,0.0,1.0,0,https://adobe.com/search?q=python+tutorial
21.0,6.0,8.0,1.0,0.0,0.0,3.0,4.0,0.0,0.0,0.0,0.0,0.0,0.0,0.0,3.6538,0.0,0.0,0.1905,1.0,0.0,0.0,1.0,1,http://bit.ly/d0i205l
46.0,30.0,8.0,2.0,2.0,0.0,3.0,0.0,0.0,1.0,0.0,0.0,0.0,1.0,1.0,4.2733,0.0,0.0,0.0,0.0,1.0,1.0,1.0,1,https://paypal-confirm.online-gwxt.top/confirm
22.0,14.0,0.0,1.0,0.0,0.0,2.0,0.0,0.0,0.0,0.0,0.0,0.0,1.0,0.0,4.0049,0.0,0.0,0.0,0.0,0.0,0.0,0.0,0,https://wellsfargo.com
44.0,15.0,21.0,1.0,1.0,0.0,4.0,0.0,0.0,0.0,0.0,0.0,0.0,1.0,0.0,4.0179,0.0,0.0,0.0,0.0,0.0,0.0,2.0,0,https://theguardian.com/docs/getting-started
45.0,25.0,13.0,2.0,2.0,0.0,3.0,2.0,0.0,0.0,0.0,0.0,0.0,0.0,1.0,4.2312,0.0,0.0,0.0444,0.0,1.0,0.0,1.0,1,http://google-password-08bav.com/password.php
21.0,6.0,8.0,1.0,0.0,0.0,3.0,0.0,0.0,0.0,0.0,0.0,0.0,0.0,0.0,3.749,0.0,0.0,0.0,1.0,0.0,0.0,1.0,1,http://bit.ly/evrcyqh
30.0,14.0,8.0,2.0,0.0,0.0,4.0,0.0,0.0,1.0,0.0,0.0,0.0,1.0,0.0,3.9647,0.0,0.0,0.0,0.0,0.0,0.0,2.0,0,https://www.github.com/en/help
39.0,14.0,17.0,2.0,0.0,0.0,4.0,0.0,0.0,1.0,0.0,0.0,0.0,1.0,1.0,3.9485,0.0,0.0,0.0,0.0,0.0,0.0,2.0,0,https://www.amazon.com/account/settings
46.0,32.0,7.0,2.0,2.0,0.0,3.0,4.0,0.0,1.0,0.0,0.0,0.0,0.0,1.0,4.3524,0.0,0.0,0.087,0.0,1.0,1.0,1.0,1,http://office365-wallet.support-9era.gq/wallet
39.0,18.0,13.0,2.0,0.0,0.0,4.0,0.0,0.0,1.0,0.0,0.0,0.0,1.0,0.0,4.0604,0.0,0.0,0.0,0.0,0.0,0.0,2.0,0,https://www.wellsfargo.com/user/profile
57.0,20.0,15.0,1.0,1.0,0.0,4.0,7.0,2.0,0.0,1.0,0.0,0.0,1.0,1.0,4.6421,0.0,0.0,0.1228,0.0,1.0,1.0,2.0,1,https://zre6m6th-wallet.work/netflix/wallet?id=03ps37vnz8
40.0,18.0,14.0,2.0,0.0,0.0,5.0,1.0,0.0,1.0,0.0,0.0,0.0,1.0,0.0,4.1128,0.0,0.0,0.025,0.0,0.0,0.0,3.0,0,https://www.wellsfargo.com/api/v1/status
40.0,26.0,7.0,2.0,2.0,0.0,3.0,1.0,0.0,1.0,0.0,0.0,0.0,0.0,1.0,3.7635,0.0,0.0,0.025,0.0,1.0,1.0,1.0,1,http://paypal-update.auth-eeq2.ml/update
29.0,12.0,9.0,1.0,0.0,0.0,3.0,0.0,0.0,0.0,0.0,0.0,0.0,1.0,0.0,3.8144,0.0,0.0,0.0,0.0,0.0,0.0,1.0,0,https://stanford.edu/products
40.0,14.0,19.0,3.0,0.0,0.0,5.0,11.0,0.0,0.0,0.0,1.0,0.0,0.0,1.0,4.2251,0.0,0.0,0.275,0.0,0.0,0.0,3.0,1,http://198.32.168.144/recover/apple/ujae
31.0,10.0,13.0,1.0,0.0,0.0,4.0,0.0,0.0,0.0,0.0,0.0,0.0,1.0,0.0,3.8976,0.0,0.0,0.0,0.0,0.0,0.0,2.0,0,https://google.com/user/profile
48.0,16.0,24.0,2.0,1.0,0.0,5.0,4.0,0.0,1.0,0.0,0.0,0.0,1.0,0.0,4.3478,0.0,0.0,0.0833,0.0,0.0,0.0,3.0,0,https://www.stanford.edu/blog/2024/annual-report
34.0,13.0,13.0,2.0,0.0,0.0,4.0,0.0,0.0,1.0,0.0,0.0,0.0,1.0,0.0,4.0797,0.0,0.0,0.0,0.0,0.0,0.0,2.0,0,https://www.npmjs.com/user/profile
27.0,13.0,6.0,1.0,0.0,0.0,3.0,0.0,0.0,0.0,0.0,0.0,0.0,1.0,0.0,4.0043,0.0,0.0,0.0,0.0,0.0,0.0,1.0,0,https://wikipedia.org/about
39.0,10.0,21.0,1.0,1.0,0.0,4.0,0.0,0.0,0.0,0.0,0.0,0.0,1.0,0.0,3.9898,0.0,0.0,0.0,0.0,0.0,0.0,2.0,0,https://office.com/docs/getting-started
29.0,7.0,14.0,1.0,0.0,0.0,5.0,1.0,0.0,0.0,0.0,0.0,0.0,1.0,0.0,3.6301,0.0,0.0,0.0345,0.0,0.0,0.0,3.0,0,https://zoom.us/api/v1/status
28.0,11.0,9.0,2.0,0.0,0.0,3.0,0.0,0.0,1.0,0.0,0.0,0.0,1.0,0.0,3.8424,0.0,0.0,0.0,0.0,0.0,0.0,1.0,0,https://www.usa.gov/products
33.0,12.0,13.0,1.0,0.0,0.0,4.0,0.0,0.0,0.0,0.0,0.0,0.0,1.0,0.0,4.0896,0.0,0.0,0.0,0.0,0.0,0.0,2.0,0,https://linkedin.com/user/profile
40.0,22.0,11.0,2.0,2.0,0.0,3.0,2.0,0.0,0.0,0.0,0.0,0.0,0.0,1.0,3.9751,0.0,0.0,0.05,0.0,1.0,0.0,1.0,1,http://chase-secure-6szo4.com/secure.php
40.0,15.0,17.0,2.0,0.0,0.0,4.0,0.0,0.0,1.0,0.0,0.0,0.0,1.0,1.0,4.0587,0.0,0.0,0.0,0.0,0.0,0.0,2.0,0,https://www.netflix.com/account/settings
40.0,11.0,22.0,3.0,0.0,0.0,5.0,10.0,0.0,0.0,0.0,1.0,0.0,0.0,1.0,4.2439,0.0,0.0,0.25,0.0,0.0,0.0,3.0,1,http://54.82.51.20/update/instagram/1d4g
41.0,22.0,11.0,2.0,2.0,0.0,3.0,3.0,0.0,0.0,0.0,0.0,0.0,1.0,1.0,4.0531,0.0,0.0,0.0732,0.0,1.0,0.0,1.0,1,https://apple-secure-7z7m1.com/secure.php
37.0,12.0,17.0,1.0,0.0,0.0,4.0,0.0,0.0,0.0,0.0,0.0,0.0,1.0,1.0,3.905,0.0,0.0,0.0,0.0,0.0,0.0,2.0,0,https://stanford.edu/account/settings
17.0,9.0,0.0,1.0,0.0,0.0,2.0,0.0,0.0,0.0,0.0,0.0,0.0,1.0,0.0,3.7345,0.0,0.0,0.0,0.0,0.0,0.0,0.0,0,https://figma.com
36.0,7.0,21.0,1.0,1.0,0.0,4.0,0.0,0.0,0.0,0.0,0.0,0.0,1.0,0.0,3.8848,0.0,0.0,0.0,0.0,0.0,0.0,2.0,0,https://irs.gov/docs/getting-started
40.0,11.0,21.0,2.0,1.0,0.0,4.0,0.0,0.0,1.0,0.0,0.0,0.0,1.0,0.0,4.0052,0.0,0.0,0.0,0.0,0.0,0.0,2.0,0,https://www.mit.edu/docs/getting-started
42.0,15.0,20.0,3.0,0.0,0.0,5.0,13.0,0.0,0.0,0.0,1.0,0.0,0.0,1.0,4.4429,0.0,0.0,0.3095,0.0,0.0,0.0,3.0,1,http://167.207.253.235/confirm/amazon/vt8u
32.0,15.0,9.0,1.0,0.0,0.0,3.0,0.0,0.0,0.0,0.0,0.0,0.0,1.0,0.0,4.0389,0.0,0.0,0.0,0.0,0.0,0.0,1.0,0,https://theguardian.com/products
43.0,18.0,17.0,2.0,0.0,0.0,4.0,0.0,0.0,1.0,0.0,0.0,0.0,1.0,1.0,4.0186,0.0,0.0,0.0,0.0,0.0,0.0,2.0,0,https://www.protonmail.com/account/settings
38.0,18.0,12.0,2.0,0.0,0.0,4.0,0.0,0.0,1.0,0.0,0.0,0.0,1.0,0.0,3.8371,0.0,0.0,0.0,0.0,0.0,0.0,2.0,0,https://www.salesforce.com/news/latest
50.0,18.0,24.0,2.0,1.0,0.0,5.0,4.0,0.0,1.0,0.0,0.0,0.0,1.0,0.0,4.4313,0.0,0.0,0.08,0.0,0.0,0.0,3.0,0,https://www.cloudflare.com/blog/2024/annual-report
28.0,14.0,6.0,1.0,0.0,0.0,3.0,0.0,0.0,0.0,0.0,0.0,0.0,1.0,0.0,4.0122,0.0,0.0,0.0,0.0,0.0,0.0,1.0,0,https://cloudflare.com/about
30.0,14.0,8.0,2.0,0.0,0.0,3.0,0.0,0.0,1.0,0.0,0.0,0.0,1.0,0.0,3.9899,0.0,0.0,0.0,0.0,0.0,0.0,1.0,0,https://www.paypal.com/pricing
40.0,24.0,8.0,2.0,2.0,0.0,3.0,2.0,0.0,1.0,0.0,0.0,0.0,1.0,1.0,3.9685,0.0,0.0,0.05,0.0,1.0,1.0,1.0,1,https://apple-suspend.id-16pn.cf/suspend
49.0,33.0,8.0,2.0,2.0,0.0,3.0,0.0,0.0,1.0,0.0,0.0,0.0,1.0,1.0,4.036,0.0,0.0,0.0,0.0,1.0,1.0,1.0,1,https://microsoft-invoice.session-cfca.gq/invoice
44.0,11.0,7.0,1.0,0.0,0.0,3.0,0.0,3.0,0.0,1.0,0.0,0.0,1.0,0.0,4.3631,0.0,0.0,0.0,0.0,0.0,0.0,1.0,0,https://dropbox.com/search?q=python+tutorial
43.0,25.0,11.0,2.0,2.0,0.0,3.0,2.0,0.0,0.0,0.0,0.0,0.0,0.0,1.0,4.0566,0.0,0.0,0.0465,0.0,1.0,0.0,1.0,1,http://facebook-wallet-hcl62.com/wallet.php
26.0,11.0,8.0,1.0,0.0,0.0,3.0,4.0,0.0,0.0,0.0,0.0,0.0,0.0,0.0,4.1808,0.0,0.0,0.1538,1.0,0.0,0.0,1.0,1,http://tinyurl.com/8j165ji
42.0,24.0,11.0,2.0,2.0,0.0,3.0,1.0,0.0,0.0,0.0,0.0,0.0,0.0,1.0,4.0713,0.0,0.0,0.0238,0.0,1.0,0.0,1.0,1,http://netflix-signin-1btoh.com/signin.php
40.0,13.0,20.0,3.0,0.0,0.0,5.0,10.0,0.0,0.0,0.0,1.0,0.0,0.0,1.0,4.3751,0.0,0.0,0.25,0.0,0.0,0.0,3.0,1,http://117.60.23.240/account/google/iuwk
42.0,13.0,22.0,3.0,0.0,0.0,5.0,11.0,0.0,0.0,0.0,1.0,0.0,0.0,1.0,4.3836,0.0,0.0,0.2619,0.0,0.0,0.0,3.0,1,http://27.171.95.116/suspend/facebook/bd6x
21.0,6.0,8.0,1.0,0.0,0.0,3.0,1.0,0.0,0.0,0.0,0.0,0.0,0.0,0.0,3.4633,0.0,0.0,0.0476,1.0,0.0,0.0,1.0,1,http://bit.ly/abtym4y
43.0,27.0,8.0,2.0,2.0,0.0,3.0,0.0,0.0,1.0,0.0,0.0,0.0,1.0,1.0,4.2573,0.0,0.0,0.0,0.0,1.0,1.0,1.0,1,https://amazon-account.web-fsdp.xyz/account
39.0,22.0,10.0,2.0,2.0,0.0,3.0,2.0,0.0,0.0,0.0,0.0,0.0,0.0,1.0,3.9746,0.0,0.0,0.0513,0.0,1.0,0.0,1.0,1,http://google-login-lm28x.com/login.php
59.0,20.0,17.0,1.0,1.0,0.0,4.0,5.0,2.0,0.0,1.0,0.0,0.0,1.0,1.0,4.717,0.0,0.0,0.0847,0.0,1.0,1.0,2.0,1,https://pob14rv6-wallet.work/microsoft/wallet?id=t5zdtqgj9o
25.0,11.0,6.0,1.0,0.0,0.0,3.0,0.0,0.0,0.0,0.0,0.0,0.0,1.0,0.0,3.8333,0.0,0.0,0.0,0.0,0.0,0.0,1.0,0,https://shopify.com/about
39.0,13.0,19.0,3.0,0.0,0.0,5.0,10.0,0.0,0.0,0.0,1.0,0.0,0.0,1.0,4.1798,0.0,0.0,0.2564,0.0,0.0,0.0,3.0,1,http://50.140.102.49/suspend/apple/gauc
39.0,10.0,21.0,1.0,1.0,0.0,4.0,0.0,0.0,0.0,0.0,0.0,0.0,1.0,0.0,4.0249,0.0,0.0,0.0,0.0,0.0,0.0,2.0,0,https://gitlab.com/docs/getting-started
42.0,23.0,11.0,2.0,2.0,0.0,3.0,2.0,0.0,0.0,0.0,0.0,0.0,1.0,1.0,4.1096,0.0,0.0,0.0476,0.0,1.0,0.0,1.0,1,https://google-update-r07go.com/update.php
49.0,17.0,24.0,1.0,1.0,0.0,5.0,4.0,0.0,0.0,0.0,0.0,0.0,1.0,0.0,4.4416,0.0,0.0,0.0816,0.0,0.0,0.0,3.0,0,https://stackoverflow.com/blog/2024/annual-report
45.0,29.0,8.0,2.0,2.0,0.0,3.0,0.0,0.0,1.0,0.0,0.0,0.0,1.0,1.0,4.2144,0.0,0.0,0.0,0.0,1.0,1.0,1.0,1,https://wellsfargo-recover.id-cojw.tk/recover
21.0,6.0,8.0,1.0,0.0,0.0,3.0,3.0,0.0,0.0,0.0,0.0,0.0,0.0,0.0,3.749,0.0,0.0,0.1429,1.0,0.0,0.0,1.0,1,http://bit.ly/w7h75ax
42.0,23.0,12.0,2.0,2.0,0.0,3.0,4.0,0.0,0.0,0.0,0.0,0.0,0.0,1.0,3.9464,0.0,0.0,0.0952,0.0,1.0,0.0,1.0,1,http://apple-recover-1c646.com/recover.php
45.0,31.0,7.0,2.0,2.0,0.0,3.0,2.0,0.0,1.0,0.0,0.0,0.0,0.0,1.0,4.1023,0.0,0.0,0.0444,0.0,1.0,1.0,1.0,1,http://instagram-secure.center-h80k.ga/secure
34.0,13.0,13.0,1.0,0.0,0.0,4.0,0.0,0.0,0.0,0.0,0.0,0.0,1.0,0.0,3.9842,0.0,0.0,0.0,0.0,0.0,0.0,2.0,0,https://atlassian.com/user/profile
43.0,14.0,21.0,2.0,1.0,0.0,4.0,0.0,0.0,1.0,0.0,0.0,0.0,1.0,0.0,4.0153,0.0,0.0,0.0,0.0,0.0,0.0,2.0,0,https://www.python.org/docs/getting-started
21.0,6.0,8.0,1.0,0.0,0.0,3.0,3.0,0.0,0.0,0.0,0.0,0.0,0.0,0.0,3.8442,0.0,0.0,0.1429,1.0,0.0,0.0,1.0,1,http://bit.ly/m98ai5n
38.0,13.0,17.0,2.0,0.0,0.0,4.0,0.0,0.0,1.0,0.0,0.0,0.0,1.0,1.0,4.0208,0.0,0.0,0.0,0.0,0.0,0.0,2.0,0,https://www.quora.com/account/settings
58.0,21.0,15.0,1.0,1.0,0.0,4.0,4.0,2.0,0.0,1.0,0.0,0.0,1.0,1.0,4.6012,0.0,0.0,0.069,0.0,1.0,1.0,2.0,1,https://crxrqaht-banking.work/amazon/banking?id=uql23b2a3c
41.0,9.0,24.0,1.0,1.0,0.0,5.0,4.0,0.0,0.0,0.0,0.0,0.0,1.0,0.0,4.2203,0.0,0.0,0.0976,0.0,0.0,0.0,3.0,0,https://apple.com/blog/2024/annual-report
38.0,16.0,14.0,1.0,0.0,0.0,5.0,1.0,0.0,0.0,0.0,0.0,0.0,1.0,0.0,4.0182,0.0,0.0,0.0263,0.0,0.0,0.0,3.0,0,https://digitalocean.com/api/v1/status
31.0,9.0,14.0,1.0,0.0,0.0,5.0,1.0,0.0,0.0,0.0,0.0,0.0,1.0,0.0,3.7166,0.0,0.0,0.0323,0.0,0.0,0.0,3.0,0,https://chase.com/api/v1/status
30.0,11.0,11.0,1.0,1.0,0.0,3.0,0.0,0.0,0.0,0.0,0.0,0.0,1.0,0.0,3.8729,0.0,0.0,0.0,0.0,0.0,0.0,1.0,0,https://shopify.com/contact-us
41.0,16.0,17.0,2.0,0.0,0.0,4.0,0.0,0.0,1.0,0.0,0.0,0.0,1.0,1.0,3.9276,0.0,0.0,0.0,0.0,0.0,0.0,2.0,0,https://www.coursera.org/account/settings
46.0,13.0,7.0,1.0,0.0,0.0,3.0,0.0,3.0,0.0,1.0,0.0,0.0,1.0,0.0,4.1891,0.0,0.0,0.0,0.0,0.0,0.0,1.0,0,https://atlassian.com/search?q=python+tutorial
30.0,9.0,13.0,1.0,0.0,0.0,4.0,0.0,0.0,0.0,0.0,0.0,0.0,1.0,0.0,3.9232,0.0,0.0,0.0,0.0,0.0,0.0,2.0,0,https://chase.com/user/profile
39.0,14.0,17.0,1.0,0.0,0.0,4.0,0.0,0.0,0.0,0.0,0.0,0.0,1.0,1.0,4.0772,0.0,0.0,0.0,0.0,0.0,0.0,2.0,0,https://wellsfargo.com/account/settings
49.0,34.0,8.0,2.0,2.0,0.0,3.0,0.0,0.0,1.0,0.0,0.0,0.0,0.0,1.0,3.9618,0.0,0.0,0.0,0.0,1.0,1.0,1.0,1,http://microsoft-recover.session-uhvn.top/recover
43.0,11.0,24.0,1.0,1.0,0.0,5.0,4.0,0.0,0.0,0.0,0.0,0.0,1.0,0.0,4.2199,0.0,0.0,0.093,0.0,0.0,0.0,3.0,0,https://outlook.com/blog/2024/annual-report
39.0,14.0,17.0,2.0,0.0,0.0,4.0,0.0,0.0,1.0,0.0,0.0,0.0,1.0,1.0,3.9872,0.0,0.0,0.0,0.0,0.0,0.0,2.0,0,https://www.medium.com/account/settings
25.0,17.0,0.0,2.0,0.0,0.0,2.0,0.0,0.0,1.0,0.0,0.0,0.0,1.0,0.0,3.8137,0.0,0.0,0.0,0.0,0.0,0.0,0.0,0,https://www.wikipedia.org
27.0,11.0,8.0,2.0,0.0,0.0,3.0,0.0,0.0,1.0,0.0,0.0,0.0,1.0,0.0,3.7821,0.0,0.0,0.0,0.0,0.0,0.0,1.0,0,https://www.irs.gov/pricing
47.0,27.0,12.0,2.0,2.0,0.0,3.0,7.0,0.0,0.0,0.0,0.0,0.0,1.0,1.0,4.2381,0.0,0.0,0.1489,0.0,1.0,0.0,1.0,1,https://office365-recover-797v2.com/recover.php
20.0,5.0,8.0,1.0,0.0,0.0,3.0,3.0,0.0,0.0,0.0,0.0,0.0,0.0,0.0,3.6842,0.0,0.0,0.15,1.0,0.0,0.0,1.0,1,http://is.gd/a4i3do3
41.0,12.0,22.0,3.0,0.0,0.0,5.0,10.0,0.0,0.0,0.0,1.0,0.0,0.0,1.0,4.3482,0.0,0.0,0.2439,0.0,0.0,0.0,3.0,1,http://84.44.25.218/password/netflix/o8ou
31.0,15.0,8.0,1.0,0.0,0.0,4.0,0.0,0.0,0.0,0.0,0.0,0.0,1.0,0.0,4.0424,0.0,0.0,0.0,0.0,0.0,0.0,2.0,0,https://khanacademy.org/en/help
58.0,18.0,18.0,1.0,1.0,0.0,4.0,7.0,2.0,0.0,1.0,0.0,0.0,1.0,1.0,4.6747,0.0,0.0,0.1207,0.0,1.0,1.0,2.0,1,https://pl36hvkp-signin.cf/wellsfargo/signin?id=3eac074ye0
45.0,12.0,7.0,1.0,0.0,0.0,3.0,0.0,3.0,0.0,1.0,0.0,0.0,1.0,0.0,4.1977,0.0,0.0,0.0,0.0,0.0,0.0,1.0,0,https://coursera.org/search?q=python+tutorial
32.0,16.0,8.0,2.0,0.0,0.0,3.0,0.0,0.0,1.0,0.0,0.0,0.0,1.0,0.0,3.7303,0.0,0.0,0.0,0.0,0.0,0.0,1.0,0,https://www.coursera.org/careers
55.0,20.0,14.0,1.0,1.0,0.0,4.0,4.0,2.0,0.0,1.0,0.0,0.0,0.0,1.0,4.4211,0.0,0.0,0.0727,0.0,1.0,1.0,2.0,1,http://kdnxac0g-signin.info/amazon/signin?id=6t64tjipur
29.0,13.0,8.0,2.0,0.0,0.0,4.0,0.0,0.0,1.0,0.0,0.0,0.0,1.0,0.0,3.7454,0.0,0.0,0.0,0.0,0.0,0.0,2.0,0,https://www.chase.com/en/help
42.0,10.0,24.0,1.0,1.0,0.0,5.0,4.0,0.0,0.0,0.0,0.0,0.0,1.0,0.0,4.336,0.0,0.0,0.0952,0.0,0.0,0.0,3.0,0,https://github.com/blog/2024/annual-report
47.0,27.0,12.0,2.0,2.0,0.0,3.0,3.0,0.0,0.0,0.0,0.0,0.0,1.0,1.0,4.3658,0.0,0.0,0.0638,0.0,1.0,0.0,1.0,1,https://office365-banking-npjkj.com/banking.php
49.0,29.0,13.0,2.0,2.0,0.0,3.0,0.0,0.0,0.0,0.0,0.0,0.0,0.0,1.0,4.1505,0.0,0.0,0.0,0.0,1.0,0.0,1.0,1,http://wellsfargo-password-giffd.com/password.php
58.0,20.0,17.0,1.0,1.0,0.0,4.0,8.0,2.0,0.0,1.0,0.0,0.0,0.0,1.0,4.742,0.0,0.0,0.1379,0.0,1.0,1.0,2.0,1,http://d2z81k31-wallet.work/microsoft/wallet?id=pol9n6ynn4
44.0,29.0,7.0,2.0,2.0,0.0,3.0,0.0,0.0,1.0,0.0,0.0,0.0,1.0,1.0,4.0055,0.0,0.0,0.0,0.0,1.0,1.0,1.0,1,https://google-update.gateway-bcbp.ga/update
43.0,11.0,24.0,1.0,1.0,0.0,5.0,4.0,0.0,0.0,0.0,0.0,0.0,1.0,0.0,4.3945,0.0,0.0,0.093,0.0,0.0,0.0,3.0,0,https://spotify.com/blog/2024/annual-report
19.0,10.0,1.0,1.0,0.0,0.0,3.0,0.0,0.0,0.0,0.0,0.0,0.0,1.0,0.0,3.5369,0.0,0.0,0.0,0.0,0.0,0.0,0.0,0,https://google.com/
21.0,6.0,8.0,1.0,0.0,0.0,3.0,3.0,0.0,0.0,0.0,0.0,0.0,0.0,0.0,3.5585,0.0,0.0,0.1429,1.0,0.0,0.0,1.0,1,http://bit.ly/6ly5h6k
25.0,9.0,8.0,1.0,0.0,0.0,3.0,0.0,0.0,0.0,0.0,0.0,0.0,1.0,0.0,3.7835,0.0,0.0,0.0,0.0,0.0,0.0,1.0,0,https://adobe.com/careers
32.0,10.0,14.0,1.0,0.0,0.0,5.0,1.0,0.0,0.0,0.0,0.0,0.0,1.0,0.0,3.7386,0.0,0.0,0.0312,0.0,0.0,0.0,3.0,0,https://paypal.com/api/v1/status
47.0,33.0,7.0,2.0,2.0,0.0,3.0,0.0,0.0,1.0,0.0,0.0,0.0,0.0,1.0,4.2242,0.0,0.0,0.0,0.0,1.0,1.0,1.0,1,http://microsoft-unlock.portal-xkjs.work/unlock
43.0,29.0,7.0,2.0,2.0,0.0,3.0,1.0,0.0,1.0,0.0,0.0,0.0,0.0,1.0,4.135,0.0,0.0,0.0233,0.0,1.0,1.0,1.0,1,http://instagram-update.team-8jlf.tk/update
21.0,12.0,1.0,1.0,0.0,0.0,3.0,0.0,0.0,0.0,0.0,0.0,0.0,1.0,0.0,3.8802,0.0,0.0,0.0,0.0,0.0,0.0,0.0,0,https://linkedin.com/
18.0,10.0,0.0,1.0,0.0,0.0,2.0,0.0,0.0,0.0,0.0,0.0,0.0,1.0,0.0,3.5724,0.0,0.0,0.0,0.0,0.0,0.0,0.0,0,https://paypal.com
44.0,24.0,12.0,2.0,2.0,0.0,3.0,3.0,0.0,0.0,0.0,0.0,0.0,1.0,1.0,4.0621,0.0,0.0,0.0682,0.0,1.0,0.0,1.0,1,https://paypal-account-032eh.com/account.php
41.0,14.0,20.0,3.0,0.0,0.0,5.0,12.0,0.0,0.0,0.0,1.0,0.0,0.0,1.0,4.3546,0.0,0.0,0.2927,0.0,0.0,0.0,3.0,1,http://203.182.77.187/suspend/google/di5r
37.0,16.0,13.0,1.0,0.0,0.0,4.0,0.0,0.0,0.0,0.0,0.0,0.0,1.0,0.0,4.1549,0.0,0.0,0.0,0.0,0.0,0.0,2.0,0,https://digitalocean.com/user/profile
40.0,11.0,21.0,2.0,1.0,0.0,4.0,0.0,0.0,1.0,0.0,0.0,0.0,1.0,0.0,4.0464,0.0,0.0,0.0,0.0,0.0,0.0,2.0,0,https://www.usa.gov/docs/getting-started
35.0,13.0,14.0,2.0,0.0,0.0,5.0,1.0,0.0,1.0,0.0,0.0,0.0,1.0,0.0,3.9329,0.0,0.0,0.0286,0.0,0.0,0.0,3.0,0,https://www.figma.com/api/v1/status
43.0,13.0,23.0,3.0,0.0,0.0,5.0,10.0,0.0,0.0,0.0,1.0,0.0,0.0,1.0,4.3243,0.0,0.0,0.2326,0.0,0.0,0.0,3.0,1,http://158.25.110.82/secure/wellsfargo/cmsr
42.0,23.0,11.0,2.0,2.0,0.0,3.0,1.0,0.0,0.0,0.0,0.0,0.0,1.0,1.0,4.1276,0.0,0.0,0.0238,0.0,1.0,0.0,1.0,1,https://google-update-2oksq.com/update.php
21.0,6.0,8.0,1.0,0.0,0.0,3.0,0.0,0.0,0.0,0.0,0.0,0.0,0.0,0.0,3.749,0.0,0.0,0.0,1.0,0.0,0.0,1.0,1,http://bit.ly/yxdofkf
43.0,14.0,22.0,3.0,0.0,0.0,5.0,17.0,0.0,0.0,0.0,1.0,0.0,0.0,1.0,4.377,0.0,0.0,0.3953,0.0,0.0,0.0,3.0,1,http://194.227.254.77/unlock/office365/2l90
36.0,17.0,11.0,2.0,1.0,0.0,3.0,0.0,0.0,1.0,0.0,0.0,0.0,1.0,0.0,3.8956,0.0,0.0,0.0,0.0,0.0,0.0,1.0,0,https://www.microsoft.com/contact-us
47.0,32.0,8.0,2.0,2.0,0.0,3.0,1.0,0.0,1.0,0.0,0.0,0.0,0.0,1.0,4.3232,0.0,0.0,0.0213,0.0,1.0,1.0,1.0,1,http://wellsfargo-invoice.web-qvs2.info/invoice
36.0,11.0,17.0,2.0,0.0,0.0,4.0,0.0,0.0,1.0,0.0,0.0,0.0,1.0,1.0,3.8956,0.0,0.0,0.0,0.0,0.0,0.0,2.0,0,https://www.npr.org/account/settings
21.0,12.0,1.0,1.0,0.0,0.0,3.0,0.0,0.0,0.0,0.0,0.0,0.0,1.0,0.0,3.749,0.0,0.0,0.0,0.0,0.0,0.0,0.0,0,https://stanford.edu/
59.0,19.0,18.0,1.0,1.0,0.0,4.0,8.0,2.0,0.0,1.0,0.0,0.0,1.0,1.0,4.6644,0.0,0.0,0.1356,0.0,1.0,1.0,2.0,1,https://f7q2jsj1-billing.tk/office365/billing?id=rlo0tk7eof
23.0,7.0,8.0,1.0,0.0,0.0,4.0,0.0,0.0,0.0,0.0,0.0,0.0,1.0,0.0,3.741,0.0,0.0,0.0,0.0,0.0,0.0,2.0,0,https://usa.gov/en/help
56.0,19.0,15.0,1.0,1.0,0.0,4.0,3.0,2.0,0.0,1.0,0.0,0.0,1.0,1.0,4.412,0.0,0.0,0.0536,0.0,1.0,1.0,2.0,1,https://lsra0nb0-login.work/coinbase/login?id=irr3ugoobu
30.0,14.0,8.0,2.0,0.0,0.0,4.0,0.0,0.0,1.0,0.0,0.0,0.0,1.0,0.0,3.7396,0.0,0.0,0.0,0.0,0.0,0.0,2.0,0,https://www.python.org/en/help
47.0,15.0,24.0,2.0,1.0,0.0,5.0,4.0,0.0,1.0,0.0,0.0,0.0,1.0,0.0,4.4006,0.0,0.0,0.0851,0.0,0.0,0.0,3.0,0,https://www.dropbox.com/blog/2024/annual-report
48.0,31.0,9.0,2.0,2.0,0.0,3.0,0.0,0.0,1.0,0.0,0.0,0.0,1.0,1.0,4.3635,0.0,0.0,0.0,0.0,1.0,1.0,1.0,1,https://facebook-password.team-vwkl.xyz/password
42.0,12.0,23.0,3.0,0.0,0.0,5.0,11.0,0.0,0.0,0.0,1.0,0.0,0.0,1.0,4.407,0.0,0.0,0.2619,0.0,0.0,0.0,3.0,1,http://16.2.195.232/recover/instagram/8ag4
57.0,21.0,14.0,1.0,1.0,0.0,4.0,3.0,2.0,0.0,1.0,0.0,0.0,1.0,1.0,4.4885,0.0,0.0,0.0526,0.0,1.0,1.0,2.0,1,https://9tgzct0f-unlock.click/google/unlock?id=vrdiegag4c
42.0,29.0,6.0,2.0,2.0,0.0,3.0,1.0,0.0,1.0,0.0,0.0,0.0,0.0,1.0,3.9784,0.0,0.0,0.0238,0.0,1.0,1.0,1.0,1,http://apple-login.online-cv4t.click/login
43.0,14.0,21.0,2.0,1.0,0.0,4.0,0.0,0.0,1.0,0.0,0.0,0.0,1.0,0.0,4.0362,0.0,0.0,0.0,0.0,0.0,0.0,2.0,0,https://www.google.com/docs/getting-started
43.0,23.0,12.0,2.0,2.0,0.0,3.0,0.0,0.0,0.0,0.0,0.0,0.0,1.0,1.0,3.9835,0.0,0.0,0.0,0.0,1.0,0.0,1.0,1,https://chase-invoice-cqvcb.com/invoice.php
42.0,10.0,24.0,1.0,1.0,0.0,5.0,4.0,0.0,0.0,0.0,0.0,0.0,1.0,0.0,4.2141,0.0,0.0,0.0952,0.0,0.0,0.0,3.0,0,https://google.com/blog/2024/annual-report
27.0,10.0,9.0,1.0,0.0,0.0,3.0,0.0,0.0,0.0,0.0,0.0,0.0,1.0,0.0,3.7821,0.0,0.0,0.0,0.0,0.0,0.0,1.0,0,https://medium.com/products
26.0,11.0,8.0,1.0,0.0,0.0,3.0,3.0,0.0,0.0,0.0,0.0,0.0,0.0,0.0,4.1039,0.0,0.0,0.1154,1.0,0.0,0.0,1.0,1,http://tinyurl.com/9y2h9ev
53.0,18.0,14.0,1.0,1.0,0.0,4.0,5.0,2.0,0.0,1.0,0.0,0.0,0.0,1.0,4.4349,0.0,0.0,0.0943,0.0,1.0,1.0,2.0,1,http://2vgilz2e-wallet.ml/amazon/wallet?id=og4xozi1r4
30.0,13.0,9.0,2.0,0.0,0.0,3.0,0.0,0.0,1.0,0.0,0.0,0.0,1.0,0.0,3.6314,0.0,0.0,0.0,0.0,0.0,0.0,1.0,0,https://www.twitch.tv/products
23.0,9.0,6.0,1.0,0.0,0.0,3.0,0.0,0.0,0.0,0.0,0.0,0.0,1.0,0.0,3.5555,0.0,0.0,0.0,0.0,0.0,0.0,1.0,0,https://twitch.tv/about
29.0,13.0,8.0,2.0,0.0,0.0,3.0,0.0,0.0,1.0,0.0,0.0,0.0,1.0,0.0,3.6933,0.0,0.0,0.0,0.0,0.0,0.0,1.0,0,https://www.chase.com/careers
30.0,9.0,13.0,1.0,0.0,0.0,4.0,0.0,0.0,0.0,0.0,0.0,0.0,1.0,0.0,3.8532,0.0,0.0,0.0,0.0,0.0,0.0,2.0,0,https://twitch.tv/user/profile
39.0,7.0,24.0,1.0,1.0,0.0,5.0,4.0,0.0,0.0,0.0,0.0,0.0,1.0,0.0,4.0898,0.0,0.0,0.1026,0.0,0.0,0.0,3.0,0,https://npr.org/blog/2024/annual-report
41.0,24.0,10.0,2.0,2.0,0.0,3.0,1.0,0.0,0.0,0.0,0.0,0.0,0.0,1.0,4.2387,0.0,0.0,0.0244,0.0,1.0,0.0,1.0,1,http://facebook-login-vkgf8.com/login.php
42.0,23.0,11.0,2.0,2.0,0.0,3.0,1.0,0.0,0.0,0.0,0.0,0.0,1.0,1.0,4.062,0.0,0.0,0.0238,0.0,1.0,0.0,1.0,1,https://amazon-signin-aady7.com/signin.php
46.0,30.0,9.0,2.0,2.0,0.0,3.0,1.0,0.0,1.0,0.0,0.0,0.0,0.0,1.0,4.0401,0.0,0.0,0.0217,0.0,1.0,1.0,1.0,1,http://google-password.portal-4xpy.ga/password
56.0,18.0,16.0,1.0,1.0,0.0,4.0,8.0,2.0,0.0,1.0,0.0,0.0,1.0,1.0,4.7229,0.0,0.0,0.1429,0.0,1.0,1.0,2.0,1,https://8z86oc1i-unlock.cf/facebook/unlock?id=qz4j72e1be
39.0,17.0,14.0,2.0,0.0,0.0,5.0,1.0,0.0,1.0,0.0,0.0,0.0,1.0,0.0,3.8189,0.0,0.0,0.0256,0.0,0.0,0.0,3.0,0,https://www.atlassian.com/api/v1/status
44.0,15.0,22.0,3.0,0.0,0.0,5.0,12.0,0.0,0.0,0.0,1.0,0.0,0.0,1.0,4.2439,0.0,0.0,0.2727,0.0,0.0,0.0,3.0,1,http://252.162.152.244/banking/coinbase/icus
48.0,32.0,8.0,2.0,2.0,0.0,3.0,5.0,0.0,1.0,0.0,0.0,0.0,1.0,1.0,4.3874,0.0,0.0,0.1042,0.0,1.0,1.0,1.0,1,https://office365-recover.portal-8y7k.ga/recover
34.0,12.0,14.0,1.0,0.0,0.0,5.0,1.0,0.0,0.0,0.0,0.0,0.0,1.0,0.0,3.8192,0.0,0.0,0.0294,0.0,0.0,0.0,3.0,0,https://coursera.org/api/v1/status
31.0,10.0,13.0,1.0,0.0,0.0,4.0,0.0,0.0,0.0,0.0,0.0,0.0,1.0,0.0,3.8489,0.0,0.0,0.0,0.0,0.0,0.0,2.0,0,https://office.com/user/profile
44.0,25.0,11.0,2.0,2.0,0.0,3.0,0.0,0.0,0.0,0.0,0.0,0.0,1.0,1.0,4.1552,0.0,0.0,0.0,0.0,1.0,0.0,1.0,1,https://coinbase-update-hrsbk.com/update.php
20.0,5.0,8.0,1.0,0.0,0.0,3.0,2.0,0.0,0.0,0.0,0.0,0.0,0.0,0.0,3.8842,0.0,0.0,0.1,1.0,0.0,0.0,1.0,1,http://is.gd/rq6v0qw
43.0,25.0,11.0,2.0,2.0,0.0,3.0,0.0,0.0,0.0,0.0,0.0,0.0,0.0,1.0,4.2047,0.0,0.0,0.0,0.0,1.0,0.0,1.0,1,http://facebook-wallet-wiugz.com/wallet.php
21.0,6.0,8.0,1.0,0.0,0.0,3.0,1.0,0.0,0.0,0.0,0.0,0.0,0.0,0.0,3.749,0.0,0.0,0.0476,1.0,0.0,0.0,1.0,1,http://bit.ly/3kkisdx
38.0,9.0,21.0,1.0,1.0,0.0,4.0,0.0,0.0,0.0,0.0,0.0,0.0,1.0,0.0,4.0632,0.0,0.0,0.0,0.0,0.0,0.0,2.0,0,https://quora.com/docs/getting-started
43.0,10.0,7.0,1.0,0.0,0.0,3.0,0.0,3.0,0.0,1.0,0.0,0.0,1.0,0.0,4.284,0.0,0.0,0.0,0.0,0.0,0.0,1.0,0,https://amazon.com/search?q=python+tutorial
41.0,14.0,20.0,3.0,0.0,0.0,5.0,12.0,0.0,0.0,0.0,1.0,0.0,0.0,1.0,4.3362,0.0,0.0,0.2927,0.0,0.0,0.0,3.0,1,http://228.170.31.252/invoice/paypal/j1vb
20.0,5.0,8.0,1.0,0.0,0.0,3.0,2.0,0.0,0.0,0.0,0.0,0.0,0.0,0.0,3.7842,0.0,0.0,0.1,1.0,0.0,0.0,1.0,1,http://is.gd/eg92ion
28.0,12.0,8.0,1.0,0.0,0.0,4.0,0.0,0.0,0.0,0.0,0.0,0.0,1.0,0.0,3.8249,0.0,0.0,0.0,0.0,0.0,0.0,2.0,0,https://linkedin.com/en/help
24.0,16.0,0.0,2.0,0.0,0.0,2.0,0.0,0.0,1.0,0.0,0.0,0.0,1.0,0.0,3.8554,0.0,0.0,0.0,0.0,0.0,0.0,0.0,0,https://www.stanford.edu
31.0,11.0,12.0,1.0,0.0,0.0,4.0,0.0,0.0,0.0,0.0,0.0,0.0,1.0,0.0,3.8858,0.0,0.0,0.0,0.0,0.0,0.0,2.0,0,https://netflix.com/news/latest
58.0,19.0,18.0,1.0,1.0,0.0,4.0,7.0,2.0,0.0,1.0,0.0,0.0,0.0,1.0,4.647,0.0,0.0,0.1207,0.0,1.0,1.0,2.0,1,http://201qia2y-recover.gq/instagram/recover?id=nj4envn9z4
47.0,15.0,24.0,2.0,1.0,0.0,5.0,4.0,0.0,1.0,0.0,0.0,0.0,1.0,0.0,4.3497,0.0,0.0,0.0851,0.0,0.0,0.0,3.0,0,https://www.mozilla.org/blog/2024/annual-report
20.0,12.0,0.0,2.0,0.0,0.0,2.0,0.0,0.0,1.0,0.0,0.0,0.0,1.0,0.0,3.5464,0.0,0.0,0.0,0.0,0.0,0.0,0.0,0,https://www.etsy.com
21.0,6.0,8.0,1.0,0.0,0.0,3.0,2.0,0.0,0.0,0.0,0.0,0.0,0.0,0.0,3.8442,0.0,0.0,0.0952,1.0,0.0,0.0,1.0,1,http://bit.ly/fqw4z6p
42.0,13.0,21.0,3.0,1.0,0.0,4.0,0.0,0.0,2.0,0.0,0.0,0.0,1.0,0.0,4.1416,0.0,0.0,0.0,0.0,0.0,0.0,2.0,0,https://www.bbc.co.uk/docs/getting-started
40.0,15.0,18.0,3.0,0.0,0.0,5.0,13.0,0.0,0.0,0.0,1.0,0.0,0.0,1.0,3.9037,0.0,0.0,0.325,0.0,0.0,0.0,3.0,1,http://112.149.221.154/login/google/y2no
20.0,5.0,8.0,1.0,0.0,0.0,3.0,0.0,0.0,0.0,0.0,0.0,0.0,0.0,0.0,3.6464,0.0,0.0,0.0,1.0,0.0,0.0,1.0,1,http://is.gd/oqygigk
25.0,9.0,8.0,1.0,0.0,0.0,3.0,0.0,0.0,0.0,0.0,0.0,0.0,1.0,0.0,3.5329,0.0,0.0,0.0,0.0,0.0,0.0,1.0,0,https://notion.so/pricing
26.0,11.0,8.0,1.0,0.0,0.0,3.0,2.0,0.0,0.0,0.0,0.0,0.0,0.0,0.0,4.1039,0.0,0.0,0.0769,1.0,0.0,0.0,1.0,1,http://tinyurl.com/wiqr4h0
39.0,22.0,10.0,2.0,2.0,0.0,3.0,1.0,0.0,0.0,0.0,0.0,0.0,0.0,1.0,3.9872,0.0,0.0,0.0256,0.0,1.0,0.0,1.0,1,http://google-login-i8weu.com/login.php
58.0,19.0,18.0,1.0,1.0,0.0,4.0,5.0,2.0,0.0,1.0,0.0,0.0,0.0,1.0,4.5238,0.0,0.0,0.0862,0.0,1.0,1.0,2.0,1,http://0ygjn5sd-suspend.gq/instagram/suspend?id=54rpolu1ln
44.0,29.0,8.0,2.0,2.0,0.0,3.0,3.0,0.0,1.0,0.0,0.0,0.0,0.0,1.0,4.2327,0.0,0.0,0.0682,0.0,1.0,1.0,1.0,1,http://office365-account.id-jzmj.top/account
22.0,14.0,0.0,1.0,0.0,0.0,2.0,0.0,0.0,0.0,0.0,0.0,0.0,1.0,0.0,3.7888,0.0,0.0,0.0,0.0,0.0,0.0,0.0,0,https://salesforce.com
50.0,33.0,9.0,2.0,2.0,0.0,3.0,2.0,0.0,1.0,0.0,0.0,0.0,1.0,1.0,4.0987,0.0,0.0,0.04,0.0,1.0,1.0,1.0,1,https://paypal-password.portal-i3w5.click/password
49.0,33.0,8.0,2.0,2.0,0.0,3.0,3.0,0.0,1.0,0.0,0.0,0.0,1.0,1.0,4.1733,0.0,0.0,0.0612,0.0,1.0,1.0,1.0,1,https://office365-suspend.session-eijg.ga/suspend
21.0,13.0,0.0,2.0,0.0,0.0,2.0,0.0,0.0,1.0,0.0,0.0,0.0,1.0,0.0,3.5945,0.0,0.0,0.0,0.0,0.0,0.0,0.0,0,https://www.chase.com
38.0,9.0,21.0,2.0,1.0,0.0,4.0,0.0,0.0,1.0,0.0,0.0,0.0,1.0,0.0,4.0632,0.0,0.0,0.0,0.0,0.0,0.0,2.0,0,https://bbc.co.uk/docs/getting-started
58.0,20.0,16.0,1.0,1.0,0.0,4.0,5.0,2.0,0.0,1.0,0.0,0.0,1.0,1.0,4.6188,0.0,0.0,0.0862,0.0,1.0,1.0,2.0,1,https://16c96ejy-verify.info/facebook/verify?id=v2rjjmfyrz
26.0,7.0,11.0,1.0,1.0,0.0,3.0,0.0,0.0,0.0,0.0,0.0,0.0,1.0,0.0,3.6903,0.0,0.0,0.0,0.0,0.0,0.0,1.0,0,https://zoom.us/contact-us
42.0,15.0,20.0,3.0,0.0,0.0,5.0,15.0,0.0,0.0,0.0,1.0,0.0,0.0,1.0,4.0377,0.0,0.0,0.3571,0.0,0.0,0.0,3.0,1,http://196.197.216.111/billing/paypal/5c69
47.0,32.0,8.0,2.0,2.0,0.0,3.0,1.0,0.0,1.0,0.0,0.0,0.0,0.0,1.0,4.0685,0.0,0.0,0.0213,0.0,1.0,1.0,1.0,1,http://instagram-banking.app-7kxk.click/banking
50.0,17.0,7.0,2.0,0.0,0.0,3.0,0.0,3.0,1.0,1.0,0.0,0.0,1.0,0.0,4.29,0.0,0.0,0.0,0.0,0.0,0.0,1.0,0,https://www.pinterest.com/search?q=python+tutorial
55.0,20.0,14.0,1.0,1.0,0.0,4.0,8.0,2.0,0.0,1.0,0.0,0.0,0.0,1.0,4.781,0.0,0.0,0.1455,0.0,1.0,1.0,2.0,1,http://qx67z4kw-secure.work/amazon/secure?id=j6u7xy5k74
18.0,10.0,0.0,1.0,0.0,0.0,2.0,0.0,0.0,0.0,0.0,0.0,0.0,1.0,0.0,3.6835,0.0,0.0,0.0,0.0,0.0,0.0,0.0,0,https://github.com
26.0,11.0,8.0,1.0,0.0,0.0,3.0,2.0,0.0,0.0,0.0,0.0,0.0,0.0,0.0,4.2578,0.0,0.0,0.0769,1.0,0.0,0.0,1.0,1,http://tinyurl.com/xka87gr
40.0,15.0,17.0,2.0,0.0,0.0,4.0,0.0,0.0,1.0,0.0,0.0,0.0,1.0,1.0,4.1251,0.0,0.0,0.0,0.0,0.0,0.0,2.0,0,https://www.dropbox.com/account/settings
53.0,18.0,14.0,1.0,1.0,0.0,4.0,7.0,2.0,0.0,1.0,0.0,0.0,0.0,1.0,4.5913,0.0,0.0,0.1321,0.0,1.0,1.0,2.0,1,http://99jpkuxp-wallet.gq/google/wallet?id=8nu9tr0h53
26.0,10.0,8.0,1.0,0.0,0.0,3.0,0.0,0.0,0.0,0.0,0.0,0.0,1.0,0.0,3.921,0.0,0.0,0.0,0.0,0.0,0.0,1.0,0,https://gitlab.com/pricing
27.0,13.0,6.0,2.0,0.0,0.0,3.0,0.0,0.0,1.0,0.0,0.0,0.0,1.0,0.0,3.8562,0.0,0.0,0.0,0.0,0.0,0.0,1.0,0,https://www.slack.com/about
43.0,11.0,24.0,1.0,1.0,0.0,5.0,4.0,0.0,0.0,0.0,0.0,0.0,1.0,0.0,4.322,0.0,0.0,0.093,0.0,0.0,0.0,3.0,0,https://dropbox.com/blog/2024/annual-report
39.0,12.0,20.0,3.0,0.0,0.0,5.0,10.0,0.0,0.0,0.0,1.0,0.0,0.0,1.0,4.2823,0.0,0.0,0.2564,0.0,0.0,0.0,3.0,1,http://6.23.214.217/verify/netflix/5mlt
26.0,11.0,8.0,1.0,0.0,0.0,3.0,1.0,0.0,0.0,0.0,0.0,0.0,0.0,0.0,3.892,0.0,0.0,0.0385,1.0,0.0,0.0,1.0,1,http://tinyurl.com/lucsuc6
42.0,28.0,7.0,2.0,2.0,0.0,3.0,1.0,0.0,1.0,0.0,0.0,0.0,0.0,1.0,4.1596,0.0,0.0,0.0238,0.0,1.0,1.0,1.0,1,http://paypal-verify.auth-q2pf.info/verify
41.0,23.0,11.0,2.0,2.0,0.0,3.0,1.0,0.0,0.0,0.0,0.0,0.0,0.0,1.0,4.3083,0.0,0.0,0.0244,0.0,1.0,0.0,1.0,1,http://amazon-verify-nha0g.com/verify.php
26.0,11.0,8.0,1.0,0.0,0.0,3.0,2.0,0.0,0.0,0.0,0.0,0.0,0.0,0.0,4.027,0.0,0.0,0.0769,1.0,0.0,0.0,1.0,1,http://tinyurl.com/yqpo93l
54.0,19.0,14.0,1.0,1.0,0.0,4.0,2.0,2.0,0.0,1.0,0.0,0.0,0.0,1.0,4.3589,0.0,0.0,0.037,0.0,1.0,1.0,2.0,1,http://skpjhwsd-wallet.top/google/wallet?id=epfvnvd01l
48.0,28.0,12.0,2.0,2.0,0.0,3.0,1.0,0.0,0.0,0.0,0.0,0.0,1.0,1.0,4.3239,0.0,0.0,0.0208,0.0,1.0,0.0,1.0,1,https://wellsfargo-invoice-nr8gs.com/invoice.php
30.0,13.0,9.0,3.0,0.0,0.0,3.0,0.0,0.0,2.0,0.0,0.0,0.0,1.0,0.0,3.7811,0.0,0.0,0.0,0.0,0.0,0.0,1.0,0,https://www.bbc.co.uk/products
33.0,13.0,12.0,1.0,0.0,0.0,4.0,0.0,0.0,0.0,0.0,0.0,0.0,1.0,0.0,3.8818,0.0,0.0,0.0,0.0,0.0,0.0,2.0,0,https://microsoft.com/news/latest
20.0,5.0,8.0,1.0,0.0,0.0,3.0,2.0,0.0,0.0,0.0,0.0,0.0,0.0,0.0,3.7842,0.0,0.0,0.1,1.0,0.0,0.0,1.0,1,http://is.gd/qg8fpx6
58.0,19.0,17.0,1.0,1.0,0.0,4.0,3.0,2.0,0.0,1.0,0.0,0.0,1.0,1.0,4.5385,0.0,0.0,0.0517,0.0,1.0,1.0,2.0,1,https://4izlb6rz-unlock.xyz/microsoft/unlock?id=4ikxtnuxfz
46.0,30.0,8.0,2.0,2.0,0.0,3.0,2.0,0.0,1.0,0.0,0.0,0.0,1.0,1.0,4.1785,0.0,0.0,0.0435,0.0,1.0,1.0,1.0,1,https://amazon-invoice.session-w1c5.ml/invoice
48.0,32.0,8.0,2.0,2.0,0.0,3.0,4.0,0.0,1.0,0.0,0.0,0.0,1.0,1.0,4.2228,0.0,0.0,0.0833,0.0,1.0,1.0,1.0,1,https://office365-invoice.mobile-t1je.cf/invoice
20.0,5.0,8.0,1.0,0.0,0.0,3.0,1.0,0.0,0.0,0.0,0.0,0.0,0.0,0.0,3.6842,0.0,0.0,0.05,1.0,0.0,0.0,1.0,1,http://is.gd/8ruirdm
38.0,14.0,17.0,3.0,0.0,0.0,5.0,11.0,0.0,0.0,0.0,1.0,0.0,0.0,1.0,4.3237,0.0,0.0,0.2895,0.0,0.0,0.0,3.0,1,http://223.83.200.102/login/chase/bmxz
31.0,17.0,6.0,2.0,0.0,0.0,3.0,0.0,0.0,1.0,0.0,0.0,0.0,1.0,0.0,3.9503,0.0,0.0,0.0,0.0,0.0,0.0,1.0,0,https://www.pinterest.com/about
17.0,8.0,1.0,1.0,0.0,0.0,3.0,0.0,0.0,0.0,0.0,0.0,0.0,1.0,0.0,3.4104,0.0,0.0,0.0,0.0,0.0,0.0,0.0,0,https://etsy.com/
20.0,5.0,8.0,1.0,0.0,0.0,3.0,6.0,0.0,0.0,0.0,0.0,0.0,0.0,0.0,3.6842,0.0,0.0,0.3,1.0,0.0,0.0,1.0,1,http://is.gd/1997h47
31.0,11.0,12.0,2.0,0.0,0.0,4.0,0.0,0.0,1.0,0.0,0.0,0.0,1.0,0.0,3.7929,0.0,0.0,0.0,0.0,0.0,0.0,2.0,0,https://www.irs.gov/news/latest
59.0,21.0,17.0,1.0,1.0,0.0,4.0,6.0,2.0,0.0,1.0,0.0,0.0,0.0,1.0,4.5499,0.0,0.0,0.1017,0.0,1.0,1.0,2.0,1,http://wl484mas-unlock.click/microsoft/unlock?id=91lueulh2t
43.0,11.0,24.0,1.0,1.0,0.0,5.0,4.0,0.0,0.0,0.0,0.0,0.0,1.0,0.0,4.4059,0.0,0.0,0.093,0.0,0.0,0.0,3.0,0,https://netflix.com/blog/2024/annual-report
44.0,14.0,23.0,3.0,0.0,0.0,5.0,14.0,0.0,0.0,0.0,1.0,0.0,0.0,1.0,4.1641,0.0,0.0,0.3182,0.0,0.0,0.0,3.0,1,http://45.208.244.236/confirm/office365/ciii
45.0,27.0,11.0,2.0,2.0,0.0,3.0,2.0,0.0,0.0,0.0,0.0,0.0,0.0,1.0,4.447,0.0,0.0,0.0444,0.0,1.0,0.0,1.0,1,http://wellsfargo-unlock-4dj0t.com/unlock.php
21.0,6.0,8.0,1.0,0.0,0.0,3.0,3.0,0.0,0.0,0.0,0.0,0.0,0.0,0.0,3.6538,0.0,0.0,0.1429,1.0,0.0,0.0,1.0,1,http://bit.ly/1o8ph6l
25.0,11.0,6.0,1.0,0.0,0.0,3.0,0.0,0.0,0.0,0.0,0.0,0.0,1.0,0.0,4.0537,0.0,0.0,0.0,0.0,0.0,0.0,1.0,0,https://netflix.com/about
21.0,6.0,8.0,1.0,0.0,0.0,3.0,1.0,0.0,0.0,0.0,0.0,0.0,0.0,0.0,3.8442,0.0,0.0,0.0476,1.0,0.0,0.0,1.0,1,http://bit.ly/youndx3
30.0,14.0,8.0,2.0,0.0,0.0,3.0,0.0,0.0,1.0,0.0,0.0,0.0,1.0,0.0,3.9396,0.0,0.0,0.0,0.0,0.0,0.0,1.0,0,https://www.medium.com/careers
31.0,11.0,12.0,1.0,0.0,0.0,4.0,0.0,0.0,0.0,0.0,0.0,0.0,1.0,0.0,3.7811,0.0,0.0,0.0,0.0,0.0,0.0,2.0,0,https://outlook.com/news/latest
24.0,10.0,6.0,1.0,0.0,0.0,3.0,0.0,0.0,0.0,0.0,0.0,0.0,1.0,0.0,3.8868,0.0,0.0,0.0,0.0,0.0,0.0,1.0,0,https://reddit.com/about
30.0,9.0,13.0,2.0,0.0,0.0,4.0,0.0,0.0,1.0,0.0,0.0,0.0,1.0,0.0,3.9736,0.0,0.0,0.0,0.0,0.0,0.0,2.0,0,https://bbc.co.uk/user/profile
22.0,14.0,0.0,2.0,0.0,0.0,2.0,0.0,0.0,1.0,0.0,0.0,0.0,1.0,0.0,3.7544,0.0,0.0,0.0,0.0,0.0,0.0,0.0,0,https://www.medium.com
43.0,12.0,24.0,3.0,0.0,0.0,5.0,10.0,0.0,0.0,0.0,1.0,0.0,0.0,1.0,4.3419,0.0,0.0,0.2326,0.0,0.0,0.0,3.0,1,http://116.6.246.63/recover/wellsfargo/0mct
54.0,20.0,13.0,1.0,1.0,0.0,4.0,3.0,2.0,0.0,1.0,0.0,0.0,0.0,1.0,4.5282,0.0,0.0,0.0556,0.0,1.0,1.0,2.0,1,http://ikyi1hfs-secure.info/chase/secure?id=jqn0iv9urj
61.0,21.0,18.0,1.0,1.0,0.0,4.0,4.0,2.0,0.0,1.0,0.0,0.0,1.0,1.0,4.4594,0.0,0.0,0.0656,0.0,1.0,1.0,2.0,1,https://tiuwhp1c-recover.work/microsoft/recover?id=d7u8g6hcsu
30.0,11.0,11.0,1.0,1.0,0.0,3.0,0.0,0.0,0.0,0.0,0.0,0.0,1.0,0.0,3.9232,0.0,0.0,0.0,0.0,0.0,0.0,1.0,0,https://dropbox.com/contact-us
55.0,19.0,15.0,1.0,1.0,0.0,4.0,9.0,2.0,0.0,1.0,0.0,0.0,0.0,1.0,4.7762,0.0,0.0,0.1636,0.0,1.0,1.0,2.0,1,http://61n8xv99-confirm.ml/google/confirm?id=fu34kgy97c
48.0,15.0,7.0,2.0,0.0,0.0,3.0,0.0,3.0,1.0,1.0,0.0,0.0,1.0,0.0,4.3499,0.0,0.0,0.0,0.0,0.0,0.0,1.0,0,https://www.nytimes.com/search?q=python+tutorial
43.0,29.0,7.0,2.0,2.0,0.0,3.0,0.0,0.0,1.0,0.0,0.0,0.0,0.0,1.0,4.0443,0.0,0.0,0.0,0.0,1.0,1.0,1.0,1,http://google-secure.gateway-erlh.ml/secure
41.0,26.0,8.0,2.0,2.0,0.0,3.0,0.0,0.0,1.0,0.0,0.0,0.0,0.0,1.0,3.9948,0.0,0.0,0.0,0.0,1.0,1.0,1.0,1,http://chase-account.team-slkz.cf/account
45.0,26.0,11.0,2.0,2.0,0.0,3.0,3.0,0.0,0.0,0.0,0.0,0.0,1.0,1.0,4.369,0.0,0.0,0.0667,0.0,1.0,0.0,1.0,1,https://office365-verify-ovwau.com/verify.php
